index,tic,period,t0,duration,duration_hours,depth,depth_ppt,depth_err,power,snr,sigma_oot,mad_oot,n_transits,n_in_transit,n_out_transit,min_points_per_transit,median_points_per_transit,n_points
12908,816736865,0.8949777084828162,2459283.3556892592,0.08333333333333333,2.0,0.03800944035569998,38.00944035569998,0.07149353256085755,0.15602949606457953,320.1805237657884,0.0017447107622633792,0.001176791287106016,18,216,2076,12,12.0,2292
14564,847480908,2.2284177007974613,2459283.9570786473,0.125,3.0,0.07208225856379503,72.08225856379504,0.09568728928363891,0.29876148998032365,309.14221118033504,0.002500454736005058,0.001686533613924901,7,115,2172,7,18.0,2287
14722,871636380,2.647595979909538,2459284.5265225926,0.125,3.0,0.04460665424475733,44.60665424475733,0.09164163057033695,0.1253544769834136,295.0019269101118,0.0016973057000236817,0.0011448170106729272,7,126,2166,18,18.0,2292
13576,859267560,3.1192871600021648,2459283.822355926,0.20833333333333337,5.000000000000001,0.03207333957818223,32.07333957818223,0.0844601685689565,0.0771524333773043,231.3751039748315,0.0016977478337968693,0.0011451152258173947,5,150,2142,30,30.0,2292
14320,860246735,17.118977458525006,2459287.218189259,0.20833333333333337,5.000000000000001,0.04607635902702887,46.07635902702887,0.13082314527827937,0.06369092583562994,214.24996070785127,0.0016658390095006174,0.0011235930186838106,2,60,2232,30,30.0,2292
9377,737375112,1.0904901288197273,2459283.1015225924,0.0625,1.5,0.09604472832593461,96.04472832593461,0.09096486799238736,0.5903737497089655,181.8523879854411,0.005975297169211781,0.004030282725760004,15,128,2164,2,9.0,2292
12426,814296972,2.4340921933134387,2459284.9890225925,0.20833333333333337,5.000000000000001,0.03410833454168021,34.108334541680215,0.07764689564973222,0.10470406366864579,180.12948755175842,0.002540457612058195,0.0017135151841752294,6,180,2112,30,30.0,2292
6489,726554203,0.8509487499200368,2459283.6015225924,0.0625,1.5,0.05885965710230982,58.859657102309825,0.08150044830703666,0.28062119797032076,152.2038548672821,0.004922090368931176,0.0033199044711528236,18,162,2130,9,9.0,2292
1468,685241967,16.14052056183982,2459284.7973559257,0.16666666666666666,4.0,0.0512062143034247,51.2062143034247,0.1458731165496484,0.06292983319891815,139.39701374591553,0.0025450119038691534,0.0017165870119176807,2,48,2244,24,24.0,2292
18029,940772701,0.7889331120384593,2459283.5702725924,0.0625,1.5,0.031463163220184776,31.463163220184775,0.07764689564973222,0.08909375758379892,134.10197932997414,0.003147773303527029,0.002123144006156097,20,180,2112,9,9.0,2292
15538,937422079,1.4574625944617292,2459283.4140225924,0.125,3.0,0.017446270906008417,17.44627090600842,0.07452160157265436,0.02998067829979482,121.20133054616205,0.0020203580270870556,0.0013627128201045835,11,197,2095,17,18.0,2292
6069,728216941,0.9412847703888405,2459283.4806892592,0.08333333333333333,2.0,0.014366715520909387,14.366715520909388,0.0753957811122334,0.019814641426438913,120.2749772019816,0.0016551327166457997,0.0011163717230849857,16,192,2100,12,12.0,2292
10467,811605734,2.8919590359741,2459284.822355926,0.20833333333333337,5.000000000000001,0.07026025632153916,70.26025632153916,0.0844601685689565,0.3702377713776288,120.08802123512258,0.007165651303720205,0.0048331655899906956,5,150,2142,30,30.0,2292
14910,858585291,2.715226851545033,2459283.747355926,0.16666666666666666,4.0,0.016316537853673797,16.316537853673797,0.08150044830703666,0.021564582009959962,119.32262020195618,0.0017404547583790874,0.0011739206518137646,7,162,2130,18,24.0,2292
11356,805988504,2.247232817394177,2459283.8890225925,0.125,3.0,0.029094598690800555,29.094598690800556,0.09607844007546433,0.048250253359787804,118.4643898133866,0.0026222673954804094,0.0017686951271282947,7,114,2178,6,18.0,2292
11130,819600952,0.9693958883769093,2459283.155689259,0.08333333333333333,2.0,0.011983755538934923,11.983755538934924,0.0741815928288106,0.01428923448328687,106.2300888089769,0.0015913728146890905,0.0010733662583900516,17,199,2093,7,12.0,2292
2886,675968528,6.320897522644275,2459287.7140225926,0.25,6.0,0.034182708425217916,34.18270842521792,0.11974698050197065,0.0420644719902047,103.78371412797183,0.0027947535078950794,0.0018850354160900307,2,72,2220,36,36.0,2292
14267,855683892,2.314345585882221,2459284.447355926,0.20833333333333337,5.000000000000001,0.020546679343168176,20.546679343168176,0.07319293316108837,0.04327201828317482,99.54003935496162,0.0029554306004534923,0.0019934106302802457,7,205,2087,26,30.0,2292
19426,901088897,1.1373105909310324,2459283.4327725926,0.0625,1.5,0.043931760704422486,43.93176070442249,0.09233510026841571,0.11965997511261965,86.15607355979694,0.005678106755333811,0.0038298305377942876,14,124,2168,7,9.0,2292
13475,807337502,2.3240953633190604,2459282.9890225925,0.20833333333333337,5.000000000000001,0.01881174743391724,18.81174743391724,0.07256188529801601,0.03698065243857789,85.57041378842487,0.003178181170149743,0.002143653831208514,7,209,2081,29,30.0,2290
12357,816633058,3.028832217449949,2459283.2640225925,0.08333333333333333,2.0,0.015191837261873604,15.191837261873603,0.11974698050197065,0.008308509098085046,80.56637921606267,0.0016000100167457834,0.0010791919713650233,6,72,2220,12,12.0,2292
14994,869696611,3.336315469251116,2459284.0140225925,0.125,3.0,0.015146375253712275,15.146375253712275,0.1075418231100453,0.010323570749682041,77.81191847153552,0.0018466468262774982,0.001245546220340954,5,90,2202,18,18.0,2292
13358,809735623,0.6925360974902629,2459283.4202725925,0.0625,1.5,0.012324500213684534,12.324500213684534,0.07287341203313161,0.0157209571210209,77.40879555777462,0.0022906787093624884,0.0015450416223947716,23,207,2085,9,9.0,2292
12129,805271996,1.3626542210974986,2459283.8140225927,0.125,3.0,0.014586973681646019,14.586973681646018,0.07149353256085755,0.022980218528415627,75.18915972313448,0.00285126014518657,0.0019231486207922366,12,216,2076,18,18.0,2292
14740,856066667,0.8262724324344597,2459283.4765225924,0.0625,1.5,0.012759720572928308,12.759720572928307,0.07886234823041491,0.01416451081163126,71.9959670091918,0.00233780142309706,0.0015768254573702012,20,174,2118,5,9.0,2292
12342,808611330,0.6781312261515792,2459283.4765225924,0.0625,1.5,0.016454997604916536,16.454997604916535,0.07287341203313161,0.028024378929403224,71.49952415288487,0.003311157542571279,0.0022333451656355585,23,207,2085,9,9.0,2292
2999,680353660,0.9941583858985419,2459283.2056892593,0.08333333333333333,2.0,0.011417338379571824,11.417338379571824,0.0753957811122334,0.012514139104669803,69.91659982756167,0.0022627427774688656,0.0015261990944751558,16,192,2100,12,12.0,2292
15961,939578788,1.5264426663453639,2459283.972355926,0.08333333333333333,2.0,0.015077006002460371,15.07700600246037,0.09377493529654439,0.013638966599893563,69.9139453221934,0.0023623373703577618,0.0015933747270725496,10,120,2172,12,12.0,2292
4274,728686479,1.8212155286398768,2459283.2306892592,0.16666666666666666,4.0,0.006771480596968875,6.771480596968876,0.07209542539471352,0.0048604126443633515,69.1428825004806,0.001425949311810123,0.0009617896342979382,9,212,2080,20,24.0,2292
4019,730847962,9.623924270647148,2459284.3390225926,0.25,6.0,0.009890086313511348,9.890086313511349,0.11974698050197065,0.003521297062393362,68.99584360135303,0.0012163075455751647,0.0008203882001721063,2,72,2220,36,36.0,2292
10271,811196429,0.5159896638394394,2459282.9515225925,0.041666666666666664,1.0,0.05232073501107784,52.32073501107784,0.0764929924515223,0.2545837160252467,66.25206082209074,0.010770377279539707,0.007264519951126203,31,186,2106,6,6.0,2292
5420,732279860,8.203029754940387,2459285.6140225925,0.20833333333333337,5.000000000000001,0.015339575357439916,15.339575357439916,0.13082314527827937,0.007059077164397338,62.78387188322089,0.0018925216975392018,0.0012764883970991514,2,60,2232,30,30.0,2292
9099,737369725,0.5472695499662606,2459283.0515225925,0.041666666666666664,1.0,0.015495693300144584,15.495693300144584,0.07907128137401555,0.020770078188710607,62.200622430943824,0.0032767200074601604,0.002210117366423958,29,173,2119,5,6.0,2292
10600,806175735,2.928662594857508,2459285.0015225927,0.125,3.0,0.015580938494163496,15.580938494163496,0.1075418231100453,0.010924453996150761,61.0013327698522,0.00242312347061873,0.0016343743900031904,5,90,2202,18,18.0,2292
14424,847473488,6.846485684755803,2459285.7015225925,0.125,3.0,0.014661038328948132,14.661038328948132,0.16799119080810546,0.0038690288078919517,60.38567245273586,0.001456740090830989,0.000982557730224598,2,36,2256,18,18.0,2292
8427,737084923,1.3343107761779367,2459283.9265225925,0.125,3.0,0.009959260306646591,9.959260306646591,0.07452313097820944,0.009769906286771315,59.88815338014233,0.002334099011936972,0.0015743282152549387,11,197,2094,17,18.0,2291
13790,871293807,8.810727570121577,2459284.6640225924,0.16666666666666666,4.0,0.012722096525473401,12.722096525473402,0.1458731165496484,0.0038844417600830974,58.62792384091339,0.0015034008450108619,0.0010140299777491313,2,48,2244,24,24.0,2292
5278,729406345,0.5225383931867004,2459282.8873175327,0.041666666666666664,1.0,0.023422268679178473,23.422268679178472,0.08014481109357388,0.04608262428668849,54.009955679412954,0.005961918565923289,0.004021258981467213,32,189,2103,3,6.0,2292
2777,682925918,13.025820200358702,2459291.884855926,0.20833333333333337,5.000000000000001,0.01368659557228079,13.68659557228079,0.13082314527827937,0.005619686950775284,52.821187609460125,0.0020070717496789526,0.0013537513487649755,2,60,2232,30,30.0,2292
5475,732280675,2.3834626521267173,2459283.968189259,0.20833333333333337,5.000000000000001,0.005272741778609588,5.272741778609588,0.07240312257519473,0.002919189615708976,51.85379298970349,0.001473552525161987,0.0009938975618251633,7,210,2082,30,30.0,2292
15013,861752412,1.7099181711431612,2459283.630689259,0.16666666666666666,4.0,0.006262673829540277,6.262673829540277,0.06834612263186154,0.004686919477677437,50.2282521171437,0.0019275723080105082,0.0013001297099760611,10,239,2053,23,24.0,2292
6406,731492095,12.28131290482072,2459288.9640225926,0.16666666666666666,4.0,0.014162646926283131,14.16264692628313,0.1458737975410098,0.004813933631005368,48.675952808728134,0.002015814596778309,0.001359648318345008,2,48,2243,24,24.0,2291
3978,729959444,0.8332488678448151,2459283.0140225925,0.0625,1.5,0.006445438585018372,6.445438585018372,0.07949483590381667,0.0035519845163023305,47.41663592678527,0.00177754167222704,0.0011989354325017132,19,171,2121,9,9.0,2292
4731,730347505,0.6781312261515792,2459283.4827725925,0.0625,1.5,0.004806758383780056,4.806758383780056,0.07287341203313161,0.0023913598575641248,46.52958312718228,0.0014863062485775654,0.0010024998304178911,23,207,2085,9,9.0,2292
13904,859306375,2.057347458675031,2459284.7973559257,0.16666666666666666,4.0,0.008355065988206926,8.355065988206926,0.08104002583686552,0.005724184468717959,45.85473430799136,0.002333391582867164,0.001573851060884368,7,164,2128,20,24.0,2292
13466,809681538,0.7823277134455241,2459283.4015225926,0.0625,1.5,0.007193107998853121,7.193107998853121,0.07784505729623038,0.004630801840143244,45.23898246125051,0.0021273074863113217,0.00143484924208237,20,179,2113,8,9.0,2292
4290,729948367,1.31758848313257,2459283.8390225926,0.125,3.0,0.004524165612587933,4.524165612587932,0.07435092446850082,0.0020263393745221913,44.26434554967595,0.0014381925741239617,0.0009700476015944703,11,198,2094,18,18.0,2292
15206,861537747,1.3287132291475372,2459283.2640225925,0.125,3.0,0.004896382165918344,4.896382165918344,0.0691195930991471,0.002793036043665254,43.91428015350374,0.001701952753371854,0.0011479514052150641,13,233,2059,17,18.0,2292
12609,815925114,0.795594281748564,2459283.1640225924,0.0625,1.5,0.008009468501534944,8.009468501534943,0.07764689564973222,0.005773642710937239,43.61741815678844,0.002463655593097702,0.0016617129320772306,20,180,2112,9,9.0,2292
10484,819432803,1.7389146464312113,2459283.7265225924,0.125,3.0,0.006446656709057664,6.446656709057664,0.08150044830703666,0.0033663100006794937,43.54863308577569,0.0018841588893869676,0.001270847760277194,9,162,2130,18,18.0,2292
14056,871416402,3.613733021019045,2459284.4640225926,0.25,6.0,0.007979586166998336,7.9795861669983355,0.08608132081163344,0.004584513268551686,43.28149808111688,0.002212377996355829,0.0014922285150113512,4,144,2148,36,36.0,2292
11401,815748863,5.36506644369399,2459284.134855926,0.20833333333333337,5.000000000000001,0.006363533155392562,6.363533155392562,0.09377493529654439,0.0024296732531868246,42.10929562285269,0.0016554305186472801,0.0011165725877831378,4,120,2172,30,30.0,2292
11743,811947299,0.9612795523537738,2459283.4140225924,0.08333333333333333,2.0,0.011075491740574244,11.075491740574243,0.0753957811122334,0.011775985660370716,41.42936116843153,0.003704293548818013,0.0024985117690665137,16,192,2100,12,12.0,2292
17540,942213169,2.057347458675031,2459283.1640225924,0.16666666666666666,4.0,0.007936625879517972,7.936625879517972,0.07557490271902442,0.0060155478985619865,41.42138951605883,0.0026480606565764454,0.0017860924433943381,8,191,2101,23,24.0,2292
15104,851640801,3.9973639508326735,2459283.9140225924,0.25,6.0,0.004150135238520621,4.150135238520621,0.0849892620700081,0.0012745480648527852,41.3021827183468,0.0012224190327514946,0.0008245103417992006,5,148,2144,4,36.0,2292
12662,810602298,2.2190692992808985,2459282.9640225926,0.125,3.0,0.005610859183289024,5.6108591832890236,0.08608258029252716,0.0022666853357783115,41.15556512706795,0.0016359952777123996,0.0011034636973643597,8,144,2147,18,18.0,2291
15469,936577625,1.4697683343776953,2459283.7640225925,0.125,3.0,0.004254595103892863,4.254595103892863,0.07452160157265436,0.0017830055805598084,40.98132918083891,0.0014571535172865652,0.0009828365825486074,11,197,2095,17,18.0,2292
2291,682997791,1.8365925302257307,2459283.5140225925,0.16666666666666666,4.0,0.008419818404867566,8.419818404867566,0.06898849848111081,0.008294521010600752,39.563383850653395,0.0032554964339799528,0.0021958022622284856,10,234,2058,18,24.0,2292
9205,142016907,2.7266654446637886,2459285.505689259,0.08333333333333333,2.0,0.013238641086787784,13.238641086787784,0.13082314527827937,0.005257848534743569,39.309221262488805,0.002608702732275906,0.0017595458871414449,5,60,2232,12,12.0,2292
11276,808479326,2.4962692693945723,2459283.7140225926,0.16666666666666666,4.0,0.006949441349847212,6.949441349847212,0.08608132081163344,0.003477220925397569,39.11630353468665,0.0021319319225605498,0.001437968381600263,6,144,2148,24,24.0,2292
4640,725742270,0.6393717747361464,2459282.9765225924,0.0625,1.5,0.005095735645155493,5.095735645155493,0.07034091773984048,0.002908250437714526,39.03146350829007,0.001953961773807811,0.0013179291608038657,26,224,2068,3,9.0,2292
1715,679080391,3.9142180850585837,2459285.0806892593,0.16666666666666666,4.0,0.004715252129920587,4.715252129920587,0.10225558361068623,0.0011116801324360316,38.791871625864964,0.0012155258130872534,0.0008198609288326275,5,100,2192,4,24.0,2292
19156,901216465,0.5449737077240084,2459283.2931892592,0.041666666666666664,1.0,0.007993413455223641,7.993413455223641,0.07886234823041491,0.0055588353039550805,38.74298645204368,0.00272153426540732,0.001835649713616161,29,174,2118,6,6.0,2292
7024,731380103,1.923516397251427,2459283.7973559257,0.16666666666666666,4.0,0.0075618593718965324,7.561859371896532,0.0753957811122334,0.0054894448473925845,38.68906933386056,0.0027082635705279697,0.001826698752548206,8,192,2100,24,24.0,2292
4362,730501462,3.4942195429267904,2459283.6390225925,0.25,6.0,0.00541704599407371,5.41704599407371,0.07764689564973222,0.0026409948571719027,38.407206432788364,0.0018922828612160027,0.0012763273042061263,5,180,2112,36,36.0,2292
21869,176868561,0.44352138106724914,2459283.030689259,0.041666666666666664,1.0,0.017637738689682655,17.637738689682656,0.07149678109380339,0.03359770121723707,37.992137435387136,0.006823010694738097,0.00460205766541083,36,216,2074,6,6.0,2290
6153,724525645,1.7609842384705776,2459284.0265225926,0.125,3.0,0.0078001473422070235,7.8001473422070235,0.08293624783087249,0.004745699287690864,37.847379602157986,0.0025741229671032754,0.0017362221550676349,9,156,2136,12,18.0,2292
6267,728205497,4.749291267374387,2459286.3140225927,0.16666666666666666,4.0,0.005235094202166215,5.2350942021662155,0.10479355512466768,0.0013017950370138303,37.25609799150434,0.001369584828122671,0.0009237723108880824,4,95,2196,23,24.0,2291
3290,725625856,6.241680669591374,2459286.2640225925,0.16666666666666666,4.0,0.008195685727235644,8.195685727235645,0.1197486764706872,0.002418093523426106,37.055972430214204,0.0018766934151139075,0.0012658123668649046,3,72,2218,24,24.0,2290
13064,814704166,1.5588673790950867,2459283.6140225925,0.125,3.0,0.00865137805826596,8.651378058265959,0.07764689564973222,0.006736170807634111,36.38757817539586,0.003189836269523431,0.0021515150880368483,10,180,2112,18,18.0,2292
5781,732537105,1.2164403991146802,2459283.6806892594,0.08333333333333333,2.0,0.01573419863416244,15.73419863416244,0.08293624783087249,0.019310070519423777,36.34540374268316,0.005407013204332796,0.0036469804426904062,13,156,2136,12,12.0,2292
4255,729804635,1.7027449191901753,2459283.6640225924,0.16666666666666666,4.0,0.0028992171948903247,2.899217194890325,0.06834612263186154,0.0010044525110061528,36.11764956875704,0.0012409669698801458,0.0008370207539998287,10,239,2053,23,24.0,2292
11437,811870142,0.7596413095503878,2459282.9452725924,0.0625,1.5,0.004458914495230706,4.458914495230706,0.07435092446850082,0.0019683099291020714,35.855191366877214,0.0017498857506689199,0.0011802817689659517,22,198,2094,9,9.0,2292
2754,678774339,0.6696325245826665,2459282.888140068,0.0625,1.5,0.008197668031098414,8.197668031098413,0.07194328434087267,0.007156987562271898,35.80219732359042,0.003333869346779709,0.002248664067705186,24,212,2080,5,9.0,2292
17764,901813735,1.0904901288197273,2459283.7265225924,0.041666666666666664,1.0,0.009799234027406121,9.799234027406122,0.1075418231100453,0.00432112443857433,35.74084530923536,0.002601049184778597,0.001754383640077295,15,90,2202,6,6.0,2292
5136,730478581,0.45869123007313856,2459283.2015225925,0.041666666666666664,1.0,0.0053402486519363275,5.340248651936328,0.07240312257519473,0.0029944168447733153,35.66505581870944,0.0021698425351389205,0.0014635387394704713,35,210,2082,6,6.0,2292
10529,817557959,1.5328731996061478,2459283.1140225925,0.125,3.0,0.004454458788459471,4.454458788459471,0.0764929924515223,0.001845324888121795,35.63502311922446,0.0017048036734953543,0.001149874324494371,11,186,2106,6,18.0,2292
2758,678774253,0.6696325245826665,2459282.8952725925,0.0625,1.5,0.007109166036484826,7.109166036484826,0.07194328434087267,0.005382535744703948,35.48883836185675,0.0029167204313104234,0.00196730097889547,24,212,2080,5,9.0,2292
5253,729407634,0.5225383931867004,2459282.8873175327,0.041666666666666664,1.0,0.0028895914230133418,2.889591423013342,0.08014481109357388,0.0007013780417239907,35.392983295556,0.0011224064933613373,0.0007570528081487504,32,189,2103,3,6.0,2292
5966,726956779,2.9908732795250623,2459285.1140225925,0.25,6.0,0.004259701874733922,4.2597018747339215,0.07746061611913309,0.0016421279355758578,35.30084805125887,0.0016234292018160617,0.0010949879952893982,6,181,2104,9,36.0,2285
5300,730298412,2.855715465631904,2459283.3140225927,0.25,6.0,0.004512955019777057,4.512955019777056,0.07149353256085755,0.0021996104051373406,34.898343892267256,0.0019005664678033941,0.0012819145203044613,6,216,2076,36,36.0,2292
2076,683668424,2.681198183031806,2459282.8828244093,0.25,6.0,0.007266110721029966,7.266110721029966,0.0741815928288106,0.005253238318521528,34.758317689168756,0.002941547448583319,0.001984046572631404,6,198,2094,18,36.0,2292
13746,857008575,0.4723898722846254,2459283.0390225924,0.041666666666666664,1.0,0.0171339089419438,17.1339089419438,0.07401358978103505,0.029357083563082174,34.43347397438639,0.007037049593133413,0.004746424924547021,34,200,2092,2,6.0,2292
11425,815523053,2.2004899837427,2459282.896865942,0.16666666666666666,4.0,0.005308883907012761,5.308883907012762,0.07725567386150091,0.0025647665987706563,34.125563564682395,0.0020987421762991097,0.0014155822044375488,8,182,2110,14,24.0,2292
18700,901836508,2.0660145652448927,2459284.747355926,0.16666666666666666,4.0,0.006535493126200146,6.535493126200146,0.08104002583686552,0.0035024389730139672,33.78367730904918,0.00247738421469819,0.0016709727604871105,7,164,2128,20,24.0,2292
3254,730218754,3.003473104285479,2459282.8855494885,0.25,6.0,0.004004097124296579,4.004097124296579,0.0741815928288106,0.0015952629811896131,33.766278332983376,0.001672815120824736,0.0011282983413090086,6,199,2093,19,36.0,2292
4599,725686978,0.6393717747361464,2459282.9702725927,0.0625,1.5,0.0036603410559844967,3.660341055984497,0.07020140583398292,0.0015072858726891411,33.70454310615452,0.0016290123164358118,0.0010987537545095183,26,225,2067,4,9.0,2292
4809,730467228,1.6884885662475473,2459283.7306892592,0.16666666666666666,4.0,0.01161820677230634,11.618206772306339,0.0682202030293411,0.016197927432487786,33.67954441292514,0.005344148458809699,0.00360457875273823,10,240,2052,24,24.0,2292
5843,727625418,1.5786518850055473,2459283.4890225925,0.125,3.0,0.004844290413829946,4.844290413829946,0.07764689564973222,0.002112043465217224,33.63733577047431,0.0019321677689317677,0.0013032293059029865,10,180,2112,18,18.0,2292
17127,940095432,0.43796293498519245,2459283.0640225927,0.041666666666666664,1.0,0.009173868546109359,9.17386854610936,0.07076542517558257,0.009299664983193059,33.36705802468468,0.0040872455816881505,0.0027568093765601986,37,221,2071,5,6.0,2292
15051,869966698,0.394270238538689,2459283.1411059257,0.020833333333333332,0.5,0.010040851178208236,10.040851178208236,0.09377493529654439,0.006049121542975543,33.277996065529955,0.003305247513117881,0.002229358905381007,40,120,2172,3,3.0,2292
11673,814991481,1.8520993638792635,2459283.4806892592,0.16666666666666666,4.0,0.0034369156902360116,3.4369156902360114,0.0682202030293411,0.0014174867354148576,32.50538771806792,0.001638019807184658,0.001104829223785686,10,240,2052,24,24.0,2292
4983,725774740,2.855715465631904,2459283.4140225924,0.25,6.0,0.003348111932510198,3.348111932510198,0.07149353256085755,0.0012106641793626547,32.20932544311318,0.0015277251026305902,0.0010304364647447661,6,216,2076,36,36.0,2292
11120,815448434,1.2062556653545005,2459283.1390225925,0.08333333333333333,2.0,0.02569808408864706,25.69808408864706,0.08058823283652138,0.05481249664365555,31.79362345962878,0.010413932620993514,0.007024101322672005,14,166,2126,10,12.0,2292
4258,732414424,2.413712583301578,2459284.8640225925,0.20833333333333337,5.000000000000001,0.004996527714163063,4.996527714163062,0.07764689564973222,0.0022468760278559602,31.736477833025965,0.0021122524709475577,0.001424694773335733,6,180,2112,30,30.0,2292
16150,939871228,0.5116695036794892,2459283.2265225924,0.041666666666666664,1.0,0.00706569765653014,7.065697656530141,0.07725712823682165,0.004543091586988092,31.562614903570132,0.003020075271856189,0.002037012863790766,31,182,2109,2,6.0,2291
14259,846215211,0.6640259786433875,2459283.0390225924,0.0625,1.5,0.006959154944852109,6.959154944852109,0.07149353256085755,0.005230422455017633,31.358311101408184,0.0032616001418051986,0.002199919156755159,24,216,2076,9,9.0,2292
14540,846348089,0.6640259786433875,2459283.0890225926,0.0625,1.5,0.01399439652355106,13.994396523551059,0.07149353256085755,0.021151058478304823,31.17113495854109,0.006598244969868097,0.004450455260938957,24,216,2076,9,9.0,2292
10728,813203415,11.925172095626811,2459288.7890225924,0.125,3.0,0.009276608536231468,9.276608536231468,0.16799119080810546,0.0015489983868206855,30.711486653038428,0.0018123398533649996,0.0012224064841258597,2,36,2256,18,18.0,2292
14687,847536975,0.5612491438939745,2459283.134855926,0.041666666666666664,1.0,0.003978842414251594,3.9788424142515937,0.08014481109357388,0.0013298197044255859,30.449342445590737,0.001693688197876053,0.001142377038901965,28,168,2124,6,6.0,2292
2179,678252865,2.4649846938757185,2459283.7890225924,0.08333333333333333,2.0,0.0062173667081763485,6.217366708176349,0.11380720348907453,0.001546225951357584,30.426356612425806,0.0018276857499065526,0.001232757149539021,7,80,2212,8,12.0,2292
14386,846198251,2.560034612674713,2459284.6015225924,0.125,3.0,0.008461170023101539,8.461170023101538,0.09688801280293503,0.004009118296950597,30.093438098039954,0.0029755525585119986,0.002006982705053284,7,112,2180,4,18.0,2292
12865,810448806,1.660332947979662,2459283.1515225926,0.125,3.0,0.003974262746295263,3.974262746295263,0.08150044830703666,0.0012793759145038196,29.931425714723026,0.0016899999007171321,0.001139889316550069,9,162,2130,18,18.0,2292
5291,732299551,0.9816990637081565,2459283.530689259,0.08333333333333333,2.0,0.008322295395625946,8.322295395625945,0.0753957811122334,0.0066490176625974545,29.922716414104467,0.0038538315201961113,0.0025993737489519164,16,192,2100,12,12.0,2292
5729,732540654,3.659597039518604,2459282.904425553,0.25,6.0,0.0054189527009230465,5.418952700923047,0.07949483590381667,0.0025107116360489207,29.67928027119958,0.0023453300464192387,0.0015819034442325908,5,165,2127,21,36.0,2292
5466,732362980,0.5010266889653655,2459283.1390225925,0.041666666666666664,1.0,0.005104200166468298,5.104200166468298,0.0753957811122334,0.0025010744965800005,29.602070927772424,0.002389220414178606,0.0016115070917163132,32,192,2100,6,6.0,2292
16033,901752979,0.5010266889653655,2459283.2931892592,0.041666666666666664,1.0,0.021795917427834138,21.795917427834137,0.07612118041171508,0.0446558295529706,29.590708865936413,0.01009947292990365,0.006812001166804027,32,188,2104,3,6.0,2292
12270,816031193,15.411129086390138,2459289.1473559258,0.16666666666666666,4.0,0.009618175183788196,9.618175183788196,0.1458731165496484,0.002220223052784938,29.484472596728455,0.002260059838583343,0.0015243894769886301,2,48,2244,24,24.0,2292
4869,732398026,0.9572469029892272,2459283.197355926,0.08333333333333333,2.0,0.005467347620658382,5.467347620658383,0.0733545362426814,0.0030489727805221253,29.21539410923078,0.002672883451848386,0.0018028351894296413,17,204,2088,12,12.0,2292
6922,728395689,3.8977976077533527,2459285.3140225927,0.25,6.0,0.004861940951020494,4.861940951020493,0.08610289020196386,0.0017019698264071244,28.973286875688814,0.0020136925321096785,0.0013582170053350051,4,144,2131,36,36.0,2275
2192,679197891,0.6366895558386515,2459283.4077725927,0.0625,1.5,0.0036501240445538778,3.650124044553878,0.07149515606300194,0.0014389277983880787,28.745196415460917,0.0018662474128467578,0.0012587666348622406,24,216,2075,9,9.0,2291
10002,813048682,1.2901824134047417,2459283.0140225925,0.08333333333333333,2.0,0.004481406745953905,4.481406745953905,0.08608132081163344,0.001445976462433044,28.569682362265805,0.0018823058747924391,0.0012695979190560092,12,144,2148,12,12.0,2292
482,684823094,0.7438406381236158,2459282.9640225926,0.0625,1.5,0.01215005308711887,12.15005308711887,0.07452160157265436,0.014540943316950968,28.483883810564198,0.00598703894265056,0.0040382024434443275,22,197,2095,8,9.0,2292
4998,730340379,1.964375754779467,2459283.8640225925,0.16666666666666666,4.0,0.0028157165113332975,2.8157165113332976,0.0753957811122334,0.0007611129093307157,28.32986843051374,0.0013771935635498943,0.0009289043326250468,8,192,2100,24,24.0,2292
4517,725505568,2.373463823871206,2459284.4265225925,0.20833333333333337,5.000000000000001,0.004273689322522314,4.273689322522314,0.07319450229296227,0.0018721030936077268,28.250497071876122,0.0021659767204883947,0.0014609312832108423,7,205,2086,26,30.0,2291
6086,725225904,2.681198183031806,2459285.1890225927,0.25,6.0,0.003905440360226272,3.905440360226272,0.07764833995741317,0.0013727217966555882,28.11913878171031,0.0018633920893517595,0.0012568407455495478,5,180,2111,36,36.0,2291
12300,813978560,12.862573686551338,2459292.5390225924,0.25,6.0,0.003667470398434089,3.667470398434089,0.12056522844865573,0.0004774870388803555,27.915159921485124,0.0011070205204918757,0.000746675111622741,2,71,2215,35,35.5,2286
1824,679262703,1.5786518850055473,2459283.5015225927,0.125,3.0,0.003672487524104655,3.672487524104655,0.07764689564973222,0.0012138448153233906,27.89753051077985,0.0017661631549598436,0.0011912607277484444,10,180,2112,18,18.0,2292
4986,729660226,1.731619751801693,2459283.9806892592,0.16666666666666666,4.0,0.0022651242371658073,2.265124237165807,0.07149353256085755,0.0005541250834579659,27.893906632040075,0.0011934646498086645,0.0008049808780579149,9,216,2076,24,24.0,2292
16523,901933979,11.33850618978828,2459292.5390225924,0.25,6.0,0.004879701270963165,4.8797012709631655,0.11976580456279688,0.0008572134417782232,27.830735655439124,0.0014877665764562668,0.0010034848080778813,2,72,2198,36,36.0,2270
11098,815212897,0.32358208963545987,2459283.0702725924,0.020833333333333332,0.5,0.01701436496851576,17.01436496851576,0.08525797062231684,0.02127741322321644,27.772838044533515,0.007427696505382127,0.005009912657076843,49,147,2145,3,3.0,2292
6045,727610740,0.7376127794757078,2459283.2015225925,0.0625,1.5,0.0031432835377581837,3.1432835377581836,0.07435092446850082,0.0009781429084754188,27.351884295969658,0.0016170703067722807,0.0010906989793418864,22,198,2094,9,9.0,2292
13254,809985031,11.33850618978828,2459292.5390225924,0.25,6.0,0.002381084667301695,2.381084667301695,0.11975122612112125,0.00020410431094293208,27.24924663498667,0.0007414580538163931,0.0005001066058386572,2,72,2215,36,36.0,2287
15723,941312618,1.196156204002111,2459283.4223559257,0.08333333333333333,2.0,0.0041858467843542925,4.185846784354292,0.08293624783087249,0.0013666624375629553,27.23958756786682,0.0019193098812356243,0.00129455677946555,13,156,2136,12,12.0,2292
22079,952261339,11.33850618978828,2459292.5390225924,0.25,6.0,0.0027466537333191627,2.7466537333191625,0.11974782810718432,0.0002715878423072194,27.178805619886223,0.0008575111831905985,0.0005783833692099005,2,72,2219,36,36.0,2291
18744,900969272,0.7823277134455241,2459283.5890225926,0.0625,1.5,0.028654066490485786,28.654066490485786,0.0780449513099204,0.07307394185326506,27.106357939606966,0.014103441341656834,0.00951264086176773,20,178,2114,7,9.0,2292
19729,901843959,11.33850618978828,2459292.5390225924,0.25,6.0,0.0029710855957372855,2.9710855957372857,0.11975122612112125,0.0003177845862191129,27.102189106699814,0.0009302015113069194,0.0006274123238276808,2,72,2215,36,36.0,2287
9433,737388540,1.2793802693850624,2459284.0640225927,0.125,3.0,0.006826388267258996,6.826388267258996,0.07164235088404161,0.005009454503352413,26.64989295685998,0.003755906282398323,0.00253332408093776,12,215,2077,17,18.0,2292
1435,679156567,0.8690246130947433,2459283.3390225926,0.08333333333333333,2.0,0.010977679333683968,10.977679333683968,0.07209542539471352,0.012774001016638363,26.626420900498285,0.006002963160325271,0.0040489431811178145,18,212,2080,8,12.0,2292
1788,679264404,2.118789371869245,2459284.572355926,0.20833333333333337,5.000000000000001,0.004231700304665268,4.231700304665268,0.07255870593874506,0.0018713115404586811,26.572122977776793,0.0023022993562677846,0.0015528796413515344,7,209,2083,29,30.0,2292
4527,730364764,0.9373360008328135,2459283.0390225924,0.08333333333333333,2.0,0.0032821590257733086,3.2821590257733084,0.07401358978103505,0.0010772567870465195,26.508687449752728,0.0017510009942635525,0.0011810339904650968,17,200,2092,8,12.0,2292
1609,683982127,2.772903731687849,2459284.3640225925,0.25,6.0,0.005448920763980761,5.448920763980761,0.07151147551855075,0.003206599649151193,26.495488296523792,0.0030224939517027784,0.0020386442409974226,6,216,2065,36,36.0,2281
4923,730372568,1.6673275285697875,2459283.0140225925,0.16666666666666666,4.0,0.0030421459662934892,3.0421459662934893,0.07149515606300194,0.0009995024246654608,26.3020045025026,0.0016998792635236834,0.0011465528554726045,9,216,2075,24,24.0,2291
13932,843474879,0.5138250433761208,2459282.8973559258,0.041666666666666664,1.0,0.00435180896594695,4.351808965946949,0.07687109931829668,0.001742318197400856,26.255395332852977,0.0022483306045400268,0.001516478217010675,31,184,2108,4,6.0,2292
11845,815820134,1.9809614957977282,2459284.6806892594,0.16666666666666666,4.0,0.005813054719809237,5.813054719809237,0.0753957811122334,0.003243994096847659,26.10258911098671,0.0030858260317631952,0.0020813611437766055,8,192,2100,24,24.0,2292
11341,811790553,0.977580752759229,2459283.697355926,0.08333333333333333,2.0,0.0031573192971555476,3.1573192971555475,0.0753957811122334,0.000956991853842317,26.096215509439364,0.0016764537942792457,0.0011307525929308282,16,192,2100,12,12.0,2292
18422,901831278,11.33850618978828,2459292.8015225925,0.20833333333333337,5.000000000000001,0.00635372476845636,6.35372476845636,0.1389993635921637,0.0010698001884823394,25.950330622131297,0.0017824749593424152,0.0012022628890748788,2,53,2208,23,26.5,2261
5945,727580045,2.1277153183386406,2459282.9446406076,0.20833333333333337,5.000000000000001,0.002242707415423443,2.242707415423443,0.07164235088404161,0.0005406966792534947,25.91014015336113,0.0012662216752522943,0.0008540548194066466,8,214,2078,10,30.0,2292
4220,729999956,0.8690246130947433,2459283.6390225925,0.08333333333333333,2.0,0.0023601574435353247,2.3601574435353245,0.07149353256085755,0.0006015970610937216,25.880445211937058,0.0013402817614497548,0.000904007663192874,18,216,2076,12,12.0,2292
11927,806011565,0.31818634460276,2459282.9390225927,0.020833333333333332,0.5,0.016328765664643783,16.328765664643782,0.08368665302072652,0.020397086992010004,25.76891379364435,0.007837958492595491,0.005286630576416762,51,153,2139,3,3.0,2292
21670,952192747,13.025820200358702,2459292.572355926,0.20833333333333337,5.000000000000001,0.0038123893873179622,3.812389387317962,0.13082314527827937,0.0004360293852160388,25.75556236752014,0.0011465733417617497,0.0007733531240805003,2,60,2232,30,30.0,2292
4486,730594961,0.575585836159054,2459283.3015225925,0.041666666666666664,1.0,0.003264431936370644,3.264431936370644,0.08104002583686552,0.0008738343011101207,25.635403493417833,0.001630757499767201,0.0010999308645401329,28,164,2128,2,6.0,2292
17065,902480324,11.33850618978828,2459292.8015225925,0.20833333333333337,5.000000000000001,0.004079032271129544,4.079032271129544,0.13899494851137714,0.00044092036312628054,25.567775678716174,0.001161454306737553,0.0007833901974487745,2,53,2214,23,26.5,2267
16769,901552181,3.1192871600021648,2459283.4890225925,0.08333333333333333,2.0,0.00721360482152793,7.21360482152793,0.12399520690968481,0.0017432091664592285,25.313146257202728,0.002332617985181708,0.0015733292763939755,6,67,2225,7,12.0,2292
16678,940936679,0.4926720477326553,2459283.0390225924,0.041666666666666664,1.0,0.08944404912686821,89.44404912686821,0.0753957811122334,0.7680228407241229,25.116848992856568,0.04934429077994086,0.033282268163996265,32,192,2100,6,6.0,2292
20875,902320503,0.4361256432763046,2459283.059855926,0.041666666666666664,1.0,0.0043177293153431155,4.317729315343115,0.07076707331285977,0.002060027901683353,25.096184756026517,0.002557666093798955,0.0017251221460939936,37,221,2070,5,6.0,2291
11420,814815212,0.44726614870884984,2459282.879256444,0.041666666666666664,1.0,0.005242328655297168,5.242328655297168,0.07179226385943972,0.00294057504112603,25.011258718633982,0.0030589931017529133,0.002063262580434988,36,213,2079,3,6.0,2292
15165,861534192,0.4885471159720106,2459283.247355926,0.041666666666666664,1.0,0.003852053663893499,3.852053663893499,0.0753957811122334,0.0014244784732334718,24.942513026223608,0.0021399456108791444,0.0014433735403204806,32,192,2100,6,6.0,2292
13453,816898701,2.247232817394177,2459284.0293006203,0.125,3.0,0.004091750731166494,4.091750731166494,0.0985765918618978,0.0009040908984840829,24.87067010566404,0.001709753728752194,0.001153213091024008,6,108,2183,18,18.0,2291
18191,901944613,11.33850618978828,2459292.5390225924,0.25,6.0,0.005825077575713729,5.825077575713729,0.12139260577219989,0.0011876035067079026,24.815688346730475,0.00196392277778658,0.0013246477659426548,2,70,2220,34,35.0,2290
10494,805822950,0.5116695036794892,2459283.1265225927,0.041666666666666664,1.0,0.013160428604766065,13.160428604766066,0.07593758269472299,0.01636710526027819,24.805178648265578,0.007293879368647819,0.004919654234889936,32,189,2103,4,6.0,2292
2535,679295254,1.0996974237151,2459282.9806892592,0.08333333333333333,2.0,0.004883357990003874,4.883357990003874,0.07949483590381667,0.002038934339604714,24.74245023884563,0.0025809162526037564,0.0017408041633641957,15,171,2121,3,12.0,2292
6607,728179024,0.9217058833681474,2459283.0806892593,0.08333333333333333,2.0,0.0019843754663832302,1.9843754663832303,0.07368305769377247,0.0003977123451499499,24.68388543122267,0.0011425784056234955,0.0007706585765705487,17,202,2089,10,12.0,2291
14233,872323617,0.41817135328761235,2459283.1390225925,0.041666666666666664,1.0,0.006221083690082487,6.221083690082487,0.06978868845530563,0.0044120145798071785,24.36394253272681,0.003855546105068679,0.002600530220604802,38,228,2064,6,6.0,2292
11822,805283452,1.1861413011082127,2459283.847355926,0.08333333333333333,2.0,0.004930090129801294,4.930090129801294,0.08293624783087249,0.0018958515176612028,24.30823957148769,0.002533165999289063,0.0017085970587407684,13,156,2136,12,12.0,2292
18008,940772790,0.7856234706285888,2459283.6077725925,0.0625,1.5,0.005443570051353741,5.443570051353741,0.07764689564973222,0.002666920941359583,24.236318863119145,0.003013376596632825,0.002032494669251872,20,180,2112,9,9.0,2292
6581,725087327,0.575585836159054,2459282.9848559257,0.041666666666666664,1.0,0.007018822459234246,7.018822459234246,0.08014481109357388,0.00413816497199709,24.203086273155257,0.0037587907470222432,0.0025352696256726315,28,168,2124,6,6.0,2292
14568,847042714,0.5138250433761208,2459283.034855926,0.041666666666666664,1.0,0.026831843353468457,26.831843353468457,0.07612118041171508,0.06767509486803652,24.15374425457265,0.015231580527198954,0.010273560317819341,32,188,2104,2,6.0,2292
13158,816531905,11.925172095626811,2459291.222355926,0.08333333333333333,2.0,0.004691020287878789,4.691020287878789,0.20520132498171262,0.00026406805609548476,23.90551660223795,0.0009613350984660316,0.0006484116406758611,2,24,2268,12,12.0,2292
15056,855001169,0.5707667028076159,2459283.4015225926,0.041666666666666664,1.0,0.005866359054125785,5.866359054125785,0.08220785503669348,0.0027359263998779242,23.88542078858144,0.003096950802080875,0.00208886469855718,27,159,2133,3,6.0,2292
2966,685174061,1.036842820914912,2459283.4640225926,0.08333333333333333,2.0,0.009067812332618969,9.067812332618969,0.0753957811122334,0.007893621167961279,23.67469147436879,0.005307241005645065,0.003579685016622869,16,192,2100,12,12.0,2292
3272,729292215,11.33850618978828,2459292.5390225924,0.25,6.0,0.0021571057439676695,2.1571057439676693,0.1197486764706872,0.00016751178686369924,23.668435981839362,0.0007733358133843812,0.0005216078601000818,2,72,2218,36,36.0,2290
6019,727580431,2.333886214206922,2459284.530689259,0.20833333333333337,5.000000000000001,0.003730301306019613,3.730301306019613,0.07303256340472714,0.0014332602268702379,23.655504189638158,0.0022633166250807532,0.0015265861493867217,7,206,2086,26,30.0,2292
1742,679027398,0.977580752759229,2459283.497355926,0.08333333333333333,2.0,0.002921152067320968,2.921152067320968,0.0741815928288106,0.0008490463753411498,23.646264165635756,0.0017426820863330299,0.0011754229639370228,17,199,2093,7,12.0,2292
7994,731812972,1.6121856265810932,2459283.4140225924,0.125,3.0,0.006166849376120732,6.166849376120732,0.079496234688077,0.0032515676699735366,23.631366104601266,0.003412499274679662,0.0023016992274920156,10,171,2120,9,18.0,2291
6681,727128393,4.1340865760414065,2459286.6390225925,0.25,6.0,0.003043464931479694,3.043464931479694,0.09857765670440109,0.0005001846546139216,23.612832974494523,0.0013394672036356465,0.0009034582514741984,3,108,2182,36,36.0,2290
12616,814774467,0.5731712046912927,2459282.947355926,0.041666666666666664,1.0,0.015409006398780439,15.409006398780438,0.07907128137401555,0.020538341864097285,23.564215121919446,0.008600916040564649,0.005801238392394881,29,173,2119,5,6.0,2292
13668,855994581,0.6393717747361464,2459283.1577725927,0.0625,1.5,0.0035748971352105334,3.5748971352105334,0.07020140583398292,0.0014377375718253537,23.560353707647565,0.0022760039044215246,0.00153514360206497,25,225,2067,9,9.0,2292
5933,727581967,2.1277153183386406,2459282.923807274,0.20833333333333337,5.000000000000001,0.0020248275595994565,2.0248275595994567,0.07255870593874506,0.0004284423345188598,23.525458913768684,0.0012413138662873253,0.0008372547324209667,8,208,2084,7,30.0,2292
13368,810944146,1.2527689371519415,2459283.7765225926,0.125,3.0,0.0025091715057139665,2.5091715057139665,0.06912130021011025,0.0007334772016526232,23.506012416859022,0.0016294061317487204,0.0010990193792990155,13,233,2058,17,18.0,2291
5925,727582065,2.1277153183386406,2459282.923807274,0.20833333333333337,5.000000000000001,0.0018598897396762746,1.8598897396762746,0.07255870593874506,0.0003614853386721969,23.3866239225182,0.0011469680866001807,0.0007736193758263732,8,208,2084,7,30.0,2292
6871,728036556,1.1712759468110976,2459283.130689259,0.08333333333333333,2.0,0.002340434655429735,2.340434655429735,0.08014481109357388,0.0004601212876122662,23.35517191667159,0.0012988771975239015,0.0008760806674247279,14,168,2124,12,12.0,2292
1869,679261439,11.33850618978828,2459292.5390225924,0.25,6.0,0.003696977539804738,3.6969775398047378,0.11974698050197065,0.0004920351454735449,23.33065661683618,0.0013445783020459832,0.000906905640122746,2,72,2220,36,36.0,2292
6508,728181283,1.4759601124039812,2459284.1015225924,0.125,3.0,0.0019595668257384514,1.9595668257384513,0.07764689564973222,0.0003455911930081203,23.29977347399875,0.0011283520761335528,0.000761063048788313,10,180,2112,18,18.0,2292
16466,942223726,11.33850618978828,2459292.5390225924,0.25,6.0,0.009838282414180503,9.838282414180503,0.12056522844865573,0.0034361089305716534,23.298358936729162,0.0035581407839847673,0.0023999330797145335,2,71,2215,35,35.5,2286
3743,729244727,3.9638957368442194,2459283.5140225925,0.25,6.0,0.0023046688354060323,2.3046688354060323,0.08608258029252716,0.0003824278877442094,23.237247438406666,0.0011901592948208805,0.0008027514466618646,4,144,2147,36,36.0,2291
8047,731794205,0.4324741503087996,2459283.1806892594,0.041666666666666664,1.0,0.014413310541435024,14.413310541435024,0.07062291619541151,0.02305953080478646,23.206139223414542,0.009254167109143435,0.006241850201769483,37,222,2070,6,6.0,2292
15931,901765018,11.33850618978828,2459292.8015225925,0.20833333333333337,5.000000000000001,0.005039800135924132,5.039800135924132,0.13900084059151174,0.0006730890133666138,22.906618539143373,0.0016017335228611467,0.0010803544603137372,2,53,2206,23,26.5,2259
7100,728430523,1.7243554598747077,2459283.3973559258,0.16666666666666666,4.0,0.003922737935654324,3.922737935654324,0.06886000633091292,0.0018080750671390317,22.829692250290393,0.0026340448740706144,0.0017766389276073213,10,235,2056,20,24.0,2291
14505,846348341,0.496831807376781,2459283.1015225924,0.041666666666666664,1.0,0.007876134684811216,7.876134684811216,0.07504187896446876,0.0060172492646087695,22.792740224243843,0.0048130176948518785,0.0032463359603749353,33,194,2098,2,6.0,2292
742,679860188,12.862573686551338,2459292.5390225924,0.25,6.0,0.002027959254994408,2.0279592549944083,0.12056101149502675,0.00014599796526707035,22.78861163896041,0.0007498433290805582,0.0005057623965200042,2,71,2220,35,35.5,2291
15116,874286181,11.290940193331583,2459292.5390225924,0.25,6.0,0.003983451178290777,3.983451178290777,0.11974698050197065,0.0005712437984337424,22.71074323783085,0.0014883134265740476,0.0010038536534291431,2,72,2220,36,36.0,2292
6804,728114290,0.6640259786433875,2459282.9265225925,0.0625,1.5,0.002527268205611442,2.527268205611442,0.07149353256085755,0.0006898051349742036,22.699753295716484,0.0016362779276747766,0.0011036543421521494,24,216,2076,9,9.0,2292
10951,808010575,8.66380831518224,2459283.3306892593,0.16666666666666666,4.0,0.005491987758877744,5.491987758877744,0.11974782810718432,0.0010858294635718675,22.57868564056225,0.0020639403984717996,0.0013921087268796706,3,72,2219,24,24.0,2291
12957,814783978,1.7027449191901753,2459283.3306892593,0.16666666666666666,4.0,0.003546334715829343,3.546334715829343,0.0686004904324058,0.0014903140551285217,22.534196489265792,0.0024227679484173058,0.001634134593563541,10,237,2055,21,24.0,2292
11568,814329107,11.33850618978828,2459292.5390225924,0.25,6.0,0.004932402367768467,4.932402367768467,0.11974782810718432,0.0008758293522324475,22.403698327648858,0.0018681211168525948,0.001260030430900172,2,72,2219,36,36.0,2291
4079,730843757,1.7099181711431612,2459283.880689259,0.16666666666666666,4.0,0.0031518110687850744,3.1518110687850744,0.07149353256085755,0.0010728626054381403,22.35539275812611,0.0020720715491898156,0.001397593112902884,9,216,2076,24,24.0,2292
13013,814803819,2.285340974822846,2459284.8765225927,0.125,3.0,0.003554979661877376,3.554979661877376,0.09164163057033695,0.0007961864649707923,22.2895798901798,0.0017902781448413357,0.0012075260655883824,7,126,2166,18,18.0,2292
13879,871954681,11.33850618978828,2459292.5390225924,0.25,6.0,0.0034662103615108438,3.4662103615108437,0.11974782810718432,0.00043252611372882483,22.203938233308328,0.0013246195296832452,0.0008934436325935824,2,72,2219,36,36.0,2291
5447,729630430,1.6884885662475473,2459283.3973559258,0.16666666666666666,4.0,0.00223010843895029,2.23010843895029,0.06885828940736023,0.0005843725788135826,22.1751501856338,0.0015416768193138827,0.0010398467687264823,10,235,2057,20,24.0,2292
2236,679291260,2.527950895924666,2459285.3640225925,0.25,6.0,0.002565039272758401,2.565039272758401,0.06992530189296996,0.0007467649044349994,22.1438371545094,0.0017605449984182406,0.0011874713330758402,8,231,2061,4,36.0,2292
2221,678368670,13.080694826110575,2459292.597355926,0.16666666666666666,4.0,0.003546734736529826,3.546734736529826,0.1458731165496484,0.0003019038549913751,22.117224196944637,0.0011110118900883974,0.0007493672535332507,2,48,2244,24,24.0,2292
1117,679680261,1.2686685670844835,2459283.0890225926,0.125,3.0,0.004548171178665989,4.5481711786659895,0.06899021049885182,0.002420245745242413,22.067784080341845,0.0031527243750545516,0.0021264834581509184,13,234,2057,18,18.0,2291
6031,727581189,0.9983465344009117,2459283.4390225927,0.08333333333333333,2.0,0.0031184320506471583,3.1184320506471583,0.0753957811122334,0.0009335633716323304,22.036283439598595,0.001960868861204108,0.0013225879274275654,16,192,2100,12,12.0,2292
15592,938039075,0.43065988451779713,2459282.943189259,0.041666666666666664,1.0,0.020792459332743568,20.79245933274357,0.07062291619541151,0.04798822652652126,22.005356072969455,0.014078420981540406,0.009495764860070421,38,222,2070,2,6.0,2292
6253,726862083,2.928662594857508,2459283.7640225925,0.25,6.0,0.0027334625565022695,2.7334625565022694,0.07194328434087267,0.0007957485688406918,21.91680791186379,0.0018202273249210477,0.0012277265108060487,6,213,2079,33,36.0,2292
19298,901477572,2.2004899837427,2459283.6140225925,0.20833333333333337,5.000000000000001,0.005590358065716745,5.590358065716745,0.06822543231410169,0.0037502523963509117,21.86486310772687,0.003960942006575992,0.0026716187822581894,8,240,2049,30,30.0,2289
12525,805043418,1.605422370953067,2459284.3140225927,0.125,3.0,0.0036897477460167767,3.689747746016777,0.07764833995741317,0.0012252814586312295,21.86100391766727,0.0022644504738190087,0.001527350919883319,10,180,2111,18,18.0,2291
5152,724939349,13.246709644029433,2459286.7890225924,0.25,6.0,0.005637652362616258,5.637652362616258,0.13648826093562558,0.0008740359144470987,21.83430437740878,0.0019148743280168491,0.0012915650398063194,2,55,2236,23,27.5,2291
21274,951591226,11.33850618978828,2459292.5390225924,0.25,6.0,0.002445096026987932,2.4450960269879323,0.11974782810718432,0.00021522580492291815,21.81353870988737,0.0009511215970942549,0.0006415227283786962,2,72,2219,36,36.0,2291
11290,808186248,0.7283686234120567,2459283.2327725925,0.0625,1.5,0.010979708670220339,10.979708670220338,0.0741815928288106,0.011995123247049712,21.768794603550948,0.007115132195660539,0.004799090918427451,23,199,2093,2,9.0,2292
13519,816922429,1.6884885662475473,2459284.29180062,0.125,3.0,0.0033396832242479067,3.339683224247907,0.08150180116168226,0.0009034322071041545,21.73994404631071,0.0019552593004518418,0.001318804330535439,9,162,2129,18,18.0,2291
21176,901520505,11.290940193331583,2459292.572355926,0.20833333333333337,5.000000000000001,0.002331435881608622,2.3314358816086216,0.13082621946986764,0.00016306779810156517,21.730255116328024,0.0008310636293851687,0.0005605447385573781,2,60,2228,30,30.0,2288
11710,808218164,11.290940193331583,2459292.5890225926,0.25,6.0,0.002422036033971202,2.422036033971202,0.11974782810718432,0.00021118530779477818,21.70182129109955,0.0009470014968383892,0.0006387437588279976,2,72,2219,36,36.0,2291
18002,902432913,11.33850618978828,2459292.5390225924,0.25,6.0,0.004239641678410559,4.2396416784105595,0.12056353940239281,0.0006380969354267146,21.698452569673247,0.0016463780378890922,0.0011104667731614004,2,71,2217,35,35.5,2288
16440,901317839,11.33850618978828,2459292.5390225924,0.25,6.0,0.002687168708966856,2.687168708966856,0.12056185337722872,0.0002563410863009963,21.66119070693399,0.0010453020018100652,0.0007050465410832762,2,71,2219,35,35.5,2290
12746,814242325,2.182066224845287,2459284.4015225926,0.0625,1.5,0.004864481011808378,4.864481011808379,0.13771472703779372,0.0006389057388845952,21.645211300382048,0.0016514733227175073,0.0011139034956950677,6,54,2238,9,9.0,2292
2417,678747632,4.293497137225429,2459284.2890225924,0.25,6.0,0.002700857584205777,2.700857584205777,0.08244960386614367,0.0005762759035227875,21.60554013020013,0.001571321670491236,0.001059841946911666,5,158,2133,15,36.0,2291
8138,727837372,11.33850618978828,2459292.5390225924,0.25,6.0,0.003118422844242969,3.118422844242969,0.11975207752798024,0.0003500841972778707,21.600053701304425,0.0012250291431292585,0.0008262708371302163,2,72,2214,36,36.0,2286
15892,941437058,0.55421527080892,2459282.909855926,0.041666666666666664,1.0,0.028041230914918183,28.041230914918184,0.07928210139482707,0.06762271428524363,21.51102290618165,0.017096225379174438,0.011531246040182408,29,172,2120,4,6.0,2292
14985,874516312,12.648089726221105,2459292.5390225924,0.25,6.0,0.002576509504653979,2.576509504653979,0.12056269601268026,0.00023566324357881637,21.478684620294686,0.0010107720915885862,0.0006817564357133321,2,71,2218,35,35.5,2289
1541,679006373,2.625428794259074,2459284.1640225924,0.25,6.0,0.003696901021795843,3.6969010217958433,0.07134742467686685,0.0014828778723976338,21.448762817977055,0.002539016033437718,0.0017125428527166586,7,217,2074,6,36.0,2291
11674,814991406,1.8520993638792635,2459283.4640225926,0.16666666666666666,4.0,0.0017782809716070012,1.7782809716070012,0.0682202030293411,0.0003794739856775448,21.377540137459956,0.0012886894457689072,0.0008692091230061427,10,240,2052,24,24.0,2292
2901,676914185,0.7532811586571458,2459283.2827725927,0.0625,1.5,0.0017645367399018153,1.7645367399018153,0.07593758269472299,0.00029423424616078434,21.377368171329195,0.0011347687581077803,0.0007653910414864296,21,189,2103,9,9.0,2292
3319,729063170,3.0672729146584032,2459283.1390225925,0.25,6.0,0.001752172103591548,1.752172103591548,0.07149515606300194,0.0003315715647052785,21.31171005496969,0.0012083293881912072,0.000815007006738977,6,216,2075,36,36.0,2291
1648,677876123,0.4743799364074114,2459282.9390225927,0.041666666666666664,1.0,0.0060364052174055995,6.0364052174055995,0.07351738784793083,0.003698476076795237,21.17188806809553,0.004062251572552788,0.0027399511483561234,34,203,2089,5,6.0,2292
6772,728060605,0.8837613713464334,2459283.372355926,0.08333333333333333,2.0,0.001611000507395619,1.611000507395619,0.07149353256085755,0.00028029484456152575,21.148343894078838,0.001119556946373161,0.000755130815036531,18,216,2076,12,12.0,2292
6597,727092927,11.33850618978828,2459292.5390225924,0.25,6.0,0.002716023869635284,2.716023869635284,0.11974782810718432,0.00026556428377543043,21.05197368785706,0.0010947299808899572,0.0007383852562322657,2,72,2219,36,36.0,2291
15233,874666240,11.33850618978828,2459292.5390225924,0.25,6.0,0.003137153060142306,3.137153060142306,0.12056269601268026,0.0003493813909579883,21.032420579761457,0.0012568273559332476,0.0008477184378343772,2,71,2218,35,35.5,2289
5809,726777672,3.3083819306913793,2459284.5390225924,0.25,6.0,0.0025894852733509364,2.5894852733509364,0.07764689564973222,0.0006034890582811237,20.897063887403036,0.001662510617514382,0.0011213480490451788,5,180,2112,36,36.0,2292
6709,726671836,2.10104965715565,2459284.468189259,0.20833333333333337,5.000000000000001,0.002283412366954385,2.2834123669543853,0.07062291619541151,0.0005787508961691852,20.87315808774697,0.0016299439629694882,0.0010993821414875815,8,222,2070,12,30.0,2292
8522,737411521,1.7389146464312113,2459283.82930062,0.125,3.0,0.005472753950254448,5.472753950254448,0.08150315526532034,0.002426033899802079,20.86149057119623,0.0033390128812752764,0.0022521333341934957,9,162,2128,18,18.0,2290
16936,940005984,0.5636135506070269,2459283.3348559258,0.041666666666666664,1.0,0.011214971200202765,11.214971200202765,0.08014481109357388,0.010565148637795705,20.860290233875933,0.006968390130123477,0.004700114751196194,28,168,2124,6,6.0,2292
8789,737426165,11.33850618978828,2459292.5390225924,0.25,6.0,0.0037809641633597853,3.7809641633597852,0.12056101149502675,0.000507496995163689,20.737309005438885,0.0015363116940161415,0.0010362280412897218,2,71,2220,35,35.5,2291
14370,873077422,11.33850618978828,2459292.572355926,0.20833333333333337,5.000000000000001,0.004301956721984008,4.301956721984008,0.13082391279948533,0.0005552049491347018,20.73563232244182,0.0016070314597849769,0.0010839278698131505,2,60,2231,30,30.0,2291
4244,729788772,0.41817135328761235,2459283.184855926,0.041666666666666664,1.0,0.0015649946564977191,1.564994656497719,0.06978868845530563,0.00027920974333477117,20.627274852161623,0.0011456143027446988,0.000772706261125522,38,228,2064,6,6.0,2292
19595,901448387,0.719240320033862,2459282.8885322725,0.0625,1.5,0.013224820476900405,13.224820476900405,0.07319293316108837,0.017926827356240037,20.52032823688879,0.009204931600103041,0.006208641305883611,23,204,2088,6,9.0,2292
5922,727581961,2.1277153183386406,2459282.923807274,0.20833333333333337,5.000000000000001,0.001636401871791526,1.6364018717915259,0.07255870593874506,0.0002798312584872936,20.514673361081222,0.0011504216035343455,0.0007759487410861632,8,208,2084,7,30.0,2292
4027,725536287,0.6393717747361464,2459283.0515225925,0.0625,1.5,0.005014341287724258,5.014341287724258,0.07020140583398292,0.002828657086849819,20.505840863312667,0.0036679851276146622,0.0024740220744736696,25,225,2067,9,9.0,2292
4933,729709132,6.215496289070331,2459284.9140225924,0.25,6.0,0.0030286561759302077,3.0286561759302075,0.09857552798303805,0.0004953289445280102,20.485731679788245,0.0015364214832152704,0.0010363020930900246,3,108,2184,36,36.0,2292
21947,952496445,0.4926720477326553,2459283.2723559258,0.041666666666666664,1.0,0.007327102234949338,7.327102234949338,0.07436169534606372,0.005314956288978559,20.466137719182544,0.005037661174990354,0.003397855911905001,33,198,2087,6,6.0,2285
13514,816448312,11.33850618978828,2459292.8015225925,0.20833333333333337,5.000000000000001,0.006275657862511516,6.275657862511515,0.13900084059151174,0.001043672862593519,20.447199700628016,0.0022344125129862102,0.0015070905928680767,2,53,2206,23,26.5,2259
21287,952704495,11.33850618978828,2459292.572355926,0.20833333333333337,5.000000000000001,0.0030104132960912574,3.0104132960912575,0.13082621946986764,0.00027187764639849084,20.26302004039136,0.0011507939623730077,0.0007761998936820502,2,60,2228,30,30.0,2288
12475,815909285,12.437182295002387,2459289.5890225926,0.125,3.0,0.007660399628388111,7.66039962838811,0.16799119080810546,0.0010562710043989566,20.21454191599609,0.002273729375680677,0.0015336094534471045,2,36,2256,18,18.0,2292
12459,808562143,1.9561350316517923,2459284.222355926,0.08333333333333333,2.0,0.004763858115392634,4.763858115392634,0.10426907534288267,0.0010893285188924285,20.186355182479787,0.002312259243284588,0.001559597493109799,8,96,2196,12,12.0,2292
8745,736316342,0.6313588272482306,2459283.1702725925,0.0625,1.5,0.003642636312080709,3.642636312080709,0.0691195930991471,0.0015458151186933623,20.101461120376356,0.0027660889825991872,0.0018657014586531684,26,233,2059,8,9.0,2292
20473,901842627,0.7102264174135884,2459283.3327725925,0.0625,1.5,0.0023907721237698444,2.3907721237698443,0.07435092446850082,0.0005658633434317022,20.099175891114978,0.0016737574677030019,0.0011289339455706204,22,198,2094,9,9.0,2292
4359,732383067,4.116743731742854,2459284.0140225925,0.25,6.0,0.003252857276004531,3.252857276004531,0.07764689564973222,0.0009522972412250054,20.093121823522285,0.002171970106228882,0.0014649737665107798,5,180,2112,36,36.0,2292
10777,806344229,0.7283686234120567,2459283.1515225926,0.0625,1.5,0.013605002294619157,13.605002294619156,0.07504187896446876,0.017954320481349473,20.080738684596085,0.009436692416937755,0.006364961835247374,22,194,2098,5,9.0,2292
15425,942801150,11.33850618978828,2459292.5390225924,0.25,6.0,0.0026457364551045644,2.6457364551045646,0.1197495255934974,0.0002519971700352936,19.997113822733667,0.0011226529219492026,0.0007572190219541364,2,72,2217,36,36.0,2289
20029,901004426,11.33850618978828,2459292.5390225924,0.25,6.0,0.0029466695231315496,2.9466695231315496,0.11974698050197065,0.00031258300602788334,19.9603183385452,0.0012526513654033708,0.0008449017708103135,2,72,2220,36,36.0,2292
5458,728763813,2.7496873979731817,2459283.947355926,0.20833333333333337,5.000000000000001,0.0017417728626099814,1.7417728626099813,0.07384689874752944,0.0003048941568449192,19.95016360132088,0.0012377789339471886,0.0008348704532221696,7,201,2091,21,30.0,2292
14164,872262971,0.4510425344083125,2459282.9223559257,0.041666666666666664,1.0,0.08701720072596938,87.01720072596939,0.0709089559088274,0.8329192544402011,19.886347814865932,0.06490249877786164,0.043776135692608686,37,220,2072,4,6.0,2292
12647,808748174,11.33850618978828,2459292.5390225924,0.25,6.0,0.0019358480208902555,1.9358480208902555,0.11974698050197065,0.0001349102721594499,19.87395216205501,0.0008265198095011504,0.0005574799740328817,2,72,2220,36,36.0,2292
13435,816100516,2.475369077390915,2459283.3015225925,0.20833333333333337,5.000000000000001,0.0025603772157838838,2.560377215783884,0.07240312257519473,0.0006883308061460495,19.817274289116504,0.0018722751830033827,0.001262832310133133,7,210,2082,30,30.0,2292
2126,679230369,12.862573686551338,2459292.5390225924,0.25,6.0,0.002680949631799904,2.680949631799904,0.12056017036506472,0.0002551559279528054,19.78907950652876,0.001141542896143054,0.0007699601349946406,2,71,2221,35,35.5,2292
1581,678962192,3.8489483329126855,2459284.2890225924,0.25,6.0,0.0027442415678533955,2.7442415678533956,0.08608132081163344,0.0005422220483568813,19.734270656322312,0.0016687162848701784,0.001125533714333049,4,144,2148,36,36.0,2292
3461,728989368,3.4942195429267904,2459285.6640225924,0.25,6.0,0.002031291106439116,2.031291106439116,0.08608132081163344,0.00029708233625510265,19.69685335623036,0.001237532352829297,0.0008347041365366903,4,144,2148,36,36.0,2292
1789,679266857,3.800711263192087,2459283.7390225925,0.25,6.0,0.0038328657090612277,3.8328657090612275,0.08608132081163344,0.0010577418871462148,19.693552124634966,0.002335504951958344,0.0015752765088077325,4,144,2148,36,36.0,2292
13437,807452507,13.135800625370544,2459292.780689259,0.16666666666666666,4.0,0.0069854189916190275,6.985418991619028,0.15057178523877576,0.0010979117659906154,19.65039550054925,0.002384665242408213,0.0016084346704493546,2,45,2224,22,22.5,2269
2423,678256786,2.2566998649915675,2459284.593189259,0.20833333333333337,5.000000000000001,0.0026210085663729943,2.621008566372994,0.07303256340472714,0.0007075776482150638,19.630956023286917,0.0019162872074798426,0.0012925180139483627,7,206,2086,26,30.0,2292
16003,939579264,1.0152763098148503,2459283.1140225925,0.08333333333333333,2.0,0.0037578327167986027,3.7578327167986028,0.0753957811122334,0.001355645445834429,19.604281471867633,0.0026560553932792317,0.0017914848194248156,16,192,2100,12,12.0,2292
6839,727257370,6.933378475196105,2459285.6140225925,0.25,6.0,0.006271703862775319,6.271703862775319,0.1197486764706872,0.001416033696324631,19.5994192933013,0.002715242282190274,0.0018314058290774815,2,72,2218,36,36.0,2290
1759,679053681,2.3437183115783053,2459283.155689259,0.20833333333333337,5.000000000000001,0.002170152037923133,2.170152037923133,0.07240312257519473,0.0004945037861087022,19.57129982320785,0.0016068677636200208,0.001083817458262526,7,210,2082,30,30.0,2292
9973,817963795,2.182066224845287,2459284.009855926,0.20833333333333337,5.000000000000001,0.005063894555375449,5.063894555375449,0.06834612263186154,0.0030643418541213534,19.49074427923729,0.004016568526175753,0.0027091383557100723,8,239,2053,29,30.0,2292
14248,855652737,0.6260727305620779,2459283.4265225925,0.0625,1.5,0.009199996386554186,9.199996386554187,0.06925158280350054,0.00981823228746277,19.473225609521307,0.0071960430654597505,0.004853664552448234,26,232,2060,7,9.0,2292
5973,726956780,3.003473104285479,2459285.0640225927,0.25,6.0,0.0021845275480563368,2.184527548056337,0.0782480313554421,0.00042233621382720723,19.39183193593294,0.001498736624869653,0.0010108840043637213,6,177,2114,3,36.0,2291
21432,952519799,11.33850618978828,2459292.5390225924,0.25,6.0,0.0030791058715374845,3.0791058715374846,0.11974698050197065,0.00034131214685291804,19.38836218249034,0.0013475650730653795,0.0009089201895760013,2,72,2220,36,36.0,2292
22093,952642991,11.33850618978828,2459292.5390225924,0.25,6.0,0.003166300907988202,3.166300907988202,0.11974782810718432,0.0003609166118373688,19.377953487262467,0.0013864701521472415,0.0009351613059134234,2,72,2219,36,36.0,2291
6878,727077387,1.3857618587114058,2459284.1140225925,0.125,3.0,0.0021247167038942355,2.1247167038942356,0.07435092446850082,0.00044692768610891123,19.37318495009834,0.0015432369131006037,0.0010408990375695426,11,198,2094,18,18.0,2292
20539,902549418,13.080694826110575,2459292.4640225926,0.25,6.0,0.003320215589510385,3.320215589510385,0.11976926735610573,0.00039685793618980057,19.201901444216126,0.0014671965472781386,0.00098961051347507,2,72,2194,36,36.0,2266
22395,952618617,0.46843475448047683,2459282.9848559257,0.041666666666666664,1.0,0.004430956000304073,4.430956000304073,0.07240312257519473,0.0020615039630462206,19.167918736498684,0.003349902179203629,0.002259478065023357,35,210,2082,6,6.0,2292
9217,737432571,11.243573740269838,2459292.5390225924,0.25,6.0,0.00226155459126277,2.2615545912627697,0.11974698050197065,0.00018412665009342173,19.074218383386942,0.0010060662337167924,0.000678582378063397,2,72,2220,36,36.0,2292
9753,765185553,0.5472695499662606,2459283.1723559257,0.041666666666666664,1.0,0.016775209132127326,16.775209132127326,0.07886234823041491,0.0244824648041149,19.031289595237286,0.01162717875658986,0.00784242463010243,29,174,2118,6,6.0,2292
20621,902389188,11.33850618978828,2459292.5390225924,0.25,6.0,0.0022589763156770394,2.2589763156770393,0.11974698050197065,0.0001837070638124332,19.026106549364158,0.0010074604389777812,0.0006795227566287476,2,72,2220,36,36.0,2292
1765,677874304,0.5518902906778258,2459282.9890225925,0.041666666666666664,1.0,0.004254421054048589,4.2544210540485885,0.07886234823041491,0.0015747085699464758,19.00724082846201,0.00295254153600327,0.0019914619830050384,29,174,2118,6,6.0,2292
1994,678969227,3.185547093884336,2459285.2390225925,0.25,6.0,0.0022539211370158235,2.2539211370158236,0.07764689564973222,0.00045721444426980324,18.96846661691288,0.0015941997780033249,0.001075273019022882,5,180,2112,36,36.0,2292
3275,730957726,1.4033493803003694,2459283.2390225925,0.125,3.0,0.0033035732052460963,3.303573205246096,0.07149353256085755,0.0011786683596213565,18.914676846584836,0.0025669173456414826,0.0017313620299753696,12,216,2076,18,18.0,2292
17750,901911125,12.862573686551338,2459292.5390225924,0.25,6.0,0.00550013237968265,5.5001323796826505,0.12056101149502675,0.0010739266948881904,18.913848682975114,0.0024503177528970763,0.0016527166821105332,2,71,2220,35,35.5,2291
3020,676332606,11.33850618978828,2459292.5390225924,0.25,6.0,0.0025283627811175007,2.528362781117501,0.11974698050197065,0.000230134260705848,18.864063675549634,0.0011372878072788452,0.00076709011687498,2,72,2220,36,36.0,2292
9496,735584898,0.4324741503087996,2459283.218189259,0.041666666666666664,1.0,0.03836136502069985,38.36136502069985,0.07076542517558257,0.16261117305077682,18.862013411982733,0.03023445467790899,0.02039286029806353,37,221,2071,5,6.0,2292
12233,804990078,0.5116695036794892,2459282.997355926,0.041666666666666664,1.0,0.009850508758181288,9.850508758181288,0.0764929924515223,0.009024024619935582,18.82318156493284,0.007137105265036859,0.0048139115506791175,31,186,2106,6,6.0,2292
12034,807272171,0.6260727305620779,2459283.3827725924,0.0625,1.5,0.005589733263602702,5.589733263602701,0.0691195930991471,0.0036400562421333884,18.790631745295126,0.004540750750309074,0.003062694422169887,26,233,2059,8,9.0,2292
14495,846374851,0.6340185890772351,2459282.9452725924,0.0625,1.5,0.0033345788905674305,3.3345788905674305,0.06899707482135521,0.0013009717161578962,18.78498289108023,0.0027154269340364805,0.001831530375041468,26,234,2053,9,9.0,2287
13462,805589412,0.7469742585796195,2459283.0327725927,0.0625,1.5,0.003027308383987856,3.0273083839878563,0.07435092446850082,0.0009072950091245533,18.771720999530228,0.0022692647553931126,0.0015305981083185705,22,198,2094,9,9.0,2292
2152,679221411,1.1183458887172404,2459283.280689259,0.08333333333333333,2.0,0.002709809044186609,2.709809044186609,0.07764689564973222,0.0006608758550359988,18.7576015369231,0.0019381957390184313,0.0013072951160248425,15,180,2112,12,12.0,2292
13719,843492150,0.8653789810356914,2459283.0015225927,0.0625,1.5,0.0042548781512688864,4.254878151268886,0.07949483590381667,0.0015478909810234262,18.729118352767784,0.0029707619220185185,0.0020037514650064203,19,171,2121,9,9.0,2292
6451,726844679,11.33850618978828,2459292.780689259,0.16666666666666666,4.0,0.0046319377769951505,4.631937776995151,0.1474037288625596,0.0005041889178939372,18.71643088641104,0.001696635737996591,0.0011443651274764544,2,47,2216,23,23.5,2263
21197,901524208,8.032405308596676,2459284.4390225927,0.25,6.0,0.0037423031271176855,3.7423031271176854,0.0985765918618978,0.0007562609655426796,18.69536327079009,0.002080256711658256,0.0014031139293526618,3,108,2183,36,36.0,2291
11639,814874748,1.565434509817672,2459283.1390225925,0.125,3.0,0.001972038443579465,1.972038443579465,0.07435092446850082,0.00038500462667257656,18.628007256555183,0.001489640851114845,0.0010047489890158134,11,198,2094,18,18.0,2292
2885,676312601,11.33850618978828,2459292.780689259,0.16666666666666666,4.0,0.00438994902796752,4.38994902796752,0.14739959548513457,0.000452883833001595,18.537937437387757,0.0016234801930237039,0.0010950223883877674,2,47,2222,23,23.5,2269
17878,901811159,11.243573740269838,2459292.880689259,0.16666666666666666,4.0,0.0066343241677669544,6.634324167766954,0.17804734378134493,0.0007042281146082671,18.53302481130593,0.0020250015981227187,0.0013658448658591116,2,32,2218,8,16.0,2250
3166,729130788,2.87982702220125,2459283.8640225925,0.25,6.0,0.0015153858463337697,1.5153858463337697,0.07209542539471352,0.00024341779190648383,18.524211836140484,0.0011911087590184626,0.0008033918514895877,6,212,2080,32,36.0,2292
18822,901982175,11.33850618978828,2459292.5390225924,0.25,6.0,0.0036989064283068037,3.698906428306804,0.11975037547663483,0.0004925487155532982,18.51104971088607,0.0016955419768931443,0.0011436273957191045,2,72,2216,36,36.0,2288
14700,847058482,0.8653789810356914,2459283.322355926,0.08333333333333333,2.0,0.0017496119556441947,1.7496119556441947,0.07105352006265103,0.0003351950484889748,18.502769011666825,0.0013993523066075455,0.0009438502000590487,19,219,2073,8,12.0,2292
6072,727550366,0.5828909357013103,2459283.222355926,0.041666666666666664,1.0,0.0040535374861327845,4.053537486132784,0.08014481109357388,0.0013802179567246303,18.454523163284833,0.0028469904235907313,0.0019202687330303059,28,168,2124,6,6.0,2292
16249,901646085,11.33850618978828,2459292.5390225924,0.25,6.0,0.003208051827518632,3.208051827518632,0.1197495255934974,0.0003704974750096429,18.45290745177687,0.001475172543447329,0.0009949902491888096,2,72,2217,36,36.0,2289
14041,857553717,0.4199330079211671,2459283.0265225926,0.041666666666666664,1.0,0.0021693013751622617,2.1693013751622616,0.07048805880392849,0.0005247043328753181,18.39188676452793,0.0017613515207108698,0.0011880153249095304,38,223,2065,2,6.0,2288
2333,678324944,0.5878124371390634,2459283.0473559257,0.041666666666666664,1.0,0.002850529976114486,2.850529976114486,0.08036686969727949,0.0006784810155847257,18.391329835684786,0.0020029527979944983,0.0013509731539150804,28,167,2124,5,6.0,2291
7933,726051982,9.869760263720416,2459285.6140225925,0.20833333333333337,5.000000000000001,0.0018987957511708634,1.8987957511708633,0.13189837457758155,0.00010636004648760344,18.30058716137006,0.0007969649706630049,0.0005375455083387326,2,59,2232,29,29.5,2291
4291,733019176,11.33850618978828,2459292.5390225924,0.25,6.0,0.0027364731354856337,2.7364731354856335,0.11974698050197065,0.0002695782679644447,18.244442803662036,0.001272702311466579,0.0008584259486487111,2,72,2220,36,36.0,2292
5034,725736763,7.965153423850455,2459285.8390225926,0.25,6.0,0.0038561132346696327,3.8561132346696327,0.11974698050197065,0.0005353059340293948,18.227481718149445,0.0017951029282622711,0.0012107803374222792,2,72,2220,36,36.0,2292
9801,765419865,11.33850618978828,2459292.572355926,0.20833333333333337,5.000000000000001,0.002232938730072191,2.232938730072191,0.13082468100454214,0.00014958046116769224,18.220343757280016,0.0009492833538023382,0.0006402828502646285,2,60,2230,30,30.0,2290
20979,902321854,0.6447701587491637,2459283.1577725927,0.0625,1.5,0.042845125972219684,42.845125972219684,0.07034091773984048,0.20559893979244187,18.204772557147564,0.03522412193351444,0.02375834475483235,25,224,2068,8,9.0,2292
16321,901320005,0.6724535242289494,2459283.2952725925,0.0625,1.5,0.034097700473420374,34.097700473420375,0.07149353256085755,0.12556654317810995,18.16166143618646,0.027592839296868007,0.018611115133460143,24,216,2076,9,9.0,2292
5159,728774854,11.33850618978828,2459292.780689259,0.16666666666666666,4.0,0.00408406701757066,4.08406701757066,0.14740303842071795,0.00039197067999419984,18.118697998605445,0.001545307109788434,0.0010422953661057832,2,47,2217,23,23.5,2264
21015,403764130,12.648089726221105,2459292.8140225927,0.25,6.0,0.003726640616661423,3.726640616661423,0.13083162577475896,0.000416635508572519,18.07209980107966,0.0015972927556284924,0.0010773592038503255,2,60,2221,24,30.0,2281
15246,874104940,11.33850618978828,2459292.5390225924,0.25,6.0,0.0026469517671745806,2.646951767174581,0.11974698050197065,0.0002522287316789509,18.040275142635892,0.001244999333487585,0.0008397405459918961,2,72,2220,36,36.0,2292
14903,856737686,0.3276888609046284,2459282.934855926,0.020833333333333332,0.5,0.003623418401833414,3.623418401833414,0.08525797062231684,0.0009649933272337584,18.024645396092946,0.002437308053389564,0.0016439417600091488,49,147,2145,3,3.0,2292
12510,807698932,0.34755373606095336,2459283.1890225927,0.020833333333333332,0.5,0.007338088434734057,7.338088434734058,0.08871873685298363,0.003634709076628497,17.96860987888967,0.004744990484897503,0.0032004522358677345,45,135,2157,3,3.0,2292
8067,731793060,0.7564545497397366,2459283.1015225924,0.0625,1.5,0.004579296105029301,4.579296105029301,0.07612118041171508,0.0019711755648484336,17.94796721225262,0.003498342964167081,0.002359600002810658,21,188,2104,8,9.0,2292
13359,811158406,12.971175778322415,2459292.5390225924,0.25,6.0,0.0017176010431330698,1.71760104313307,0.11975037547663483,0.00010620552036138514,17.93348120199002,0.0008126881766855455,0.000548150665510283,2,72,2216,36,36.0,2288
19493,902364232,11.290940193331583,2459292.572355926,0.20833333333333337,5.000000000000001,0.002581973067173356,2.581973067173356,0.13082468100454214,0.00019999754758825758,17.921177656287618,0.0011159912458107938,0.000752725782956154,2,60,2230,30,30.0,2290
4996,725774591,2.843735496714842,2459283.4668006203,0.25,6.0,0.001250682664818467,1.250682664818467,0.07149515606300194,0.00016893436983236155,17.891613952713072,0.0010273643396441652,0.0006929477537057638,6,216,2075,36,36.0,2291
4697,728857460,11.243573740269838,2459292.884855926,0.20833333333333337,5.000000000000001,0.0044908658048204795,4.49086580482048,0.15762295537932217,0.0004134414513765708,17.884327380267997,0.001607864308815481,0.0010844896187882647,2,41,2199,11,20.5,2240
9791,766066766,11.33850618978828,2459292.780689259,0.16666666666666666,4.0,0.00521995119461273,5.21995119461273,0.14740028283853718,0.0006403254261422634,17.87909833742207,0.0020015652772776,0.0013500372840129504,2,47,2221,23,23.5,2268
19773,901491717,0.4361256432763046,2459283.1473559258,0.041666666666666664,1.0,0.005329964966782552,5.329964966782552,0.07076542517558257,0.003139142183457791,17.816567426305863,0.004447300297586983,0.0029996629553399323,37,221,2071,5,6.0,2292
3619,725837668,0.496831807376781,2459283.259855926,0.041666666666666664,1.0,0.01661181195115894,16.61181195115894,0.0753957811122334,0.026491420444864033,17.795617706890134,0.012934646171477144,0.008724299319760653,32,192,2100,6,6.0,2292
11350,815778306,0.7757776190221133,2459283.1640225924,0.0625,1.5,0.005148511376007034,5.1485113760070345,0.07593758269472299,0.0025049275072485783,17.79544005788759,0.003977441921100907,0.002682747822137399,21,189,2103,9,9.0,2292
4441,729733651,1.166362344736601,2459283.0140225925,0.08333333333333333,2.0,0.0017761504292729173,1.7761504292729173,0.08014481109357388,0.00026499566918213496,17.772398801040847,0.001295353598841081,0.0008737040326730616,14,168,2124,12,12.0,2292
6144,727433199,11.33850618978828,2459292.5390225924,0.25,6.0,0.0024420549416131893,2.4420549416131894,0.11974698050197065,0.0002146907641628663,17.704184086289583,0.0011704308546466565,0.0007894447960654638,2,72,2220,36,36.0,2292
4694,734332396,5.738347658137348,2459286.7265225924,0.125,3.0,0.0028871942429791473,2.887194242979147,0.13771545224549753,0.00022506904611068216,17.704038513833048,0.0011983965146835124,0.000808307375342987,3,54,2237,18,18.0,2291
19142,901827610,11.290940193331583,2459292.572355926,0.20833333333333337,5.000000000000001,0.002320430168345934,2.320430168345934,0.13082314527827937,0.0001615318849850982,17.58792495383527,0.0010219497094319076,0.0006892956356616131,2,60,2232,30,30.0,2292
2793,683573876,3.508939843588372,2459282.930082749,0.25,6.0,0.00418069779096779,4.18069779096779,0.07949483590381667,0.0014943890086589532,17.57415046750761,0.00309255752550121,0.002085901474100371,5,169,2123,25,36.0,2292
5380,729641609,11.33850618978828,2459292.5390225924,0.25,6.0,0.002083668737404072,2.0836687374040723,0.11974698050197065,0.0001563003146604629,17.540441780943954,0.0010079857593316831,0.0006798770803532195,2,72,2220,36,36.0,2292
10804,811350135,5.934617491415228,2459286.6640225924,0.25,6.0,0.0015475376282603598,1.54753762826036,0.0985765918618978,0.00012932312638761178,17.50627374399262,0.0009186696739589308,0.0006196342060966753,3,108,2183,36,36.0,2291
15512,938134581,0.4926720477326553,2459283.2681892593,0.041666666666666664,1.0,0.0041673941607344575,4.167394160734458,0.07435092446850082,0.0017193502350014418,17.49805043278186,0.003351255271093214,0.002260390712999605,33,198,2094,6,6.0,2292
21683,951569510,11.33850618978828,2459292.5390225924,0.25,6.0,0.0017754881961887072,1.7754881961887072,0.11974782810718432,0.00011348490005299544,17.485365007926795,0.0008616072306452104,0.0005811461153684139,2,72,2219,36,36.0,2291
5682,732354891,11.33850618978828,2459292.5390225924,0.25,6.0,0.0026770986607741612,2.677098660774161,0.11974782810718432,0.00025800686062267704,17.424802284465617,0.0013036552743853794,0.0008793034361158636,2,72,2219,36,36.0,2291
20020,902465957,0.66682335926949,2459282.9452725924,0.0625,1.5,0.03371590889421592,33.71590889421592,0.07149353256085755,0.12277035135681136,17.42027974732677,0.02844504481083343,0.019185919877804825,24,216,2076,9,9.0,2292
2531,678328903,0.7345184312196247,2459283.3202725924,0.0625,1.5,0.0032348316784234954,3.2348316784234954,0.07557490271902442,0.0009993249868284221,17.379365290269476,0.002572376062184054,0.0017350438838419358,22,191,2101,2,9.0,2292
20342,901164732,1.3741594689878656,2459283.8890225925,0.125,3.0,0.003790236373790412,3.790236373790412,0.07164235088404161,0.0015443333651894184,17.368726366691313,0.0031997610819900512,0.0021582092823351218,12,215,2077,17,18.0,2292
6303,728235213,3.435953284237533,2459283.8640225925,0.20833333333333337,5.000000000000001,0.0018040157332062244,1.8040157332062243,0.0844601685689565,0.00024408545742416938,17.362050796412007,0.001272579514403138,0.0008583431231641292,5,150,2142,30,30.0,2292
1970,683040282,4.403171330704517,2459283.2640225925,0.16666666666666666,4.0,0.003972495862000459,3.9724958620004593,0.09414645307028784,0.0009389530407298409,17.359726310244458,0.0024962843860949335,0.0016837207514467378,5,119,2173,23,24.0,2292
14864,872673819,0.5381438070702153,2459283.009855926,0.041666666666666664,1.0,0.02011455305142756,20.11455305142756,0.07764689564973222,0.03641357200128244,17.341543208147584,0.015561766592566936,0.01049626776781798,30,180,2112,6,6.0,2292
12470,805667858,11.243573740269838,2459292.5390225924,0.25,6.0,0.0018051724973926957,1.8051724973926957,0.11974698050197065,0.00011731131883234734,17.34124482354656,0.0008832927927189781,0.0005957728266012263,2,72,2220,36,36.0,2292
21169,902395064,11.33850618978828,2459292.5390225924,0.25,6.0,0.01163523729656042,11.63523729656042,0.12057713704969285,0.004805945516628107,17.318114625673793,0.005661138884132502,0.003818385865461016,2,71,2201,35,35.5,2272
13832,846196298,2.2566998649915675,2459285.0515225925,0.20833333333333337,5.000000000000001,0.003902350221923508,3.902350221923508,0.07209542539471352,0.0016142037489819238,17.26681372685076,0.003290652101943174,0.002219514435412906,8,212,2080,3,30.0,2292
1787,677509767,4.592222575654315,2459286.2640225925,0.25,6.0,0.002095876252131636,2.095876252131636,0.08966010803417875,0.00028991801944045723,17.228040571501822,0.0013977088549091989,0.0009427417070748678,4,132,2159,24,36.0,2291
107,650236521,1.494692393263185,2459282.9223559257,0.08333333333333333,2.0,0.004820460322461184,4.820460322461184,0.08998083545523738,0.0015220128706876792,17.21451416271145,0.0032050100081583376,0.0021617496345328058,11,131,2160,11,12.0,2291
3569,725927022,11.33850618978828,2459292.5390225924,0.25,6.0,0.001877727417979679,1.877727417979679,0.11974698050197065,0.00012693096922437476,17.192216796957396,0.0009267592233073639,0.0006250905323805234,2,72,2220,36,36.0,2292
4902,732457379,11.290940193331583,2459292.8306892593,0.16666666666666666,4.0,0.004465402337439594,4.465402337439594,0.16152793342708732,0.0003888264516866143,17.17359661472849,0.001623796650460377,0.001095235836004571,2,39,2221,15,19.5,2260
11793,812004007,11.290940193331583,2459292.5390225924,0.25,6.0,0.0014451479031639804,1.4451479031639805,0.1197486764706872,7.518428863269297e-05,17.159122312132656,0.0007146336719720707,0.00048201380815598993,2,72,2218,36,36.0,2290
7763,731140159,11.33850618978828,2459292.5390225924,0.25,6.0,0.002262458919129218,2.2624589191292177,0.11974698050197065,0.00018427393298690455,17.14749852208492,0.0011195569138986513,0.0007551307931327744,2,72,2220,36,36.0,2292
11366,805433743,0.6612403332665958,2459283.1077725925,0.0625,1.5,0.0061962546710640585,6.196254671064058,0.07149353256085755,0.004146505770457782,17.11948471341488,0.005319434263772146,0.0035879092565574977,24,216,2076,9,9.0,2292
5591,724528921,0.5247397208824656,2459283.2015225925,0.041666666666666664,1.0,0.003335910136092895,3.335910136092895,0.07725567386150091,0.0010126749756839458,17.110942169254386,0.0026301233290017007,0.0017739938816954681,31,182,2110,2,6.0,2292
3697,724200248,2.0922355753996578,2459283.9140225924,0.125,3.0,0.004860011144067432,4.860011144067432,0.08608132081163344,0.001700618999073093,17.05129113140764,0.0034202766980728134,0.0023069450277032333,8,144,2148,18,18.0,2292
13446,810850217,11.33850618978828,2459292.5390225924,0.25,6.0,0.002232659587838626,2.232659587838626,0.11974698050197065,0.00017945167806603877,17.02660784461277,0.0011126552621987112,0.000750475692836039,2,72,2220,36,36.0,2292
13604,872102312,3.364484858021865,2459283.9890225925,0.25,6.0,0.00887568962429826,8.87568962429826,0.07764689564973222,0.007090007967618821,17.00767136345873,0.007001538866665075,0.004722473267681826,5,180,2112,36,36.0,2292
12892,808865662,2.163796720179622,2459283.759855926,0.20833333333333337,5.000000000000001,0.0046075645331479,4.6075645331479,0.0682202030293411,0.002547558111254691,16.991710406759275,0.004200876845537351,0.0028334526140141314,8,240,2052,30,30.0,2292
5710,725276436,12.862573686551338,2459292.8890225925,0.25,6.0,0.003637266164190531,3.6372661641905313,0.1458731165496484,0.00031751292357996716,16.985954856261603,0.0014835621194899836,0.0010006489407055064,2,48,2244,13,24.0,2292
6829,728029774,11.33850618978828,2459292.5390225924,0.25,6.0,0.0020406457349504163,2.040645734950416,0.11974782810718432,0.0001499124605605677,16.977642169058864,0.001019897408236753,0.0006879113774698187,2,72,2219,36,36.0,2291
15953,940901091,4.9324241486609415,2459284.9765225924,0.125,3.0,0.007189888294934541,7.1898882949345415,0.13771545224549753,0.0013957513297281916,16.957186845693208,0.0031157687517028186,0.002101557231689477,3,54,2237,18,18.0,2291
13524,805700269,1.132539476409164,2459283.3890225925,0.08333333333333333,2.0,0.003027553565450856,3.027553565450856,0.08104002583686552,0.0007516186085172837,16.937919257021694,0.0022890416846246494,0.0015439374643360648,14,164,2128,8,12.0,2292
14920,847108601,2.549295050048273,2459283.2640225925,0.25,6.0,0.004568668620151522,4.568668620151522,0.07149353256085755,0.0022542551597617786,16.909383761942852,0.0039708981997641,0.0026783341425631324,6,216,2076,36,36.0,2292
12444,808976176,0.6234463022843941,2459283.3015225925,0.041666666666666664,1.0,0.0023855783971225997,2.3855783971226,0.08293756980523279,0.0004438967745278065,16.897929640187886,0.0017632849268849774,0.001189319389508281,26,156,2135,6,6.0,2291
5693,732268678,2.3437183115783053,2459284.197355926,0.20833333333333337,5.000000000000001,0.002180183157511662,2.1801831575116624,0.07256188529801601,0.000496709253731091,16.85644322728106,0.0018698216376444713,0.0012611774164605905,7,209,2081,29,30.0,2290
2304,678324610,4.572957811927443,2459284.6140225925,0.25,6.0,0.0030082640624123896,3.0082640624123895,0.09857552798303805,0.0004886812441369022,16.85064419663165,0.0018552879538184142,0.0012513745810187604,3,108,2184,36,36.0,2292
14987,873818219,0.3208728755754054,2459282.9556892593,0.020833333333333332,0.5,0.006312049689505846,6.312049689505846,0.08608132081163344,0.002868621932360941,16.822415088467082,0.00450259941130559,0.0030369616965503776,48,144,2148,3,3.0,2292
8661,736459255,0.675286408063518,2459283.1202725926,0.0625,1.5,0.0034427109821843376,3.442710982184338,0.07209542539471352,0.0012563394441263806,16.819696229635593,0.002980233878799112,0.0020101402123290923,24,212,2080,5,9.0,2292
4209,729997128,0.965329190293417,2459283.722355926,0.08333333333333333,2.0,0.0018719245802485767,1.8719245802485767,0.0733545362426814,0.0003574183666821586,16.803897885563508,0.0015910850571116803,0.001073172168563119,17,204,2088,12,12.0,2292
4185,728904374,4.496703546970284,2459286.968189259,0.20833333333333337,5.000000000000001,0.0018852897726703895,1.8852897726703894,0.09377493529654439,0.00021325905161613412,16.732595266115272,0.001234256514907142,0.0008324946141286538,4,120,2172,30,30.0,2292
4406,729730324,11.33850618978828,2459292.5390225924,0.25,6.0,0.0026380464460976577,2.6380464460976576,0.11974782810718432,0.00025053440586366533,16.714764157432178,0.0013392092262034978,0.0009032842480800607,2,72,2219,36,36.0,2291
6500,728190754,1.9154470825988086,2459284.380689259,0.16666666666666666,4.0,0.002381708478280271,2.381708478280271,0.0753957811122334,0.000544563386449164,16.70856766354479,0.0019751496005008477,0.0013322201541217105,8,192,2100,24,24.0,2292
1963,683040259,4.403171330704517,2459283.2640225925,0.16666666666666666,4.0,0.0029263452573243106,2.9263452573243107,0.09414645307028784,0.0005095280456213369,16.69380805829641,0.001912245417504708,0.0012897918639583894,5,119,2173,23,24.0,2292
12224,806856031,0.9734797184745045,2459283.7577725924,0.0625,1.5,0.00348893429703541,3.48893429703541,0.08608132081163344,0.0008764317020901579,16.656576570841963,0.0025135544141594635,0.0016953692257921649,16,144,2148,9,9.0,2292
10001,811529147,0.4398079667590721,2459283.197355926,0.041666666666666664,1.0,0.0031069659626152017,3.1069659626152015,0.07240471645336292,0.0010135899367491876,16.64519556452124,0.002704937537520547,0.001824455374018985,35,210,2081,6,6.0,2291
16632,901553678,11.243573740269838,2459292.884855926,0.20833333333333337,5.000000000000001,0.005863303732952978,5.8633037329529785,0.15759781542589524,0.0007047557786296367,16.64090024185483,0.002256095625732628,0.0015217156520522246,2,41,2238,11,20.5,2279
22271,952560210,11.243573740269838,2459292.884855926,0.20833333333333337,5.000000000000001,0.004576760825631263,4.576760825631263,0.15760673903805258,0.00042940816292817566,16.5749937921719,0.001768059073745974,0.0011925395074504075,2,41,2224,11,20.5,2265
13657,860038991,0.6983833618595284,2459283.3140225927,0.0625,1.5,0.007002888420664129,7.002888420664129,0.07351738784793083,0.004977605292575581,16.565431182019605,0.006023133385712524,0.004062547811758077,23,203,2089,5,9.0,2292
7966,734554445,0.4548508051252133,2459283.1515225926,0.041666666666666664,1.0,0.0072696892690134775,7.269689269013478,0.07271704834481578,0.005496231735073009,16.558224913057465,0.006331895490910694,0.0042708049985907826,35,208,2083,4,6.0,2291
6441,728294970,2.1729122717070197,2459283.259855926,0.20833333333333337,5.000000000000001,0.01057725939045996,10.57725939045996,0.0682202030293411,0.013425409945568808,16.54600164861742,0.00990343173843223,0.006679773194679772,8,240,2052,30,30.0,2292
5992,734444648,12.75488087351786,2459292.548745127,0.25,6.0,0.003368195235139204,3.368195235139204,0.12056438354737961,0.0004027382395415126,16.490267850221343,0.0017210707415041139,0.0011608463115500567,2,71,2216,35,35.5,2287
10143,806459645,1.488422031727744,2459283.7890225924,0.125,3.0,0.0020446277397077437,2.0446277397077437,0.07504187896446876,0.0004055087516162925,16.483062014143197,0.0017277353574545247,0.001165341533424069,11,194,2098,14,18.0,2292
9969,806464267,1.6464316922825197,2459283.9265225925,0.125,3.0,0.025711072693214817,25.711072693214817,0.07784505729623038,0.05916480368370201,16.480552335053627,0.020872523035875928,0.014078323914660684,10,179,2113,17,18.0,2292
5369,728635922,11.290940193331583,2459292.843189259,0.20833333333333337,5.000000000000001,0.0040323103357057435,4.032310335705743,0.1474037288625596,0.00038209887612082507,16.46812455376479,0.0016786445118856,0.0011322302117129368,2,47,2216,17,23.5,2263
14001,859578244,0.7013254818200299,2459283.3077725926,0.0625,1.5,0.004782771803930136,4.782771803930136,0.07351738784793083,0.0023218029720396163,16.462712373344498,0.004139294140526852,0.002791915648540977,23,203,2089,5,9.0,2292
12839,816313530,11.386272570267936,2459292.5390225924,0.25,6.0,0.001995902076189659,1.995902076189659,0.11974698050197065,0.0001434105035185749,16.446674548167024,0.0010297395173897747,0.0006945497891472918,2,72,2220,36,36.0,2292
13230,811164368,11.33850618978828,2459292.5390225924,0.25,6.0,0.0017400568116775067,1.7400568116775066,0.11974782810718432,0.00010900071748315044,16.42438501678725,0.0008989603957258079,0.0006063404800524808,2,72,2219,36,36.0,2291
13605,860033467,12.75488087351786,2459292.5390225924,0.25,6.0,0.0012526480735301562,1.2526480735301562,0.12056017036506472,5.570401546221782e-05,16.42057741464675,0.0006427910550350763,0.00043355662689537056,2,71,2221,35,35.5,2292
13539,811125554,0.44726614870884984,2459283.0890225926,0.041666666666666664,1.0,0.039327900387989764,39.327900387989764,0.07149353256085755,0.16704184488418572,16.42053712965893,0.03519980662444278,0.0237419443035497,36,216,2076,6,6.0,2292
2424,683662588,1.9154470825988086,2459283.447355926,0.16666666666666666,4.0,0.0013558754071817073,1.3558754071817072,0.0753957811122334,0.00017648621950081542,16.382532175096447,0.0011468044470154838,0.0007735090024386104,8,192,2100,24,24.0,2292
19550,900977960,0.5291702363229946,2459283.2973559257,0.041666666666666664,1.0,0.015910727279469215,15.910727279469215,0.07764689564973222,0.022783611830548126,16.378662626034888,0.013033103586296805,0.008790707936258468,30,180,2112,6,6.0,2292
4580,729714887,0.5927754921075341,2459282.9515225925,0.041666666666666664,1.0,0.0023856543038295016,2.3856543038295017,0.08150044830703666,0.00046099906304779807,16.339931152031678,0.0018582955926781475,0.0012534032056374933,27,162,2130,6,6.0,2292
10260,817523174,6.904292363633968,2459285.6140225925,0.25,6.0,0.0014789866862101708,1.4789866862101708,0.1197495255934974,7.874645824752991e-05,16.30757157802731,0.0007695577555002265,0.0005190595949684518,2,72,2217,36,36.0,2289
12987,814704301,2.3046367095897873,2459283.0765225925,0.125,3.0,0.0034004929318131485,3.4004929318131487,0.09164163057033695,0.0007284911872966045,16.306517801712282,0.00234080868491528,0.0015788538276779174,7,126,2166,18,18.0,2292
6892,731639096,2.819926119009619,2459285.5140225925,0.25,6.0,0.0023251667392771287,2.3251667392771287,0.07784505729623038,0.00048387283270693687,16.290694403340552,0.0019095939081463019,0.0012880034453974787,5,179,2113,35,36.0,2292
22128,952267760,11.290940193331583,2459292.8640225925,0.25,6.0,0.002486168705277457,2.486168705277457,0.1389934820997302,0.00016379742302417618,16.285958114048125,0.0011113611646893294,0.0007496028360240992,2,53,2216,17,26.5,2269
13530,805705291,0.5225383931867004,2459283.284855926,0.041666666666666664,1.0,0.0037318646922907686,3.7318646922907686,0.07687109931829668,0.0012812668955041154,16.27183069100372,0.0031109883425082456,0.002098332889861221,31,184,2108,4,6.0,2292
14812,856781126,1.7535967600280613,2459283.4640225926,0.16666666666666666,4.0,0.008613384015009672,8.613384015009672,0.07149353256085755,0.008012561492522607,16.27093805257162,0.007780152217622457,0.005247640778107687,9,216,2076,24,24.0,2292
528,677325515,11.33850618978828,2459292.5390225924,0.25,6.0,0.0031214933213580777,3.1214933213580776,0.11974698050197065,0.000350773939990191,16.26489837600131,0.0016284607826760672,0.0010983817500850312,2,72,2220,36,36.0,2292
8183,727667534,6.904292363633968,2459285.6390225925,0.25,6.0,0.0019114830675859126,1.9114830675859127,0.11974698050197065,0.00013153563063603542,16.222956319903826,0.0009997852025687573,0.0006743458805940628,2,72,2220,36,36.0,2292
13014,810808034,11.33850618978828,2459292.5390225924,0.25,6.0,0.0019045683671316735,1.9045683671316735,0.11974782810718432,0.00013058570394282993,16.22097484919131,0.0009962902132476979,0.0006719885425925387,2,72,2219,36,36.0,2291
6915,728118388,0.575585836159054,2459283.247355926,0.041666666666666664,1.0,0.0024991186007761916,2.4991186007761916,0.08150044830703666,0.0005058930962403896,16.20866747154536,0.001962443046512594,0.0013236497008718429,27,162,2130,6,6.0,2292
12682,805512948,11.33850618978828,2459292.5390225924,0.25,6.0,0.001902381917011897,1.902381917011897,0.11974698050197065,0.00013028605049425897,16.19831926600836,0.0009965383186997237,0.0006721558874273059,2,72,2220,36,36.0,2292
4922,729520243,0.6447701587491637,2459283.0140225925,0.0625,1.5,0.0011294864438229125,1.1294864438229126,0.07020140583398292,0.00014352070801271956,16.168428226422872,0.0010478629351031252,0.0007067738669250812,25,225,2067,9,9.0,2292
9546,737502250,13.135800625370544,2459292.780689259,0.16666666666666666,4.0,0.0049364705987187864,4.9364705987187865,0.15056310800088318,0.0005482966943703378,16.15842162833291,0.0020493865208299675,0.001382292270895702,2,45,2237,22,22.5,2282
3075,680565712,4.829828868058581,2459286.1640225924,0.25,6.0,0.0012683914159757744,1.2683914159757745,0.08608132081163344,0.00011583480845671417,16.145621633044275,0.0009427135936691349,0.0006358516077628051,4,144,2148,36,36.0,2292
5883,732271796,0.6313588272482306,2459283.3952725925,0.0625,1.5,0.00177306447789206,1.7730644778920601,0.07105352006265103,0.00034424146188250947,16.1427672351669,0.0016254312379085146,0.0010963383501338964,25,219,2073,3,9.0,2292
2208,679302101,0.675286408063518,2459283.3140225927,0.0625,1.5,0.0021838136185312698,2.18381361853127,0.07149353256085755,0.0005150565274121249,16.129948056791687,0.0019898002299481225,0.0013421018683044128,24,216,2076,9,9.0,2292
15043,871073090,12.862573686551338,2459292.5390225924,0.25,6.0,0.002967320856516368,2.967320856516368,0.12056101149502675,0.0003125772538258547,16.093913761983224,0.0015535742474983778,0.0010478714740984607,2,71,2220,35,35.5,2291
7195,727197315,11.33850618978828,2459292.8015225925,0.20833333333333337,5.000000000000001,0.00256756113169266,2.5675611316926603,0.13899641755925043,0.00017469780937194067,16.075402578631223,0.0011627781696126954,0.0007842831307248721,2,53,2212,23,26.5,2265
13981,872193747,0.5181634033245158,2459283.1098559257,0.041666666666666664,1.0,0.0022378893667333007,2.2378893667333006,0.0764929924515223,0.00046575784004963155,16.049979132998306,0.0019016063228712605,0.001282615892938932,31,186,2106,6,6.0,2292
9197,737435093,11.290940193331583,2459292.5890225926,0.25,6.0,0.0033362850907698036,3.3362850907698034,0.11974782810718432,0.0004007087354481436,16.04859622715775,0.0017639747015351576,0.0011897846361359488,2,72,2219,36,36.0,2291
14168,859722081,0.7376127794757078,2459282.9702725927,0.0625,1.5,0.0025064063933461157,2.506406393346116,0.07452160157265436,0.000618784191347719,16.038934764924132,0.0021933557714501725,0.0014793982000878003,22,197,2095,8,9.0,2292
8505,736648087,11.33850618978828,2459292.5390225924,0.25,6.0,0.0033413607084186434,3.3413607084186436,0.11974698050197065,0.0004019288898155018,15.994037584827145,0.0017726847041208654,0.001195659452395026,2,72,2220,36,36.0,2292
14669,868576825,11.33850618978828,2459292.780689259,0.16666666666666666,4.0,0.0038947744655618627,3.894774465561863,0.14740097080796755,0.00035647780123342825,15.991197511220296,0.0016697453998437994,0.0011262278428731953,2,47,2220,23,23.5,2267
2033,679205245,0.6954535843421384,2459283.4577725925,0.0625,1.5,0.0017492847471519129,1.7492847471519128,0.07287341203313161,0.00031670970260499733,15.990951371597275,0.0015738791405260758,0.0010615669368178038,23,207,2085,9,9.0,2292
14730,871636408,2.647595979909538,2459284.5390225924,0.125,3.0,0.0015957384686024225,1.5957384686024225,0.09164163057033695,0.00016042201939118908,15.98409455690463,0.0011206214916614902,0.0007558488409965536,7,126,2166,18,18.0,2292
6717,728549358,11.33850618978828,2459292.5390225924,0.25,6.0,0.0029060604193775876,2.9060604193775874,0.11974698050197065,0.0003040267377986294,15.944798181418506,0.0015465068963803493,0.0010431046110753739,2,72,2220,36,36.0,2292
6425,728183844,13.135800625370544,2459292.822355926,0.20833333333333337,5.000000000000001,0.004468379914482149,4.468379914482148,0.16150813689083549,0.0003893451716728761,15.940404060047841,0.0017505844592712837,0.0011807530414618128,2,39,2253,19,19.5,2292
13333,816423285,2.136678867658717,2459283.468189259,0.20833333333333337,5.000000000000001,0.004016730451739905,4.016730451739905,0.0682202030293411,0.001936094822632159,15.915068514204306,0.003909937335653531,0.0026372166030308453,8,240,2052,30,30.0,2292
3693,734480049,11.33850618978828,2459292.5390225924,0.25,6.0,0.0016036390792704932,1.603639079270493,0.11974698050197065,9.257969867628654e-05,15.910689147490936,0.0008552318937411229,0.0005768460095380568,2,72,2220,36,36.0,2292
17962,902419477,11.33850618978828,2459292.5390225924,0.25,6.0,0.0028781633253770773,2.878163325377077,0.1197563460338176,0.00029821766859164286,15.905185309023611,0.0015354757069685394,0.001035664175751072,2,72,2209,36,36.0,2281
5942,732511016,0.9734797184745045,2459283.4890225925,0.08333333333333333,2.0,0.0016907534921661621,1.6907534921661622,0.0733545362426814,0.0002915820318697514,15.900141141240159,0.001518778348865873,0.001024401962003152,17,204,2088,12,12.0,2292
7026,726524526,10.556461190199482,2459292.1140225925,0.25,6.0,0.004068540648809282,4.068540648809282,0.11974698050197065,0.0005959088283964844,15.886426433361542,0.002173094895348907,0.0014657324263785965,2,72,2220,36,36.0,2292
6352,728316502,0.540410876595162,2459283.259855926,0.041666666666666664,1.0,0.0020365505875674247,2.0365505875674246,0.07784505729623038,0.00037120467746704945,15.844853663186587,0.0017196239506584018,0.0011598704644937285,30,179,2113,5,6.0,2292
22262,952557502,0.5291702363229946,2459283.3140225927,0.041666666666666664,1.0,0.003800441652527395,3.800441652527395,0.07784505729623038,0.0012926804295067314,15.818584570800207,0.00321434852084966,0.0021680483750503576,30,179,2113,5,6.0,2292
18124,901628970,0.7072469572723068,2459282.9015225926,0.0625,1.5,0.004949463595504581,4.9494635955045805,0.0733545362426814,0.0024987133680889635,15.788287289682055,0.004477526837261666,0.0030200504770414582,23,204,2088,6,9.0,2292
20231,902439810,11.33850618978828,2459292.572355926,0.20833333333333337,5.000000000000001,0.0026162261796089012,2.6162261796089012,0.13082698973197002,0.0002053391826861296,15.769789015998246,0.0012850648050215178,0.0008667643363156063,2,60,2227,30,30.0,2287
16221,901745145,0.6867377897578122,2459283.0390225924,0.0625,1.5,0.003236732630212801,3.236732630212801,0.07149353256085755,0.001131455316904302,15.753410530398872,0.003019667403146307,0.0020367377601148706,24,216,2076,9,9.0,2292
6411,726849577,1.0950840996242261,2459283.2056892593,0.08333333333333333,2.0,0.001459623980750511,1.459623980750511,0.08014481109357388,0.0001789621818752853,15.717891409241851,0.001203653122435995,0.0008118529086982296,14,168,2124,12,12.0,2292
3104,682160557,2.163796720179622,2459283.030689259,0.20833333333333337,5.000000000000001,0.002354551107034985,2.3545511070349847,0.0682202030293411,0.0006652693098767607,15.676539082427286,0.002326824097434334,0.001569421352646927,8,240,2052,30,30.0,2292
6791,728114286,11.290940193331583,2459292.5890225926,0.25,6.0,0.002293786804464301,2.2937868044643013,0.11974698050197065,0.00018941248455604378,15.672542022051337,0.0012418806356371554,0.0008376370131101818,2,72,2220,36,36.0,2292
9901,804763309,0.5073855143677469,2459283.097355926,0.041666666666666664,1.0,0.012668428262363808,12.668428262363808,0.0753957811122334,0.015406951165311178,15.655427558407613,0.011212653922401073,0.007562831459868524,32,192,2100,6,6.0,2292
16891,940093187,0.31818634460276,2459283.0848559258,0.020833333333333332,0.5,0.0049606658262201075,4.960665826220107,0.08525924582638023,0.0018087030997979594,15.650126493883871,0.003843092052718675,0.0025921300773766864,49,147,2144,3,3.0,2291
1503,678981628,11.33850618978828,2459292.5390225924,0.25,6.0,0.0016263602970620814,1.6263602970620814,0.11974698050197065,9.522172137095502e-05,15.610957799453208,0.000884002436861712,0.000596251475018017,2,72,2220,36,36.0,2292
16932,940951728,11.33850618978828,2459292.572355926,0.20833333333333337,5.000000000000001,0.0027764657537297597,2.77646575372976,0.13082314527827937,0.00023126286244902489,15.609009083282832,0.0013778204071938443,0.0009293271328705277,2,60,2232,30,30.0,2292
5265,725727998,1.3799484700199869,2459283.4015225926,0.125,3.0,0.0018233789911482957,1.8233789911482956,0.07384689874752944,0.00033413345000877815,15.604506252930744,0.0016566277950635475,0.0011173801396624494,12,201,2091,3,18.0,2292
5059,730369054,3.8977976077533527,2459283.0140225925,0.16666666666666666,4.0,0.002060220504941405,2.060220504941405,0.10426907534288267,0.00020373640939108883,15.597816647532213,0.0012941526647638787,0.0008728940137352481,4,96,2196,24,24.0,2292
18662,942195821,0.7757776190221133,2459283.0765225925,0.0625,1.5,0.00415290638239145,4.15290638239145,0.07593758269472299,0.0016298066692757719,15.597128228145214,0.00366048305296978,0.002468961994448793,21,189,2103,9,9.0,2292
15832,933792723,0.48649761932771857,2459283.0473559257,0.041666666666666664,1.0,0.008977381381335402,8.977381381335402,0.0733545362426814,0.008220524399526648,15.59479151133147,0.008222146036893847,0.005545761524952009,34,204,2088,6,6.0,2292
4646,732401751,10.826118145829037,2459291.4640225926,0.25,6.0,0.004943874588130193,4.943874588130193,0.11974698050197065,0.0008799082539537415,15.580970925966914,0.0026923974865596632,0.0018159972255225032,2,72,2220,36,36.0,2292
1110,679680377,1.2686685670844835,2459283.0890225926,0.125,3.0,0.003141202999213655,3.141202999213655,0.06898849848111081,0.0011544572850254568,15.56980618136254,0.0030861762572843275,0.002081597367654342,13,234,2058,18,18.0,2292
12577,816555222,0.7757776190221133,2459283.1265225927,0.0625,1.5,0.0027143457096061373,2.714345709606137,0.07593758269472299,0.0006962450636538096,15.55987027521282,0.002398225908675569,0.0016175812145390323,21,189,2103,9,9.0,2292
13795,871263607,0.7596413095503878,2459283.3640225925,0.0625,1.5,0.011209983373156398,11.209983373156398,0.07593758269472299,0.011875222222898855,15.54897921091834,0.009911376814488311,0.006685132075062938,21,189,2103,9,9.0,2292
6028,732516910,2.2004899837427,2459283.405689259,0.20833333333333337,5.000000000000001,0.0017856075212356025,1.7856075212356024,0.0682202030293411,0.0003826073063871783,15.52036950926551,0.0017823359652564025,0.0012021691388482414,8,240,2052,30,30.0,2292
15147,860820139,1.8677371258067603,2459283.5473559257,0.16666666666666666,4.0,0.0021974750813758435,2.1974750813758437,0.07164235088404161,0.0005191063988262852,15.506384945319834,0.002077938203912484,0.0014015501173023637,10,215,2077,7,24.0,2292
5058,732390979,1.2527689371519415,2459283.8390225926,0.125,3.0,0.0006833566514034523,0.6833566514034524,0.06898849848111081,5.4636228623028715e-05,15.499445661873024,0.0006744335848386495,0.0004548992208543434,13,234,2058,18,18.0,2292
5066,732390878,11.33850618978828,2459292.5390225924,0.25,6.0,0.001443651908445135,1.4436519084451351,0.11974698050197065,7.502870997926211e-05,15.491331808765901,0.0007907514215583337,0.0005333545268840778,2,72,2220,36,36.0,2292
12803,807032701,11.290940193331583,2459292.5890225926,0.25,6.0,0.002409851971953224,2.409851971953224,0.11974782810718432,0.00020906591496216629,15.458302554684181,0.001322801904022155,0.0008922176608809895,2,72,2219,36,36.0,2291
9216,737325459,0.3304556241210394,2459283.1056892592,0.020833333333333332,0.5,0.004206254695716853,4.2062546957168525,0.08608258029252716,0.0012738656566972852,15.457915876936777,0.0032653209365637093,0.0022024287984376834,48,144,2147,3,3.0,2291
10012,813582159,0.4270541540042466,2459282.9598559258,0.041666666666666664,1.0,0.002292931185822788,2.292931185822788,0.07034091773984048,0.000588843743366894,15.44735342652695,0.0022215748347067053,0.001498431697495417,38,224,2068,2,6.0,2292
15629,937083788,11.434240178939907,2459292.4890225925,0.25,6.0,0.0020420735464388965,2.0420735464388966,0.11974698050197065,0.00015012231728635914,15.441102709125792,0.0011221717098081707,0.0007568944488116625,2,72,2220,36,36.0,2292
11063,811346098,11.33850618978828,2459292.8015225925,0.20833333333333337,5.000000000000001,0.003424003020957985,3.424003020957985,0.13898112304315582,0.00031068061221952933,15.426049588784519,0.0016159106782546462,0.0010899168206223164,2,53,2233,23,26.5,2286
13992,859737018,1.3512453017133979,2459283.6890225927,0.08333333333333333,2.0,0.002023986685014539,2.023986685014539,0.0899796449965243,0.0002683221976231074,15.411544870883404,0.0015031320115561732,0.0010138486520681056,11,131,2161,11,12.0,2292
11035,806207573,2.738152225805015,2459283.5390225924,0.25,6.0,0.002998130574743914,2.998130574743914,0.06965302004495924,0.001029216104998034,15.390997546968777,0.002947823763556283,0.0019882798890842324,7,229,2063,13,36.0,2292
9999,806310916,13.080694826110575,2459292.843189259,0.20833333333333337,5.000000000000001,0.004179207852994263,4.179207852994263,0.1595224977646253,0.0003493155655705783,15.37945155591078,0.0017186328891740986,0.0011592020026804928,2,40,2235,17,20.0,2275
4555,732467364,5.738347658137348,2459284.8140225927,0.25,6.0,0.003402713900541747,3.402713900541747,0.09857552798303805,0.0006252369420027615,15.373476112719898,0.0023001980747149814,0.00155146234636111,3,108,2184,36,36.0,2292
2006,678248145,11.33850618978828,2459292.5390225924,0.25,6.0,0.0026924376384546604,2.6924376384546607,0.11974782810718432,0.0002609719357308231,15.35753007297516,0.0014876149248166386,0.0010033825204482927,2,72,2219,36,36.0,2291
15335,902616296,11.33850618978828,2459292.5390225924,0.25,6.0,0.0029350084228291396,2.9350084228291395,0.11974698050197065,0.00031011387991480773,15.340937687509664,0.0016233930943961882,0.001094963641168345,2,72,2220,36,36.0,2292
10898,812332246,0.3594411848346529,2459283.1702725925,0.020833333333333332,0.5,0.0033152789819176354,3.3152789819176354,0.0899796449965243,0.0007199153946803866,15.333814230558662,0.0024746029748400483,0.001669096839902906,44,131,2161,2,3.0,2292
15559,941402161,2.109900870503378,2459283.593189259,0.20833333333333337,5.000000000000001,0.012553635503673576,12.553635503673576,0.0682202030293411,0.018911251723091244,15.331852949411264,0.012684708469488134,0.008555718649324251,8,240,2052,30,30.0,2292
5784,732537301,1.2164403991146802,2459283.697355926,0.08333333333333333,2.0,0.0028159566367162996,2.8159566367162996,0.08293624783087249,0.0006185097188295927,15.319578242490735,0.0022958391257918618,0.0015485222755914352,13,156,2136,12,12.0,2292
4944,725773960,11.33850618978828,2459292.780689259,0.16666666666666666,4.0,0.00433205509496535,4.332055094965351,0.1474037288625596,0.00044101748162665835,15.317756371724386,0.001938865765995117,0.001307747043029217,2,47,2216,23,23.5,2263
3575,728987986,2.083458469465221,2459284.384855926,0.20833333333333337,5.000000000000001,0.0013784706055362409,1.3784706055362408,0.06834612263186154,0.00022707165463413035,15.308961665637327,0.0013920368259699295,0.0009389159759678467,8,239,2053,29,30.0,2292
21902,952639694,11.33850618978828,2459292.5390225924,0.25,6.0,0.002455834238176238,2.4558342381762377,0.11974698050197065,0.0002171203849943519,15.307008132069091,0.0013613662669817506,0.0009182289673423383,2,72,2220,36,36.0,2292
2913,676851709,0.6557040515460002,2459282.9140225924,0.0625,1.5,0.01327535499125064,13.27535499125064,0.07048141748466372,0.019650208091025145,15.293930113397934,0.012962222543433202,0.008742899327824905,25,223,2069,8,9.0,2292
5726,726930081,5.884929484372253,2459284.3140225927,0.25,6.0,0.0017616523112630503,1.7616523112630502,0.09857552798303805,0.00016758461875203615,15.27042002164487,0.0011988948453495417,0.0008086434947723875,3,108,2184,36,36.0,2292
10764,819367754,11.33850618978828,2459292.5390225924,0.25,6.0,0.0015628247834264346,1.5628247834264346,0.11974782810718432,8.792716693290775e-05,15.254232182081996,0.0008693330393635587,0.0005863571019584235,2,72,2219,36,36.0,2291
3260,729100967,3.881446015745025,2459286.2390225925,0.25,6.0,0.0015836637892631981,1.5836637892631982,0.08608258029252716,0.00018057535181448993,15.243810702248666,0.001246667637269665,0.0008408658014769088,4,144,2147,36,36.0,2291
5011,732391250,1.6673275285697875,2459283.1640225924,0.16666666666666666,4.0,0.001686491346745937,1.6864913467459368,0.07149353256085755,0.0003071793307660838,15.24291907255967,0.0016260835219876508,0.0010967783097178274,9,216,2076,24,24.0,2292
6126,728327411,0.9255888070247885,2459283.2640225925,0.08333333333333333,2.0,0.0022390722912657376,2.2390722912657375,0.0733545362426814,0.000511371362002428,15.241070362249474,0.002098300727488759,0.0014152844512941853,17,204,2088,12,12.0,2292
1390,679159480,1.5073124741597812,2459283.9890225925,0.125,3.0,0.0027923905653174136,2.7923905653174135,0.07764689564973222,0.0007017700562346334,15.22152422767505,0.0024612417378384373,0.0016600848090101428,10,180,2112,18,18.0,2292
2082,677651394,2.8677459032565604,2459285.5390225924,0.25,6.0,0.001680215042432284,1.680215042432284,0.07764689564973222,0.00025408103299341493,15.204580855552745,0.0014826091244695596,0.001000006154370403,5,180,2112,36,36.0,2292
8613,735966989,0.7856234706285888,2459283.2577725924,0.0625,1.5,0.023272303134770765,23.272303134770766,0.07784505729623038,0.04847320834110117,15.197216959973595,0.020488106220530402,0.013819038324922706,20,179,2113,8,9.0,2292
15266,936769346,2.2190692992808985,2459283.0515225925,0.20833333333333337,5.000000000000001,0.004569339835616454,4.569339835616454,0.06834612263186154,0.002495024550735493,15.196205020744054,0.004648547416941615,0.003135402277715915,8,239,2053,29,30.0,2292
16474,901256046,11.33850618978828,2459292.5390225924,0.25,6.0,0.0020628745470116995,2.0628745470116994,0.11974698050197065,0.00015319625028151408,15.17941405463952,0.0011531453657000125,0.0007777858934979176,2,72,2220,36,36.0,2292
11423,814833881,0.5472695499662606,2459283.1098559257,0.041666666666666664,1.0,0.006041836069589892,6.041836069589892,0.07886234823041491,0.003175829128986377,15.1587537369119,0.0052575094755446085,0.003546141559115479,29,174,2118,6,6.0,2292
34,650220349,11.33850618978828,2459292.5390225924,0.25,6.0,0.0013360918309890976,1.3360918309890977,0.11975122612112125,6.426508971008877e-05,15.155567549891671,0.0007480495263831365,0.000504552493176269,2,72,2215,36,36.0,2287
14667,868889389,11.33850618978828,2459292.5390225924,0.25,6.0,0.0020225587035824595,2.0225587035824595,0.11974698050197065,0.00014726677353973773,15.14798506272632,0.001132954622330711,0.0007641674236683604,2,72,2220,36,36.0,2292
11075,815414258,2.275753775337196,2459282.9216021504,0.20833333333333337,5.000000000000001,0.0024558959554482457,2.455895955448246,0.06938447728107587,0.0006966295810305046,15.14679374574407,0.0024643094484189084,0.0016621539514494188,8,231,2061,21,30.0,2292
2111,679037429,18.464648328172842,2459286.6140225925,0.20833333333333337,5.000000000000001,0.003508570758027163,3.508570758027163,0.13082314527827937,0.00036930206292249903,15.082771882828926,0.0018018751752520506,0.0012153481554377787,2,60,2232,30,30.0,2292
13627,846432358,11.33850618978828,2459292.572355926,0.20833333333333337,5.000000000000001,0.0016076244927660855,1.6076244927660854,0.13082314527827937,7.75336952922424e-05,15.076825962983902,0.0008259434582218826,0.0005570912304208031,2,60,2232,30,30.0,2292
3339,725626281,4.611568497164992,2459283.305689634,0.25,6.0,0.002339419148645189,2.339419148645189,0.08608636567361991,0.0003940475006194403,15.06106756783025,0.0018639468721131677,0.0012572149413956346,4,144,2144,36,36.0,2288
7500,731503717,11.33850618978828,2459292.780689259,0.16666666666666666,4.0,0.004049895774085279,4.049895774085279,0.14740028283853718,0.0003854389108524143,15.044192098043675,0.0018455418817978912,0.0012448009454997244,2,47,2221,23,23.5,2268
15875,941142204,2.136678867658717,2459284.093189259,0.20833333333333337,5.000000000000001,0.0025308066793020612,2.5308066793020614,0.0682202030293411,0.0007685978937599911,15.038794878014695,0.002607063185823925,0.0017584400282098511,8,240,2052,30,30.0,2292
4465,734453482,11.33850618978828,2459292.780689259,0.16666666666666666,4.0,0.003995693401419012,3.9956934014190124,0.14741066752961204,0.0003751907953163708,15.004930889785303,0.001825606132439994,0.0012313544667745813,2,47,2206,23,23.5,2253
5038,725774439,3.435953284237533,2459285.7640225925,0.25,6.0,0.0014813875668712928,1.4813875668712928,0.08608132081163344,0.00015800465687622114,14.996567668580457,0.0011853812949278821,0.0007995287298852571,4,144,2148,36,36.0,2292
6027,727580434,2.353591829194657,2459284.405689259,0.20833333333333337,5.000000000000001,0.0011729040083692378,1.172904008369238,0.07303413749058224,0.0001416974927234084,14.995659034793178,0.0011226141800498779,0.0007571928909010373,7,206,2085,26,30.0,2291
11628,806882864,0.815917146396783,2459282.879355446,0.0625,1.5,0.0323540673929205,32.3540673929205,0.07687109931829668,0.09630428227163904,14.992121125899112,0.029113974509383297,0.019637106778216173,21,182,2110,4,9.0,2292
13012,807955576,11.33850618978828,2459292.5390225924,0.25,6.0,0.001935222155365412,1.935222155365412,0.11974782810718432,0.00013482305246221744,14.987043732829184,0.001095673356444933,0.000739021554326813,2,72,2219,36,36.0,2291
5999,730664773,1.6121856265810932,2459284.0390225924,0.125,3.0,0.0019362172628468756,1.9362172628468757,0.07764689564973222,0.0003374043560051622,14.970090358651301,0.0017352654453814198,0.0011704205081488062,10,180,2112,18,18.0,2292
11517,804976157,12.75488087351786,2459292.5390225924,0.25,6.0,0.0023464451135111744,2.3464451135111744,0.12056017036506472,0.00019545606581057663,14.964589620457804,0.0013212188548059963,0.0008911499088128938,2,71,2221,35,35.5,2292
4509,733027638,0.5138250433761208,2459283.0015225927,0.041666666666666664,1.0,0.08784722317984713,87.84722317984712,0.0764929924515223,0.7176935196981179,14.959032282216649,0.08009050108988,0.05402030290697424,31,186,2106,6,6.0,2292
6418,726849620,1.0950840996242261,2459283.197355926,0.08333333333333333,2.0,0.0014625821105216322,1.4625821105216323,0.08014481109357388,0.0001796883001215046,14.95622134849055,0.0012675147268233539,0.0008549269707428531,14,168,2124,12,12.0,2292
12904,814743540,0.4926720477326553,2459283.2931892592,0.041666666666666664,1.0,0.004285452858167106,4.2854528581671065,0.07435092446850082,0.0018181455137576893,14.944747787256789,0.004034973873777956,0.002721552592592713,33,198,2094,6,6.0,2292
12438,814719997,0.7469742585796195,2459283.1265225927,0.0625,1.5,0.0047675052282880916,4.767505228288091,0.07469364131549452,0.00222745239797192,14.937268375885111,0.004468358706320578,0.003013866657440023,22,196,2096,7,9.0,2292
4918,732389379,11.33850618978828,2459292.8015225925,0.20833333333333337,5.000000000000001,0.0028654708595893578,2.8654708595893577,0.1389883703171154,0.00021758946604962797,14.91616748710837,0.0013985457565001977,0.0009433061894645878,2,53,2223,23,26.5,2276
20658,901181212,1.7027449191901753,2459284.0806892593,0.16666666666666666,4.0,0.006301543498404533,6.301543498404532,0.07149353256085755,0.004288620649926719,14.912953636971041,0.006210265198482452,0.004188766490275497,9,216,2076,24,24.0,2292
10822,812246501,0.6447701587491637,2459282.9952725926,0.0625,1.5,0.0028986425158879126,2.8986425158879126,0.07020140583398292,0.0009452394489277133,14.903809237884413,0.0029173506614534874,0.00196772606330331,25,225,2067,9,9.0,2292
6183,727602390,2.5173459272148944,2459282.9966766653,0.25,6.0,0.0015187481897656215,1.5187481897656214,0.07034091773984048,0.00025833875915863146,14.89667109925312,0.001612005608473757,0.0010872828871399953,7,250,2042,34,36.0,2292
17217,901908509,1.7243554598747077,2459283.197355926,0.16666666666666666,4.0,0.003666102205794656,3.666102205794656,0.0682202030293411,0.0016128366459998932,14.887889817451502,0.003814846284499844,0.0025730785677187673,10,240,2052,24,24.0,2292
10041,806308991,8.627462903474248,2459286.6640225924,0.25,6.0,0.0013891858258691552,1.3891858258691552,0.11974698050197065,6.947414131664761e-05,14.883739643706685,0.0007919805704601902,0.0005341835764604008,2,72,2220,36,36.0,2292
1345,677886337,11.290940193331583,2459292.5390225924,0.25,6.0,0.00259396779170206,2.5939677917020596,0.1197486764706872,0.00024223208055795578,14.874959466801362,0.001479704643056569,0.0009980471084962694,2,72,2218,36,36.0,2290
18448,901835764,11.243573740269838,2459292.880689259,0.16666666666666666,4.0,0.004785328731625104,4.785328731625104,0.1780444959977862,0.0003663899371154677,14.858890893537602,0.0018217986365647683,0.0012287863459899961,2,32,2223,8,16.0,2255
6860,728133568,10.556461190199482,2459284.947355926,0.20833333333333337,5.000000000000001,0.005213607217340099,5.213607217340099,0.17278493713909857,0.00046208890368391317,14.857549680647663,0.002046117531918843,0.0013800873680823167,2,34,2258,4,17.0,2292
5520,734423656,11.290940193331583,2459292.8306892593,0.16666666666666666,4.0,0.005393700918016963,5.393700918016963,0.1615241784275282,0.0005672941870638321,14.824635805376593,0.002272140231921189,0.00153253759066585,2,39,2227,15,19.5,2266
11526,808207278,11.33850618978828,2459292.8015225925,0.20833333333333337,5.000000000000001,0.003750377443945491,3.750377443945491,0.13898909861137432,0.00037273127075946054,14.818564864391218,0.0018424969062834978,0.0012427471376524335,2,53,2222,23,26.5,2275
13883,871524692,11.386272570267936,2459292.4890225925,0.25,6.0,0.003301698301173062,3.3016983011730616,0.11974698050197065,0.00039244362019088695,14.81514741754757,0.00189102668429178,0.0012754800244784703,2,72,2220,36,36.0,2292
5198,724940262,11.33850618978828,2459292.780689259,0.16666666666666666,4.0,0.0026152633689360202,2.61526336893602,0.14739071557511935,0.00016073065848911668,14.783408026964448,0.0012128016972679121,0.0008180235378847378,2,47,2235,23,23.5,2282
3072,681754860,2.006103047252064,2459284.747355926,0.16666666666666666,4.0,0.0014424250007261071,1.442425000726107,0.07612118041171508,0.00019557544897565277,14.776707783923857,0.001338426358098491,0.0009027562107773446,8,188,2104,20,24.0,2292
12429,805391266,0.7856234706285888,2459283.3640225925,0.0625,1.5,0.010731377581060996,10.731377581060997,0.07764689564973222,0.01036462183085687,14.744956750295243,0.009764459877302454,0.006586037958520474,20,180,2112,9,9.0,2292
4673,729682589,6.267975358565903,2459283.3140225927,0.25,6.0,0.0023253516937281017,2.3253516937281016,0.09857552798303805,0.0002919920669743042,14.712491188956033,0.001642533773760937,0.0011078738525299725,3,108,2184,36,36.0,2292
9614,737499351,11.33850618978828,2459292.5390225924,0.25,6.0,0.0015225484111265556,1.5225484111265557,0.11974782810718432,8.345353191206396e-05,14.687595111375586,0.0008796029286171357,0.0005932840473608092,2,72,2219,36,36.0,2291
15119,874016009,12.971175778322415,2459292.5390225924,0.25,6.0,0.0024680643159989126,2.468064315998913,0.11974698050197065,0.0002192882928446585,14.666153152005428,0.0014279286431769479,0.0009631246750148037,2,72,2220,36,36.0,2292
3372,729094365,2.738152225805015,2459283.1140225925,0.25,6.0,0.001334821438563347,1.334821438563347,0.07149353256085755,0.00019242881346761892,14.650376600653848,0.0013390637707137497,0.0009031861396963103,6,216,2076,36,36.0,2292
3265,729100910,3.881446015745025,2459286.2390225925,0.25,6.0,0.0012887207305507101,1.2887207305507102,0.08608384092876176,0.00011957768073728323,14.640535835207608,0.0010562898066489538,0.0007124577139140387,4,144,2146,36,36.0,2290
15117,851363639,2.4443464342056895,2459283.259855926,0.20833333333333337,5.000000000000001,0.0022167944444232927,2.2167944444232925,0.07255870593874506,0.0005135315601223143,14.6403517697618,0.0021890065224570376,0.001476464671831268,7,209,2083,29,30.0,2292
10697,811406881,2.109900870503378,2459284.0556892594,0.08333333333333333,2.0,0.0032927054382008926,3.2927054382008927,0.10426907534288267,0.0005204116369323711,14.62703230722197,0.0022056280529023594,0.0014876757405249963,8,96,2196,12,12.0,2292
20041,900960538,0.675286408063518,2459283.0452725925,0.0625,1.5,0.0044079296426614584,4.4079296426614585,0.07255870593874506,0.002030418670271298,14.605627122009908,0.00436302385915418,0.002942819276375408,24,209,2083,2,9.0,2292
18531,901782840,11.33850618978828,2459292.8015225925,0.20833333333333337,5.000000000000001,0.0039881403689692625,3.9881403689692627,0.13899128740968175,0.00042148948546896054,14.556466105959844,0.0019945843949091854,0.0013453287433624617,2,53,2219,23,26.5,2272
12090,806874906,11.33850618978828,2459292.5390225924,0.25,6.0,0.00198324956530067,1.9832495653006699,0.11974698050197065,0.00014159803817755066,14.553945819210682,0.0011562795963345964,0.0007798999030990128,2,72,2220,36,36.0,2292
12412,809389019,0.5269503222386684,2459283.193189259,0.041666666666666664,1.0,0.005335870853020993,5.335870853020992,0.0764929924515223,0.0026478511516910648,14.543585389725562,0.005003688860420986,0.0033749418996499303,31,186,2106,6,6.0,2292
6598,731628680,0.7757776190221133,2459283.2452725926,0.0625,1.5,0.0022189926437066604,2.2189926437066605,0.07593758269472299,0.0004653112293418939,14.540270985070471,0.0020980424161510212,0.001415110222683813,21,189,2103,9,9.0,2292
14625,858557773,0.6584663739087473,2459282.9202725925,0.0625,1.5,0.007798033222844626,7.798033222844626,0.06938447728107587,0.007023476707699977,14.510484342880519,0.008167876493469168,0.005509157219391048,26,231,2061,7,9.0,2292
6979,724954647,11.33850618978828,2459292.8015225925,0.20833333333333337,5.000000000000001,0.0036658398019367593,3.6658398019367593,0.13899494851137714,0.0003561171085167891,14.510215394878637,0.0018392364185039827,0.0012405479687737642,2,53,2214,23,26.5,2267
14484,868848265,18.620550209174603,2459284.9890225925,0.25,6.0,0.0038582942817733854,3.8582942817733854,0.11974698050197065,0.0005359116515315473,14.47592229392634,0.0022615977027729047,0.0015254267521738196,2,72,2220,36,36.0,2292
14012,859225166,13.080694826110575,2459292.5390225924,0.25,6.0,0.0017905249490523523,1.7905249490523523,0.11974698050197065,0.00011541526535444143,14.46195273261684,0.0010505571606549047,0.0007085910971637022,2,72,2220,36,36.0,2292
5866,732270559,2.9533900632199077,2459284.8640225925,0.25,6.0,0.0027140718054968864,2.714071805496886,0.07764689564973222,0.0006629567188853816,14.458552018454903,0.00251844681756251,0.0016986691066791515,5,180,2112,36,36.0,2292
10745,808426774,2.163796720179622,2459284.4265225925,0.125,3.0,0.00326093973980342,3.26093973980342,0.09857552798303805,0.0005742213112779766,14.457737750076616,0.0023439821944743855,0.0015809943305506446,6,108,2184,18,18.0,2292
16581,152316067,0.7072469572723068,2459283.4640225926,0.0625,1.5,0.0039767129089808735,3.9767129089808737,0.07435092446850082,0.001565610310485057,14.454158249179443,0.003871364194100211,0.0026111993754891483,22,198,2094,9,9.0,2292
15093,864964328,2.7038362442959003,2459284.9390225927,0.25,6.0,0.005269332866293205,5.2693328662932055,0.0776863685758962,0.002498928197021799,14.43511519159078,0.0048974682898143,0.0033032971063093886,5,180,2085,36,36.0,2265
14572,858528334,0.6557040515460002,2459283.4515225925,0.0625,1.5,0.001224497332396922,1.224497332396922,0.07149353256085755,0.00016193452144109524,14.423728992879306,0.001247691352459144,0.0008415562879125482,24,216,2076,9,9.0,2292
2430,678780920,14.469330646621204,2459290.6140225925,0.20833333333333337,5.000000000000001,0.003022000793370597,3.022000793370597,0.13082314527827937,0.00027397466385397555,14.407446830541419,0.0016247373851332259,0.001095870352848527,2,60,2232,30,30.0,2292
12626,814292375,11.33850618978828,2459292.8015225925,0.20833333333333337,5.000000000000001,0.0031864146141733873,3.1864146141733873,0.13899055715678074,0.00026906080947557,14.395068825497514,0.0016114857681613,0.0010869322596528397,2,53,2220,23,26.5,2273
16133,901302594,11.290940193331583,2459292.572355926,0.20833333333333337,5.000000000000001,0.0021630075263903837,2.1630075263903836,0.13082391279948533,0.0001403580467766434,14.388661628747156,0.0011644296521219507,0.000785397040416802,2,60,2231,30,30.0,2291
10849,808423062,0.7856234706285888,2459283.6077725925,0.0625,1.5,0.002529208932725009,2.529208932725009,0.07764833995741317,0.0005757208042838381,14.386776756598566,0.002358617165702066,0.0015908654834089209,20,180,2111,9,9.0,2291
4832,725740671,13.757503353680905,2459290.1390225925,0.25,6.0,0.0026164762570444525,2.6164762570444524,0.11974698050197065,0.00024645412813238454,14.376758804071036,0.0015442658218450447,0.0010415930270100127,2,72,2220,36,36.0,2292
15776,942475360,11.33850618978828,2459292.5390225924,0.25,6.0,0.0023526909063869765,2.3526909063869765,0.11974782810718432,0.00019926556203585504,14.376694219056205,0.0013885837747626803,0.0009365869248365577,2,72,2219,36,36.0,2291
14450,856439057,0.795594281748564,2459282.9077725927,0.0625,1.5,0.003105699587766965,3.105699587766965,0.0770625670686628,0.0008825513485452144,14.376499238815013,0.0029223474086104424,0.0019710963230881173,21,183,2109,5,9.0,2292
6853,728064227,0.4398079667590721,2459283.2640225925,0.041666666666666664,1.0,0.001382163772312196,1.382163772312196,0.07255870593874506,0.00019963436446994326,14.34973219698899,0.0013924796355753348,0.0009392146469549001,35,209,2083,5,6.0,2292
3247,730934950,1.3010757627667375,2459282.9390225927,0.125,3.0,0.0012995654801379358,1.299565480137936,0.07240312257519473,0.0001773313959024451,14.348546327925925,0.001312501806706967,0.0008852703404201856,12,210,2082,14,18.0,2292
12228,808523665,0.8763620164078392,2459283.5390225924,0.08333333333333333,2.0,0.0028639996160486135,2.8639996160486136,0.07149353256085755,0.0008858693304784734,14.347565809702159,0.002933739886985751,0.0019787804444797996,18,216,2076,12,12.0,2292
18350,901370454,0.4398079667590721,2459283.2015225925,0.041666666666666664,1.0,0.0026997393427658227,2.6997393427658225,0.0725602948722593,0.000761657918222713,14.347483638998206,0.0027203152761892165,0.0018348275166526484,35,209,2082,5,6.0,2291
12939,816233188,0.8690246130947433,2459283.505689259,0.08333333333333333,2.0,0.0018549042045736845,1.8549042045736845,0.07194328434087267,0.0003664313132674567,14.345554518177835,0.0018870957958319406,0.0012728286765357755,18,213,2079,9,12.0,2292
6190,728213113,0.8800539173349082,2459283.3056892594,0.08333333333333333,2.0,0.0014396562757704734,1.4396562757704734,0.07255870593874506,0.00021658776510217483,14.338373388858471,0.0014515502404996612,0.0009790572241330509,18,209,2083,8,12.0,2292
3543,729847056,6.904292363633968,2459285.6390225925,0.25,6.0,0.0013736060125694965,1.3736060125694964,0.11974698050197065,6.792456519961459e-05,14.316353609016163,0.0008141342294491589,0.0005491260147370558,2,72,2220,36,36.0,2292
3912,725546865,1.6884885662475473,2459283.6140225925,0.16666666666666666,4.0,0.012452667238219691,12.452667238219691,0.0682202030293411,0.018608270561499603,14.31625896403762,0.0134753004819593,0.009088965656252057,10,240,2052,24,24.0,2292
17902,901108374,0.8912232009843893,2459283.447355926,0.08333333333333333,2.0,0.014857702856400602,14.857702856400602,0.07149353256085755,0.023841144090262216,14.293372734145743,0.01527720213765854,0.010304331672506772,18,216,2076,12,12.0,2292
11325,808415788,13.080694826110575,2459292.5390225924,0.25,6.0,0.0021169402834369656,2.1169402834369655,0.11974782810718432,0.0001613317018909745,14.278568526293418,0.00125802764642304,0.0008485280226784297,2,72,2219,36,36.0,2291
7179,734394187,11.33850618978828,2459292.7751339534,0.16666666666666666,4.0,0.00492126071984323,4.9212607198432305,0.14739822262310573,0.0005691419662077899,14.268139996301684,0.002364601391807989,0.0015949017886199846,2,47,2224,23,23.5,2271
553,684841549,0.4324741503087996,2459283.093189259,0.041666666666666664,1.0,0.0031279491334942617,3.127949133494262,0.07149515606300194,0.0010566791044265703,14.266083624607694,0.00322241738660175,0.0021734907504395995,36,216,2075,6,6.0,2291
12483,814261898,2.2004899837427,2459283.4265225925,0.125,3.0,0.0021023905199541505,2.1023905199541506,0.08608132081163344,0.000318243304684302,14.233173829326837,0.0017725270935332212,0.0011955531455100643,8,144,2148,18,18.0,2292
2778,678882179,6.904292363633968,2459285.6140225925,0.25,6.0,0.001533000749718761,1.5330007497187612,0.11974698050197065,8.46032867509782e-05,14.224679959691104,0.0009144629436404445,0.0006167968053692463,2,72,2220,36,36.0,2292
11038,815298897,0.6612403332665958,2459283.3702725926,0.0625,1.5,0.0010465857449684047,1.0465857449684046,0.07164235088404161,0.0001177492350688901,14.22187598943789,0.0010790390395004252,0.0007278018612575377,24,215,2077,8,9.0,2292
17921,901127819,2.118789371869245,2459283.9890225925,0.20833333333333337,5.000000000000001,0.006828593584777795,6.828593584777795,0.06834612263186154,0.0055722479963551804,14.207467980699684,0.007430422866774013,0.005011751562642663,8,239,2053,29,30.0,2292
11129,811881713,5.037198759398885,2459286.2390225925,0.25,6.0,0.002206466623444331,2.206466623444331,0.09857552798303805,0.0002628987278601867,14.19757163438007,0.0016150842110587741,0.0010893593761356901,3,108,2184,36,36.0,2292
5864,727588322,11.33850618978828,2459292.5390225924,0.25,6.0,0.0019307718518069832,1.9307718518069832,0.11974698050197065,0.000134203677974286,14.188201269395037,0.0011547018625526206,0.0007788357362421561,2,72,2220,36,36.0,2292
5113,730763400,2.136678867658717,2459283.405689259,0.20833333333333337,5.000000000000001,0.001873819999127114,1.873819999127114,0.0682202030293411,0.00042134416669544855,14.186169381400841,0.0020462955024136546,0.0013802074075365267,8,240,2052,30,30.0,2292
1026,677272500,1.7833339287274055,2459283.997355926,0.16666666666666666,4.0,0.003911507872005223,3.911507872005223,0.07179387749492393,0.0016370886401051946,14.155207242477525,0.004042358839644418,0.0027265336838286913,10,214,2077,3,24.0,2291
20932,901506437,1.8835069214700657,2459282.997355926,0.16666666666666666,4.0,0.002327860501341167,2.327860501341167,0.0713621498561123,0.000587954394736922,14.1290788046634,0.0024270178523869046,0.0016370011145196983,10,217,2065,5,24.0,2282
17150,901659882,11.33850618978828,2459292.5390225924,0.25,6.0,0.002457962716578699,2.457962716578699,0.11974698050197065,0.00021749690577927376,14.11771733211292,0.0014773284353920828,0.000996444378383976,2,72,2220,36,36.0,2292
10967,805946190,11.33850618978828,2459292.5390225924,0.25,6.0,0.0018467011752261071,1.846701175226107,0.1197486764706872,0.00012277098830093346,14.117611423161906,0.0011099454869697087,0.0007486479744838181,2,72,2218,36,36.0,2290
11067,813412800,11.33850618978828,2459292.8015225925,0.20833333333333337,5.000000000000001,0.0032880213485135716,3.288021348513572,0.13898473859533353,0.0002864937362894467,14.106886209442987,0.001696841980582211,0.0011445042361946656,2,53,2228,23,26.5,2281
4186,728940539,1.58530236305988,2459284.2140225926,0.125,3.0,0.0012172730390322723,1.2172730390322724,0.07764689564973222,0.00013335782863993774,14.099816336960233,0.0011582726458580505,0.0007812441965857619,10,180,2112,18,18.0,2292
10933,811334942,0.731437064017282,2459283.0952725927,0.0625,1.5,0.001454692636950558,1.4546926369505582,0.07435092446850082,0.00020949693613181864,14.08116625606871,0.0014536679304765763,0.0009804855864539164,22,198,2094,9,9.0,2292
7940,727761527,1.7027449191901753,2459283.6473559258,0.16666666666666666,4.0,0.0023609638159681036,2.3609638159681037,0.06835482183730744,0.000666110941767125,14.074099941236442,0.002593388919596957,0.0017492168619971382,10,239,2048,23,24.0,2287
7344,731571968,11.33850618978828,2459292.5390225924,0.25,6.0,0.0024492297116400124,2.4492297116400126,0.11974782810718432,0.00021595414249368786,14.073505762557726,0.0014767040710426153,0.0009960232503997135,2,72,2219,36,36.0,2291
10934,815195501,11.33850618978828,2459292.780689259,0.16666666666666666,4.0,0.0029919846560787586,2.991984656078759,0.14738665172454682,0.0002103713462819521,14.04629668107154,0.0014603146891676569,0.000984968763771521,2,47,2241,23,23.5,2288
16562,942182903,11.33850618978828,2459292.5390225924,0.25,6.0,0.0019752948251990435,1.9752948251990434,0.11974698050197065,0.00014046442727249232,14.043351954188292,0.0011935136599558406,0.0008050139349493057,2,72,2220,36,36.0,2292
6618,726581895,2.636489089910874,2459283.780689259,0.16666666666666666,4.0,0.0016957592010917412,1.695759201091741,0.08608132081163344,0.00020704314730228562,14.006164053523332,0.0014528682039806578,0.0009799461783223107,6,144,2148,24,24.0,2292
5544,730283641,1.4636025313861036,2459284.3015225925,0.125,3.0,0.0015983357217269492,1.5983357217269492,0.07725567386150091,0.00023247561422070509,14.004124084282513,0.0015439655307426907,0.001041390483436322,11,183,2109,3,18.0,2292
6765,728473257,17.19109556447471,2459286.947355926,0.20833333333333337,5.000000000000001,0.003969918179878405,3.969918179878405,0.13084097291425661,0.000472807510647872,13.997746656035202,0.002196843159730417,0.001481750411257532,2,60,2209,30,30.0,2269
4080,725483087,0.7790457822437541,2459283.5702725924,0.0625,1.5,0.002128063414960196,2.128063414960196,0.07949483590381667,0.0003871999082868704,13.98454786067154,0.0019899134667079868,0.0013421782454525744,19,171,2121,9,9.0,2292
8125,724428294,0.8228061494042629,2459283.6140225925,0.0625,1.5,0.002818882427032277,2.818882427032277,0.07784649656378763,0.0007111757833001086,13.960485189311775,0.0027014875194699994,0.0018221283687238632,20,179,2112,8,9.0,2291
4204,728887071,1.5523277980436354,2459283.7890225924,0.125,3.0,0.0012311397002715571,1.2311397002715572,0.07764833995741317,0.00013641344654262655,13.938964309184207,0.0011849856267120474,0.000799261855329858,10,180,2111,18,18.0,2291
6676,728039952,0.769282365730134,2459283.1702725925,0.0625,1.5,0.0015811864092018198,1.5811864092018197,0.07593758269472299,0.0002362642185309095,13.938911877042468,0.0015594990065049858,0.0010518676693005435,21,189,2103,9,9.0,2292
16378,942063301,11.33850618978828,2459292.5390225924,0.25,6.0,0.002119111127912326,2.1191111279123263,0.11974698050197065,0.00016166275100790663,13.935788802321722,0.0012902932470259913,0.000870290872134083,2,72,2220,36,36.0,2292
3430,729331637,1.3120610875417364,2459283.5015225927,0.125,3.0,0.0012297025054051017,1.2297025054051016,0.0691195930991471,0.00017616760133465158,13.92846554314618,0.001347642641365586,0.000908972508677719,13,233,2059,17,18.0,2292
14899,873260689,0.8056916383169721,2459283.3890225925,0.0625,1.5,0.008199871636171956,8.199871636171956,0.07764689564973222,0.006051410536472762,13.896776870964732,0.007916427192651636,0.005339556989512773,20,180,2112,9,9.0,2292
14344,856437861,2.3240953633190604,2459283.2723559258,0.08333333333333333,2.0,0.002626495965169396,2.626495965169396,0.11116501453014137,0.00028973620431214697,13.883811985369244,0.0017338345672742487,0.0011694553940875818,7,84,2208,12,12.0,2292
14469,855645233,11.33850618978828,2459292.780689259,0.16666666666666666,4.0,0.0032053794144209736,3.2053794144209737,0.14738868094007887,0.000241449743974253,13.881709893639908,0.0015830163788809679,0.0010677299196553136,2,47,2238,23,23.5,2285
6570,731628907,2.1547194091650743,2459283.843189259,0.20833333333333337,5.000000000000001,0.001655718787583618,1.655718787583618,0.0682202030293411,0.0003289685644268839,13.871814733954881,0.0018490936948913105,0.0012471966106106236,8,240,2052,30,30.0,2292
2841,678936306,11.33850618978828,2459292.572355926,0.20833333333333337,5.000000000000001,0.0021153657056553216,2.1153657056553214,0.13082314527827937,0.00013424316205987912,13.855268842717178,0.0011826224726700666,0.0007976679297653222,2,60,2232,30,30.0,2292
13342,816097962,11.33850618978828,2459292.5390225924,0.25,6.0,0.0016472703168597675,1.6472703168597675,0.11974698050197065,9.768598188506204e-05,13.848228939481896,0.00100933860922357,0.0006807895651042561,2,72,2220,36,36.0,2292
14209,872332101,11.33850618978828,2459292.780689259,0.16666666666666666,4.0,0.005421119023436501,5.421119023436502,0.14739275565140905,0.0006906304894572304,13.821540925470376,0.0026889418316488655,0.0018136664182172302,2,47,2232,23,23.5,2279
2782,678774378,1.3343107761779367,2459283.6015225924,0.125,3.0,0.001656886813400552,1.6568868134005519,0.07435092446850082,0.00027178211732964294,13.814019234253054,0.0016877393660812694,0.0011383646068267028,11,198,2094,18,18.0,2292
2158,682946414,1.2956176394402805,2459283.0765225925,0.125,3.0,0.0021390731677614562,2.139073167761456,0.07149353256085755,0.0004941684738399994,13.811630577310812,0.002276185025728333,0.0015352657667127567,12,216,2076,18,18.0,2292
10413,805248290,1.6464316922825197,2459283.8140225927,0.125,3.0,0.0026623942535272476,2.6623942535272476,0.07764689564973222,0.0006379508845093419,13.811293707450105,0.0025862723622684537,0.0017444168098397772,10,180,2112,18,18.0,2292
5717,725276041,2.819926119009619,2459284.7390225925,0.25,6.0,0.0014453451774440545,1.4453451774440544,0.07764689564973222,0.00018801204137647068,13.806621506877049,0.0014044956904655946,0.0009473193649437439,5,180,2112,36,36.0,2292
14055,871944832,0.6925360974902629,2459283.2015225925,0.0625,1.5,0.0025109317852111106,2.5109317852111106,0.07435092446850082,0.000624173064568362,13.806591453823012,0.0025590633408511545,0.0017260645763194082,22,198,2094,9,9.0,2292
8001,731810880,11.33850618978828,2459292.780689259,0.16666666666666666,4.0,0.00377906278238897,3.77906278238897,0.14739275565140905,0.0003356109145610804,13.806140719381219,0.0018765525917695041,0.001265717382820386,2,47,2232,23,23.5,2279
14313,859412402,0.5804456587205401,2459283.2348559257,0.041666666666666664,1.0,0.0028965352683325432,2.8965352683325434,0.08036549127200011,0.0007005580328179723,13.782897859833897,0.0027157920875311345,0.001831776667699403,28,167,2125,5,6.0,2292
9342,737271839,0.9139888353038709,2459282.9306892594,0.08333333333333333,2.0,0.0021216838132273115,2.1216838132273117,0.07149353256085755,0.0004861665579575648,13.77025425250012,0.002264464828012523,0.001527360601654204,18,216,2076,12,12.0,2292
3184,730934523,5.959618597588408,2459286.6390225925,0.25,6.0,0.0011690244801647646,1.1690244801647645,0.09857552798303805,7.37973847021229e-05,13.744481415913606,0.0008839081229763125,0.0005961878611738247,3,108,2184,36,36.0,2292
6312,727313916,9.150469614841288,2459283.2890225924,0.25,6.0,0.0010696186011313362,1.0696186011313362,0.09857552798303805,6.178053340185244e-05,13.724286380074862,0.0008099366526932462,0.0005462947880029989,3,108,2184,36,36.0,2292
12287,815837734,1.0678077443798701,2459283.0890225926,0.08333333333333333,2.0,0.001880399523828958,1.880399523828958,0.0753957811122334,0.0003394466274447525,13.710238697382835,0.0019004468620502145,0.0012818338473291613,16,192,2100,12,12.0,2292
3740,729174475,5.811176414888036,2459284.6640225924,0.25,6.0,0.0014183178652198369,1.418317865219837,0.09857552798303805,0.00010862778060729479,13.696341328356645,0.0010761699982274637,0.0007258667194303681,3,108,2184,36,36.0,2292
20711,901410122,3.800711263192087,2459284.0265225926,0.0625,1.5,0.00343825152986967,3.43825152986967,0.16799119080810546,0.00021278832448772027,13.666960685407773,0.001509443807886575,0.0010181059003686599,4,36,2256,9,9.0,2292
8509,736291400,11.33850618978828,2459292.5390225924,0.25,6.0,0.002274328555979624,2.274328555979624,0.11974698050197065,0.000186212533699597,13.646562061785536,0.001414152344566979,0.0009538326889025894,2,72,2220,36,36.0,2292
1434,677526117,2.373463823871206,2459283.322355926,0.20833333333333337,5.000000000000001,0.0023841572784224717,2.384157278422472,0.07303256340472714,0.0005854732106102493,13.627367440372774,0.0025110568526770464,0.00169368464365105,8,206,2086,6,30.0,2292
21363,180263473,11.33850618978828,2459292.5390225924,0.25,6.0,0.0027890820247315463,2.789082024731546,0.1197495255934974,0.00028004322746450237,13.622634389253715,0.001737266455183393,0.0011717701707698591,2,72,2217,36,36.0,2289
1268,679122289,11.243573740269838,2459292.9140225924,0.25,6.0,0.0034537260374904464,3.4537260374904464,0.1505637719162065,0.00026838502969588784,13.598269675141388,0.001703768136678609,0.0011491758644803785,2,45,2236,9,22.5,2281
5417,732369123,14.287993291364137,2459288.0140225925,0.25,6.0,0.0030927276514386946,3.0927276514386945,0.11974698050197065,0.0003443387157350461,13.597967495719475,0.0019298960925304698,0.00130169708116179,2,72,2220,36,36.0,2292
20401,900991674,7.322838497511477,2459289.4390225927,0.25,6.0,0.0044853104568768586,4.485310456876858,0.11974698050197065,0.0007242483562044802,13.596768640194943,0.002799129873027613,0.0018879872339320203,2,72,2220,36,36.0,2292
13463,807923098,0.540410876595162,2459283.0806892593,0.041666666666666664,1.0,0.003251633543851408,3.251633543851408,0.07764689564973222,0.0009515808633149699,13.590060581041898,0.0032100844283710446,0.002165172284075978,30,180,2112,6,6.0,2292
17652,901928865,11.33850618978828,2459292.5390225924,0.25,6.0,0.002598830607956852,2.598830607956852,0.11974698050197065,0.0002431411390387217,13.582438287744424,0.0016235530385140752,0.0010950715219978924,2,72,2220,36,36.0,2292
5532,732967920,11.386272570267936,2459292.780689259,0.16666666666666666,4.0,0.003145951886142732,3.145951886142732,0.14739822262310573,0.00023257981184323775,13.560151777054035,0.0015905101856876376,0.0010727844230997152,2,47,2224,23,23.5,2271
11926,814043856,0.52034630024758,2459282.905689259,0.041666666666666664,1.0,0.0017481093831760637,1.7481093831760637,0.0757599844002629,0.0002903092094770788,13.552439976825463,0.001777984259874177,0.0011992339537799657,32,190,2099,5,6.0,2289
13077,814795316,1.345576712910111,2459283.4140225924,0.125,3.0,0.0018470406924296552,1.8470406924296552,0.07240312257519473,0.0003582137285465571,13.55070005310522,0.0019752604983243743,0.0013322949536789253,12,210,2082,12,18.0,2292
1598,679445606,2.614414897486894,2459284.3890225925,0.25,6.0,0.0020939100915834175,2.0939100915834175,0.06772475105703753,0.0005349040555394549,13.54221301628727,0.0024152567375063574,0.0016290683512116266,7,244,2048,29,36.0,2292
7498,731506558,9.869760263720416,2459282.9890225925,0.25,6.0,0.0018889151488474904,1.8889151488474905,0.10992680896293393,0.0001534240189004581,13.527557740343633,0.001287367426192266,0.0008683174330178511,3,85,2194,17,32.0,2279
14255,859471746,8.66380831518224,2459283.4890225925,0.25,6.0,0.0029821278369970266,2.9821278369970265,0.09857552798303805,0.0004802266675543985,13.52039614242815,0.00229217999558556,0.0015460542260795629,3,108,2184,36,36.0,2292
20249,902438046,0.8367591435186571,2459283.2973559257,0.08333333333333333,2.0,0.0028284075717688274,2.8284075717688273,0.06834612263186154,0.0009559867823486886,13.506791245698912,0.003237343284651755,0.0021835581307512175,20,239,2053,11,12.0,2292
21979,952187019,11.33850618978828,2459292.5390225924,0.25,6.0,0.0017407370899046456,1.7407370899046455,0.11974698050197065,0.000109085962182109,13.471038755301683,0.0010964740191695302,0.0007395615939360112,2,72,2220,36,36.0,2292
11493,815641385,5.90972126700581,2459286.655689259,0.20833333333333337,5.000000000000001,0.0012389201842977723,1.2389201842977722,0.1075418231100453,6.907154503771917e-05,13.459149251042026,0.0008732668495892965,0.0005890104206052182,3,90,2202,30,30.0,2292
13141,811088005,0.31818634460276,2459283.1015225924,0.020833333333333332,0.5,0.0023212879236306555,2.3212879236306554,0.08525797062231684,0.00039604575539292376,13.458240358132688,0.0020912184364476213,0.001410507511431014,49,147,2145,3,3.0,2292
5384,728637858,11.33850618978828,2459292.5390225924,0.25,6.0,0.0016414481673695026,1.6414481673695025,0.11974698050197065,9.699667510178515e-05,13.45772471377943,0.001034955749027722,0.0006980680891863766,2,72,2220,36,36.0,2292
16191,939623915,0.5472695499662606,2459283.318189259,0.041666666666666664,1.0,0.002042987684269266,2.042987684269266,0.07886234823041491,0.0003631204849926031,13.455870102387626,0.0020027585144660257,0.0013508421114704072,29,174,2118,6,6.0,2292
5551,726823627,11.290940193331583,2459292.843189259,0.20833333333333337,5.000000000000001,0.0029711627249677623,2.9711627249677623,0.14740719039129144,0.0002074534865485897,13.44161151978028,0.0015153886402676146,0.0010221156348763083,2,47,2211,17,23.5,2258
11665,814300296,0.5225383931867004,2459283.0515225925,0.041666666666666664,1.0,0.002546276858844302,2.546276858844302,0.07764833995741317,0.0005835173257697406,13.414187440100871,0.002546698339203026,0.0017177244969668326,30,180,2111,6,6.0,2291
5411,729638637,1.7171216422693196,2459283.5640225927,0.16666666666666666,4.0,0.0010426461737704932,1.042646173770493,0.06834612263186154,0.0001299097697195508,13.405406173482959,0.0012024192681838488,0.000811020685406616,10,239,2053,23,24.0,2292
13683,858936216,1.8443296497471602,2459283.0640225927,0.16666666666666666,4.0,0.0011242303101839796,1.1242303101839797,0.07209542539471352,0.0001339727417756549,13.377342676445387,0.0012236391631666082,0.0008253333084895509,9,212,2080,20,24.0,2292
12349,815812181,11.33850618978828,2459292.5390225924,0.25,6.0,0.0014263551570010886,1.4263551570010886,0.11974698050197065,7.32416052205296e-05,13.367648017492947,0.0009053967332856468,0.0006106817302614642,2,72,2220,36,36.0,2292
13307,807552797,11.33850618978828,2459292.5390225924,0.25,6.0,0.002029856236232506,2.0298562362325057,0.11974698050197065,0.0001483313882317918,13.366842987388209,0.001288554173183351,0.0008691178828971746,2,72,2220,36,36.0,2292
14554,868500752,1.9561350316517923,2459284.2140225926,0.16666666666666666,4.0,0.001980143618871254,1.980143618871254,0.0753957811122334,0.0003764130001302284,13.365242381210695,0.002052912625955764,0.0013846705962199946,8,192,2100,24,24.0,2292
9719,765185824,11.33850618978828,2459292.780689259,0.16666666666666666,4.0,0.0035932956567666366,3.5932956567666365,0.14739343688977988,0.00030342668140804244,13.345819276696295,0.00184585100316235,0.0012450094450036087,2,47,2231,23,23.5,2278
7242,731528038,11.33850618978828,2459292.5390225924,0.25,6.0,0.0022141109592583056,2.2141109592583055,0.11974698050197065,0.00017648234423667844,13.340082854574911,0.001408338665351615,0.0009499114159932653,2,72,2220,36,36.0,2292
11274,814963577,0.34464381768623253,2459283.1681892592,0.020833333333333332,0.5,0.002627152519962207,2.6271525199622072,0.08693157440222907,0.00048658609060163617,13.326013165994956,0.0023409632984949707,0.0015789581131087083,47,141,2151,3,3.0,2292
4039,730511555,11.290940193331583,2459292.8306892593,0.16666666666666666,4.0,0.0026598917194077944,2.6598917194077942,0.16151858355136375,0.00013796296719999597,13.304500221282762,0.0012485263021820288,0.0008421194537852617,2,39,2236,15,19.5,2275
5888,728230334,2.363506941549438,2459285.218189259,0.20833333333333337,5.000000000000001,0.001218137187933515,1.218137187933515,0.0753957811122334,0.0001424503880281509,13.27061378939965,0.0012685917279132842,0.0008556533980259573,7,191,2101,11,30.0,2292
22393,952554240,11.33850618978828,2459292.5390225924,0.25,6.0,0.0032930924703112575,3.2930924703112576,0.11974698050197065,0.00039040048864874517,13.270137634355384,0.0021056915136762073,0.0014202694682828865,2,72,2220,36,36.0,2292
13956,872299326,11.33850618978828,2459292.5390225924,0.25,6.0,0.0022190947496973077,2.219094749697308,0.11974782810718432,0.00017727773429282966,13.263797022351886,0.001419626922482742,0.0009575252411188062,2,72,2219,36,36.0,2291
3021,680550720,0.689630849743516,2459282.9140225924,0.0625,1.5,0.0010124619125683161,1.012461912568316,0.07164235088404161,0.00011019600587316046,13.26107252900641,0.001119487565843567,0.0007550840185104324,24,215,2077,8,9.0,2292
12107,808543437,2.023041102772609,2459284.0140225925,0.16666666666666666,4.0,0.0030818632942488104,3.0818632942488104,0.0753957811122334,0.0009117966109860606,13.255499109856412,0.003221572428699506,0.002172920834142389,8,192,2100,24,24.0,2292
10550,819393825,11.33850618978828,2459292.572355926,0.20833333333333337,5.000000000000001,0.0014661302528513136,1.4661302528513136,0.13082314527827937,6.44861375497757e-05,13.243835373615688,0.0008575005491198249,0.0005783761966274281,2,60,2232,30,30.0,2292
10444,811222036,0.4926720477326553,2459283.2681892593,0.041666666666666664,1.0,0.0017542734159633007,1.7542734159633007,0.07435092446850082,0.00030467004657759925,13.224584217548028,0.0018665853402835724,0.0012589945637957456,33,198,2094,6,6.0,2292
9733,766127649,11.33850618978828,2459292.8015225925,0.20833333333333337,5.000000000000001,0.0035928526915848047,3.5928526915848047,0.13900603112230292,0.0003420776472808467,13.211973772199467,0.001979746770749173,0.0013353209029739466,2,53,2199,23,26.5,2252
19776,901954412,11.33850618978828,2459292.5390225924,0.25,6.0,0.00263761733285128,2.63761733285128,0.11974698050197065,0.00025045290700407,13.195662919227749,0.001696081914475092,0.0011439915786288224,2,72,2220,36,36.0,2292
20898,902347708,13.135800625370544,2459292.8140225927,0.25,6.0,0.004001182757484,4.001182757484,0.14739685221528223,0.0003762223912815007,13.170122652463144,0.0020827996596721353,0.0014048291242898525,2,47,2226,23,23.5,2273
14696,856299328,2.3834626521267173,2459284.1390225925,0.125,3.0,0.0017136939308704463,1.7136939308704464,0.09164163057033695,0.00018501505398823873,13.162998237911822,0.001461381846115392,0.0009856885512716795,7,126,2166,18,18.0,2292
14891,873023142,11.33850618978828,2459292.572355926,0.20833333333333337,5.000000000000001,0.002196247788539508,2.196247788539508,0.13082314527827937,0.0001447051304599404,13.154569427069228,0.0012932435616866077,0.0008722808321102171,2,60,2232,30,30.0,2292
12423,805290764,0.6260727305620779,2459283.3702725926,0.0625,1.5,0.0026094160166220777,2.6094160166220774,0.0691195930991471,0.0007932545519191464,13.153116913534598,0.0030282561218080662,0.0020425307714879715,26,233,2059,8,9.0,2292
13490,811174528,1.5264426663453639,2459284.3077725926,0.0625,1.5,0.0017488083312715995,1.7488083312715994,0.1075418231100453,0.00013762487607862304,13.14782412764356,0.0012618553756592614,0.0008511097906780396,10,90,2202,9,9.0,2292
11463,812082873,11.33850618978828,2459292.8015225925,0.20833333333333337,5.000000000000001,0.0027091588928237417,2.7091588928237416,0.1389832904401656,0.000194497860523998,13.141944186233104,0.0015007653485501226,0.0010122523597397293,2,53,2230,23,26.5,2283
6293,728235479,4.239688745207652,2459283.9890225925,0.25,6.0,0.0013777975660324128,1.3777975660324129,0.07784505729623038,0.00016990018890035327,13.140100699020467,0.0014028564563674131,0.0009462137166919016,5,179,2113,35,36.0,2292
3797,373602086,1.8212155286398768,2459283.3640225925,0.16666666666666666,4.0,0.0015629209381908373,1.5629209381908373,0.07164235088404161,0.00026259259984629766,13.115046428217877,0.0017473761631329387,0.0011785890753628347,9,215,2077,23,24.0,2292
11462,814877156,11.33850618978828,2459292.8015225925,0.20833333333333337,5.000000000000001,0.0035297250599906757,3.5297250599906755,0.13900158009005117,0.00033016241347684375,13.113681513735328,0.001959540216739629,0.0013216917690136443,2,53,2205,23,26.5,2258
20143,900979932,11.386272570267936,2459292.5390225924,0.25,6.0,0.0021564764985705464,2.1564764985705462,0.1197495255934974,0.00016741407199993502,13.104109582882238,0.001396379490843602,0.0009418450632966424,2,72,2217,36,36.0,2289
12203,808597448,11.530782475334622,2459292.3640225925,0.25,6.0,0.002118794866359436,2.118794866359436,0.11974698050197065,0.0001616145006855996,13.071109605401308,0.0013754433371075726,0.0009277238210627092,2,72,2220,36,36.0,2292
14850,847134969,12.862573686551338,2459292.5390225924,0.25,6.0,0.001940319796421683,1.940319796421683,0.12056017036506472,0.0001336518523896988,13.069673520603713,0.001250943658748176,0.0008437499384514879,2,71,2221,35,35.5,2292
13281,814712506,11.386272570267936,2459292.5140225925,0.25,6.0,0.0023109533641002635,2.3109533641002638,0.11974698050197065,0.00019225819623766772,13.038037866904263,0.0015039908410535924,0.0010144279246280807,2,72,2220,36,36.0,2292
13601,855969148,11.33850618978828,2459292.780689259,0.16666666666666666,4.0,0.002702935383762403,2.702935383762403,0.1473920750200491,0.00017168770268667798,13.037621177713195,0.0014213015661134372,0.0009586547727731265,2,47,2233,23,23.5,2280
13068,814704161,1.5458156510901084,2459283.7140225926,0.125,3.0,0.0022684988732429136,2.2684988732429137,0.07845145900866897,0.00045285566813558446,13.024939443490922,0.002310570312447989,0.001558458324867118,10,176,2115,14,18.0,2291
8051,731794107,11.33850618978828,2459292.8015225925,0.20833333333333337,5.000000000000001,0.003207112721483581,3.207112721483581,0.13899641755925043,0.00027256765821999824,13.013358352436939,0.0017941666099848621,0.0012101487993962379,2,53,2212,23,26.5,2265
4425,729732979,1.4574625944617292,2459283.0015225927,0.125,3.0,0.0010786754784188005,1.0786754784188006,0.07435092446850082,0.0001151905379864608,12.998448232959147,0.001167701645542997,0.000787603969744366,11,198,2094,18,18.0,2292
8680,735222399,11.33850618978828,2459292.5390225924,0.25,6.0,0.002637723382598112,2.6377233825981117,0.11974698050197065,0.0002504730471517737,12.997959252748288,0.0017219491655215723,0.0011614388004327347,2,72,2220,36,36.0,2292
13570,872116637,11.33850618978828,2459292.8015225925,0.20833333333333337,5.000000000000001,0.002680387719604607,2.680387719604607,0.13898473859533353,0.0001903886756762904,12.981212339251018,0.0015032122296926727,0.001013902758459917,2,53,2228,23,26.5,2281
13019,807395614,0.4270541540042466,2459283.1181892594,0.041666666666666664,1.0,0.002031128442495558,2.0311284424955582,0.07062456925473273,0.0004579285852405019,12.978014739078477,0.002331876855375776,0.0015728293911883018,37,222,2069,6,6.0,2291
7587,731990889,11.33850618978828,2459292.780689259,0.16666666666666666,4.0,0.0037708763162617107,3.7708763162617105,0.14738868094007887,0.00033415844252477196,12.964683786515083,0.0019940189819370774,0.0013449473775374865,2,47,2238,23,23.5,2285
6330,731498038,11.196405993501577,2459292.9140225924,0.16666666666666666,4.0,0.004769439096678375,4.769439096678375,0.19360185717129938,0.00030709191550847714,12.917211796285475,0.0019185821915750961,0.0012940659595137571,2,27,2249,3,13.5,2276
2854,676905862,1.8059672720934798,2459284.130689259,0.16666666666666666,4.0,0.0011123414024182508,1.1123414024182507,0.07164235088404161,0.00013301011501988362,12.91228628569024,0.0012631478461134407,0.00085198155005628,9,215,2077,23,24.0,2292
8605,737422376,1.6884885662475473,2459283.280689259,0.16666666666666666,4.0,0.00330569939811847,3.30569939811847,0.06834959735710303,0.0013058539970311376,12.902040889463807,0.003960991361433869,0.002671652071653763,10,239,2051,23,24.0,2290
4018,725824596,11.33850618978828,2459292.780689259,0.16666666666666666,4.0,0.0027566510002717494,2.7566510002717495,0.14739548425508892,0.00017857943132653205,12.901063433272045,0.0014648906432762163,0.0009880552025335332,2,47,2228,23,23.5,2275
2200,679226012,0.6313588272482306,2459283.2390225925,0.0625,1.5,0.0010593319736941639,1.0593319736941638,0.06925158280350054,0.00013017337073692963,12.897031415104452,0.0012510835549323824,0.0008438442971350213,26,232,2060,7,9.0,2292
914,675129347,11.33850618978828,2459292.780689259,0.16666666666666666,4.0,0.00588222109025944,5.882221090259439,0.14738868094007887,0.0008131123364352844,12.888282151044539,0.0031289256089683673,0.002110431410338842,2,47,2238,23,23.5,2285
14069,859738137,0.8228061494042629,2459283.3202725924,0.0625,1.5,0.0012775082285577364,1.2775082285577364,0.07949483590381667,0.00013953833192979805,12.881489740777488,0.0012968676868632281,0.000874725271053034,19,171,2121,9,9.0,2292
11629,816025677,2.4340921933134387,2459283.259855926,0.20833333333333337,5.000000000000001,0.0013885116949121563,1.3885116949121563,0.07240471645336292,0.00020243629632532204,12.874277831202146,0.0015629184293891572,0.00105417403843866,7,210,2081,30,30.0,2291
9529,735375357,6.96258711950182,2459285.6140225925,0.20833333333333337,5.000000000000001,0.0024743699819904305,2.4743699819904306,0.13082314527827937,0.0001836752042332597,12.873849426065446,0.001488784498784267,0.0010041713872819824,2,60,2232,30,30.0,2292
19477,901208219,12.862573686551338,2459292.5390225924,0.25,6.0,0.0016188232904528982,1.6188232904528983,0.12056017036506472,9.303090402280256e-05,12.863809233092544,0.0010603738950490517,0.0007152123938007904,2,71,2221,35,35.5,2292
5008,732457244,11.290940193331583,2459292.593189259,0.20833333333333337,5.000000000000001,0.0017843211130849808,1.7843211130849808,0.13082314527827937,9.551405503802475e-05,12.861102912454445,0.0010746583714173184,0.000724847141115148,2,60,2232,30,30.0,2292
2441,678325439,11.33850618978828,2459292.8015225925,0.20833333333333337,5.000000000000001,0.002503374391029461,2.5033743910294612,0.13898909861137432,0.0001660724085540463,12.834425399562603,0.001419996617949587,0.0009577745972950136,2,53,2222,23,26.5,2275
5807,732273265,0.8617486427127544,2459283.3390225926,0.08333333333333333,2.0,0.00179853657206838,1.79853657206838,0.07048307546448805,0.0003606728188190239,12.83003173996804,0.002093360254013709,0.001411952147587825,19,223,2068,8,12.0,2291
2973,684326334,11.33850618978828,2459292.5390225924,0.25,6.0,0.0029244998915841465,2.9244998915841465,0.11974698050197065,0.00030789718617152466,12.808413434872723,0.0019374143866607836,0.0013067681010797139,2,72,2220,36,36.0,2292
15500,936655477,6.904292363633968,2459285.6765225925,0.20833333333333337,5.000000000000001,0.0016183439046709332,1.6183439046709331,0.13082314527827937,7.857110981356687e-05,12.799558051854167,0.0009793805326456316,0.0006605831192807443,2,60,2232,30,30.0,2292
7559,734410014,13.025820200358702,2459292.54180062,0.25,6.0,0.0030845605475138616,3.0845605475138616,0.11974782810718432,0.0003425224957660445,12.791827482202516,0.0020461004651560486,0.001380075856708518,2,72,2219,36,36.0,2291
171,650143201,7.021374073321715,2459285.7640225925,0.125,3.0,0.05010794308278531,50.10794308278531,0.17539508390935038,0.041428298339796256,12.791440250717953,0.022503190609209613,0.015178194124652378,2,33,2172,15,16.5,2205
4197,729737525,2.738152225805015,2459284.3140225927,0.25,6.0,0.0008518654893578503,0.8518654893578503,0.07149353256085755,7.837287969156009e-05,12.77627074254316,0.0009799271573659569,0.0006609518126035052,6,216,2076,36,36.0,2292
16421,902289596,11.243573740269838,2459292.884855926,0.20833333333333337,5.000000000000001,0.00424910189424193,4.249101894241931,0.15760417804281185,0.0003701247716068324,12.773295737299353,0.0021300318951273886,0.0014366868306538438,2,41,2228,11,20.5,2269
3841,729243877,2.8677459032565604,2459285.5890225926,0.25,6.0,0.0008213473864221887,0.8213473864221886,0.07612118041171508,6.341348374316065e-05,12.766057179689803,0.000882163366338529,0.0005950110389441043,6,188,2104,8,36.0,2292
10978,805924895,0.32222463528729234,2459282.9640225926,0.020833333333333332,0.5,0.002744564516887538,2.744564516887538,0.08472334361675445,0.0005611812618581803,12.761162090159338,0.0026252843729797594,0.001770730050573155,50,149,2143,2,3.0,2292
18363,57649982,0.3686228427675574,2459282.9827725925,0.020833333333333332,0.5,0.0030875652849403287,3.087565284940329,0.09063372812920079,0.0006148823305755781,12.759518706100778,0.0027483795695941423,0.001853756623225511,43,129,2162,3,3.0,2291
20618,902548670,11.290940193331583,2459292.843189259,0.20833333333333337,5.000000000000001,0.0026624670801276853,2.6624670801276853,0.14739275565140905,0.00016658517738994558,12.759053119021665,0.001430588501828676,0.0009649187250969082,2,47,2232,17,23.5,2279
2590,685139793,11.243573740269838,2459292.89180062,0.20833333333333337,5.000000000000001,0.006217557165184134,6.217557165184134,0.1595181191277732,0.0007731603420466514,12.757869229858986,0.00308227679247014,0.0020789672146702687,2,40,2242,10,20.0,2282
2279,685113629,11.33850618978828,2459292.8015225925,0.20833333333333337,5.000000000000001,0.004933669988434983,4.933669988434983,0.1389840141947916,0.0006450391382017772,12.746677626311984,0.002817805605996496,0.0019005838432459843,2,53,2229,23,26.5,2282
1727,679465263,6.933378475196105,2459285.5890225926,0.25,6.0,0.0019399311384376604,1.9399311384376605,0.11974698050197065,0.00013547998158768134,12.723111763930376,0.0012937763859747372,0.0008726402171689851,2,72,2220,36,36.0,2292
14279,856363073,11.33850618978828,2459292.780689259,0.16666666666666666,4.0,0.0033581625798412193,3.358162579841219,0.14739275565140905,0.00026501551394717714,12.681380318932822,0.0018154492776319875,0.0012245037620612353,2,47,2232,23,23.5,2279
13803,846472956,6.904292363633968,2459285.6140225925,0.25,6.0,0.0012703791202813845,1.2703791202813846,0.11974698050197065,5.809907193288856e-05,12.662744326623503,0.0008512786809476355,0.0005741796040386049,2,72,2220,36,36.0,2292
3096,680566639,2.715226851545033,2459283.1640225924,0.25,6.0,0.0008245750650273695,0.8245750650273694,0.07149353256085755,7.343179608940819e-05,12.650737112112367,0.0009579464719121294,0.000646126043377937,6,216,2076,36,36.0,2292
11141,808369697,11.243573740269838,2459292.884855926,0.20833333333333337,5.000000000000001,0.004361592818053887,4.361592818053887,0.15760995320707985,0.00038998158416523454,12.642072088971275,0.0022091173417257783,0.0014900292335935372,2,41,2219,11,20.5,2260
20630,902327581,11.482409863529831,2459292.468189259,0.20833333333333337,5.000000000000001,0.0031762636215679056,3.1762636215679056,0.13082853231965058,0.00030265951781087,12.633739919111873,0.0019474227249030999,0.0013135186327418724,2,60,2225,30,30.0,2285
16377,940862808,0.575585836159054,2459283.1765225925,0.041666666666666664,1.0,0.0028922718260268035,2.8922718260268034,0.08150180116168226,0.000677584141565902,12.63319147466434,0.0029139596637759676,0.0019654388667044165,27,162,2129,6,6.0,2291
2103,679037420,9.227729435859729,2459286.6140225925,0.20833333333333337,5.000000000000001,0.0025300414332234244,2.5300414332234245,0.13082314527827937,0.00019203328961481716,12.60669606468728,0.0015545402674593846,0.0010485230456356298,2,60,2232,30,30.0,2292
14302,871981015,0.7132184292988433,2459283.1140225925,0.0625,1.5,0.002245616321405683,2.245616321405683,0.07303413749058224,0.00051940764428525,12.59589827059823,0.0025588216811401106,0.0017259015790773713,23,206,2085,8,9.0,2291
1872,682968921,0.8949777084828162,2459283.030689259,0.08333333333333333,2.0,0.0020433548715387486,2.0433548715387486,0.07119912949220913,0.00045510760528348377,12.59308394444889,0.0023957414451155623,0.0016159054668255513,19,218,2074,3,12.0,2292
2118,679043607,2.1277153183386406,2459283.4890225925,0.20833333333333337,5.000000000000001,0.0010932463052545237,1.0932463052545236,0.0682202030293411,0.00014342249807432008,12.56656935741287,0.0013477424468455745,0.0009090398265517163,8,240,2052,30,30.0,2292
3040,681739223,2.772903731687849,2459285.1640225924,0.25,6.0,0.001308671141109342,1.3086711411093421,0.07764689564973222,0.00015413581400151847,12.566547445255253,0.0013971749891339878,0.0009423816195426871,5,180,2112,36,36.0,2292
16817,940873816,11.33850618978828,2459292.572355926,0.20833333333333337,5.000000000000001,0.002099122547613092,2.099122547613092,0.13082314527827937,0.00013218946409693038,12.56426442413035,0.0012941253692401033,0.0008728756031566864,2,60,2232,30,30.0,2292
13384,810932814,2.0922355753996578,2459283.322355926,0.20833333333333337,5.000000000000001,0.002065262681720159,2.065262681720159,0.06912130021011025,0.0004969086085349424,12.551720270958999,0.0025115972923078185,0.0016940491651880607,8,233,2058,24,30.0,2291
6604,728152024,0.6079175015076093,2459283.2640225925,0.041666666666666664,1.0,0.0013397273102042427,1.3397273102042426,0.08293624783087249,0.00013999980272515344,12.485338376812827,0.001340227091668289,0.0009039707889304527,26,156,2136,6,6.0,2292
3438,729332411,12.971175778322415,2459292.5390225924,0.25,6.0,0.001748152901616866,1.748152901616866,0.11974698050197065,0.00011001738842753286,12.483708450382924,0.0011882341945398205,0.0008014529843112239,2,72,2220,36,36.0,2292
4901,728660766,3.185547093884336,2459285.0390225924,0.25,6.0,0.001137683770378309,1.137683770378309,0.07764833995741317,0.00011648919252439843,12.477542511890075,0.0012232881170502906,0.0008250965311279446,5,180,2111,36,36.0,2291
12963,816266147,11.386272570267936,2459292.5140225925,0.25,6.0,0.0031081138482055484,3.1081138482055484,0.1197495255934974,0.0003477733809626557,12.476984346854872,0.0021137495898068924,0.0014257045661721923,2,72,2217,36,36.0,2289
4915,732456954,11.33850618978828,2459292.780689259,0.16666666666666666,4.0,0.0030404263741579678,3.040426374157968,0.1473989087469326,0.00021723852461187114,12.467305700998118,0.001671901977787228,0.0011276824347681291,2,47,2223,23,23.5,2270
4246,732489166,0.7072469572723068,2459283.4952725926,0.0625,1.5,0.002154223426582029,2.1542234265820293,0.07435553191944405,0.00045942717859184703,12.463594009775276,0.002432092260618339,0.0016404237559816126,22,198,2091,9,9.0,2289
13573,860315746,11.386272570267936,2459292.5140225925,0.25,6.0,0.00261854621253704,2.61854621253704,0.11974782810718432,0.00024684423361891476,12.463506315339679,0.0017827327914518682,0.0012024367944502012,2,72,2219,36,36.0,2291
13764,855924612,11.290940193331583,2459292.4890225925,0.25,6.0,0.001966638538863403,1.966638538863403,0.11974698050197065,0.00013923601713154008,12.454475084642329,0.001339878336924436,0.0009037355570784,2,72,2220,36,36.0,2292
15232,861195845,11.33850618978828,2459292.780689259,0.16666666666666666,4.0,0.0027982113836171477,2.7982113836171476,0.14738868094007887,0.00018400469326400792,12.453057552631053,0.0015404707369184533,0.001039033277295598,2,47,2238,23,23.5,2285
12398,808567735,0.540410876595162,2459283.2431892594,0.041666666666666664,1.0,0.0027741259314695843,2.7741259314695843,0.07845003488768296,0.000677228172161375,12.449578434310231,0.002956159482645022,0.0019939022545831797,30,176,2116,2,6.0,2292
5586,734437156,11.290940193331583,2459292.8251339532,0.16666666666666666,4.0,0.004479367004877361,4.4793670048773615,0.1595218705739537,0.00040129457528767965,12.435403133102993,0.002278173382817296,0.0015366068951958023,2,40,2236,16,20.0,2276
6988,727070404,1.6326468258374205,2459282.9390225927,0.125,3.0,0.0016352734411247604,1.6352734411247605,0.07486706117988098,0.0002607266246566815,12.429307429188139,0.001837218284217609,0.0012391867558462222,11,195,2097,16,18.0,2292
12925,816386116,1.4271471188782192,2459283.6015225924,0.125,3.0,0.0012602907832415496,1.2602907832415495,0.07435092446850082,0.00015724495297403626,12.42205215165818,0.0014276113993501385,0.0009629106969851198,11,198,2094,18,18.0,2292
15464,941714540,11.33850618978828,2459292.8015225925,0.20833333333333337,5.000000000000001,0.005119477104106406,5.119477104106406,0.13899788925046555,0.0006945397142159473,12.41852055289016,0.003001191304134558,0.0020242758020602714,2,53,2210,23,26.5,2263
20871,901402237,11.33850618978828,2459292.8015225925,0.20833333333333337,5.000000000000001,0.005153875148229878,5.1538751482298775,0.13899055715678074,0.0007039043696538509,12.41447045313254,0.0030223421592080733,0.002038541858362386,2,53,2220,23,26.5,2273
5102,728788717,3.4215391683912486,2459285.1890225927,0.25,6.0,0.0009714768474967903,0.9714768474967903,0.07784505729623038,8.446717023739603e-05,12.366210875555227,0.0010510474484955851,0.0007089217917817248,5,179,2113,35,36.0,2292
1182,685292049,11.290940193331583,2459292.597355926,0.16666666666666666,4.0,0.0035266382771714107,3.526638277171411,0.1458731165496484,0.0002984922609122529,12.364163978693647,0.0019761357699571496,0.001332885316307264,2,48,2244,24,24.0,2292
12025,809519464,11.290940193331583,2459292.5890225926,0.25,6.0,0.0018780790197905136,1.8780790197905135,0.11974698050197065,0.00012697850896478265,12.32908205667715,0.0012925559950625915,0.0008718170747757936,2,72,2220,36,36.0,2292
16690,901660722,0.5159896638394394,2459283.1806892594,0.041666666666666664,1.0,0.0036934110097634155,3.6934110097634156,0.07687109931829668,0.0012549982096078285,12.322436656507481,0.00406574331518994,0.0027423062964993528,31,184,2108,4,6.0,2292
7231,731604798,4.891127076660576,2459284.972355926,0.08333333333333333,2.0,0.005264717419670886,5.264717419670886,0.16799119080810546,0.0004989104911617493,12.308858973694857,0.0025663064777598295,0.0017309500052339333,3,36,2256,12,12.0,2292
13837,846451968,13.135800625370544,2459292.780689259,0.16666666666666666,4.0,0.0028572775342344996,2.8572775342344996,0.15056310800088318,0.0001836907854219266,12.308725156442575,0.0015572043528294696,0.0010503199466002089,2,45,2237,22,22.5,2282
2410,683662691,1.9154470825988086,2459283.4640225926,0.16666666666666666,4.0,0.0013501493033536034,1.3501493033536034,0.0753957811122334,0.0001749987015692372,12.305000770873704,0.0015203751611280044,0.0010254789971185785,8,192,2100,24,24.0,2292
20620,902318787,0.6104785107085751,2459283.3140225927,0.041666666666666664,1.0,0.0023282740851215725,2.3282740851215724,0.0831838843858742,0.00042011666669727394,12.304110194907782,0.002355861426562907,0.00158900676282403,26,155,2137,5,6.0,2292
21772,951596920,11.925172095626811,2459292.0140225925,0.25,6.0,0.0037397318218719555,3.7397318218719553,0.11974698050197065,0.0005034813875827825,12.297257551266279,0.002580467770190743,0.0017405016661208306,2,72,2220,36,36.0,2292
3139,725893496,6.933378475196105,2459285.6140225925,0.25,6.0,0.0018300172156321837,1.8300172156321837,0.11974698050197065,0.00012056266834236613,12.290071997583235,0.001263475998952099,0.000852202886113651,2,72,2220,36,36.0,2292
12884,808768294,2.3240953633190604,2459284.884855926,0.20833333333333337,5.000000000000001,0.0015364008361411145,1.5364008361411146,0.07256507063467789,0.0002466751268113396,12.270079176201218,0.0018102156397462367,0.0012209737216688499,7,209,2079,29,30.0,2288
16533,939737066,0.731437064017282,2459283.4202725925,0.0625,1.5,0.002250861289037402,2.250861289037402,0.07593758269472299,0.00047877258326503233,12.259211054107602,0.002524161348638423,0.0017025235050845966,21,189,2103,9,9.0,2292
19572,901957798,1.4092613513592813,2459283.7515225927,0.125,3.0,0.0023916068527133267,2.3916068527133265,0.0743570706121925,0.0005662585504565891,12.25809055993595,0.002745361625063793,0.0018517210475271773,11,198,2090,18,18.0,2288
7757,726412287,11.33850618978828,2459292.8140225927,0.25,6.0,0.0026253249491610467,2.6253249491610466,0.1308277606815907,0.00020676993266062358,12.25730322012243,0.0016590663743703987,0.0011190249388711715,2,60,2226,24,30.0,2286
10490,817551987,1.5588673790950867,2459283.7890225924,0.0625,1.5,0.00212771869980672,2.1277186998067203,0.1075418231100453,0.00020372340894782398,12.244269097900945,0.0016485518060056605,0.0011119329596692706,10,90,2202,9,9.0,2292
5216,729633392,2.5386005407991714,2459283.0140225925,0.16666666666666666,4.0,0.0013715576938844033,1.3715576938844034,0.08036549127200011,0.00015707773738906746,12.235238666059292,0.0014486379924560856,0.0009770929397383554,7,167,2125,23,24.0,2292
3325,729113575,2.581649658055059,2459284.5640225927,0.25,6.0,0.001004755825416582,1.004755825416582,0.06809511461058759,0.00012164887937938115,12.229087071497455,0.0012754840054419515,0.0008603021755307916,7,241,2051,26,36.0,2292
9050,737480897,11.33850618978828,2459292.5390225924,0.25,6.0,0.0026149216137399934,2.6149216137399933,0.11974782810718432,0.00024616134165616457,12.225050957174709,0.0018149900349609426,0.0012241940071232582,2,72,2219,36,36.0,2291
21416,951589554,0.689630849743516,2459282.8806417426,0.0625,1.5,0.0028266117157348574,2.8266117157348574,0.07224870030442151,0.0008429169150063681,12.209346244474524,0.003362907890979671,0.0022682502974367136,24,211,2081,4,9.0,2292
2138,679195141,2.87982702220125,2459285.2890225924,0.25,6.0,0.001388851226901819,1.388851226901819,0.0776555816649563,0.00017360169574200191,12.202451279011443,0.0015270206041280141,0.0010299612870147135,5,180,2106,36,36.0,2286
7355,724772649,6.035255634419932,2459286.4890225925,0.25,6.0,0.0016791189129305311,1.679118912930531,0.09857552798303805,0.00015224977748309445,12.19232097109019,0.0014312218039739407,0.0009653458815418459,3,108,2184,36,36.0,2292
11812,815147095,1.8288878685778152,2459283.2140225926,0.16666666666666666,4.0,0.0017878574632577682,1.7878574632577682,0.07209542539471352,0.00033882203674620923,12.172449438389954,0.002138566911247479,0.0014424436201588287,9,212,2080,20,24.0,2292
15584,941287542,11.33850618978828,2459292.8015225925,0.20833333333333337,5.000000000000001,0.0042922424477432825,4.292242447743282,0.13898546364265657,0.00048821864860054497,12.16486979380147,0.0025687078629421664,0.0017325697173493637,2,53,2227,23,26.5,2280
604,679620062,11.33850618978828,2459292.5390225924,0.25,6.0,0.0017617793578487892,1.7617793578487893,0.11974698050197065,0.00011173919420671531,12.156972610531456,0.0012296806161858087,0.0008294082127248137,2,72,2220,36,36.0,2292
15793,933787314,0.5731712046912927,2459283.1723559257,0.041666666666666664,1.0,0.002285552760851397,2.2855527608513966,0.08150044830703666,0.0004231238652334708,12.15189300343661,0.0023938934780787626,0.0016146590301354125,27,162,2130,6,6.0,2292
13821,859629701,11.33850618978828,2459292.780689259,0.20833333333333337,5.000000000000001,0.002465116032316004,2.4651160323160037,0.13529586427965115,0.00017015031747787913,12.151656167653943,0.0015180843638617867,0.0010239338755306804,2,56,2233,26,28.0,2289
13886,871304886,11.33850618978828,2459292.5390225924,0.25,6.0,0.001378646680542231,1.3786466805422308,0.11974698050197065,6.842400011172403e-05,12.146184748110674,0.0009631176573269616,0.0006496139601557815,2,72,2220,36,36.0,2292
15167,860789283,1.5523277980436354,2459282.8866947945,0.125,3.0,0.00152658136653621,1.52658136653621,0.07824660218114893,0.00020624488417601725,12.131233242692769,0.0016694420108683895,0.0011260232098127543,11,176,2116,4,18.0,2292
6673,727272626,11.33850618978828,2459292.8015225925,0.20833333333333337,5.000000000000001,0.0036030683833530026,3.6030683833530026,0.13899494851137714,0.0003440256970406275,12.130095777779697,0.002162450672273542,0.0014585529962724553,2,53,2214,23,26.5,2267
2114,679235102,0.7501210802196657,2459283.0640225927,0.0625,1.5,0.001647751695686074,1.647751695686074,0.07504187896446876,0.00026336330811172425,12.116737624183942,0.0018941175515839296,0.0012775647859057937,22,194,2098,5,9.0,2292
14613,873027575,0.613050308821048,2459283.2431892594,0.041666666666666664,1.0,0.0032107095911362436,3.2107095911362435,0.08293624783087249,0.0008040751741319127,12.11256195338484,0.003310757054907148,0.002233075040406818,26,156,2136,6,6.0,2292
2989,682173369,1.7758526914360806,2459283.280689259,0.16666666666666666,4.0,0.00155644996273981,1.55644996273981,0.07209542539471352,0.0002567888675703522,12.101698579735567,0.0018726506351573631,0.0012630855491416182,9,212,2080,20,24.0,2292
12787,814741684,11.33850618978828,2459292.509855926,0.20833333333333337,5.000000000000001,0.0019051475363740637,1.9051475363740638,0.13082314527827937,0.00010888761406056493,12.101404269468915,0.001219462554285637,0.0008225162243933881,2,60,2232,30,30.0,2292
10273,817715769,0.7072469572723068,2459283.4952725926,0.0625,1.5,0.0018378223770436795,1.8378223770436795,0.07435245884961565,0.0003343815178666856,12.100666345536341,0.002137109840456416,0.0014414608393743533,22,198,2093,9,9.0,2291
2099,678244024,2.083458469465221,2459284.5265225926,0.125,3.0,0.0021197639374727004,2.1197639374727,0.08902852687100506,0.00030105774309085434,12.081613476403216,0.0020310235599347738,0.0013699066234552637,8,134,2158,8,18.0,2292
11821,807289103,1.3343107761779367,2459283.5015225927,0.125,3.0,0.00142110991189857,1.42110991189857,0.07256188529801601,0.00021104332838726972,12.077746699533508,0.0017010414425722737,0.001147336734501736,12,209,2081,11,18.0,2290
20946,901853412,11.386272570267936,2459292.5390225924,0.25,6.0,0.002702684925925086,2.702684925925086,0.11974782810718432,0.00026296220911761677,12.069094426703519,0.0019001460467197022,0.001281630950168422,2,72,2219,36,36.0,2291
14643,872025158,11.33850618978828,2459292.5390225924,0.25,6.0,0.0018166627279643042,1.8166627279643042,0.11974698050197065,0.00011880948481828948,12.066605620388824,0.001277483900097186,0.0008616510859956739,2,72,2220,36,36.0,2292
8594,508188227,12.025859459281675,2459292.1140225925,0.20833333333333337,5.000000000000001,0.0038920521614277267,3.892052161427727,0.1319176118004495,0.00044686806580459,12.0536576996543,0.0024801948632646844,0.001672868516973347,2,59,2207,29,29.5,2266
11669,816023927,0.965329190293417,2459283.0556892594,0.08333333333333333,2.0,0.0017658595711603025,1.7658595711603025,0.07351738784793083,0.0003165033925434324,12.033057193635367,0.0020908756342702594,0.001410276294530055,17,203,2089,11,12.0,2292
6815,728116457,0.8837613713464334,2459283.0390225924,0.08333333333333333,2.0,0.001442931552012894,1.442931552012894,0.07119912949220913,0.000226943609553583,12.026568873513465,0.0017714636050867576,0.0011948358323801145,19,218,2074,2,12.0,2292
2371,678257647,16.14052056183982,2459289.8390225926,0.25,6.0,0.0025899581813160796,2.5899581813160797,0.13648752855291055,0.0001844667929765676,12.017790213158293,0.0015982675354814294,0.0010780166838536553,2,55,2237,19,27.5,2292
5150,732351564,11.386272570267936,2459292.780689259,0.16666666666666666,4.0,0.003033456971557982,3.0334569715579818,0.1473873275288938,0.0002162437381599025,12.01516030457422,0.0017308410969983355,0.0011674363260477105,2,47,2240,23,23.5,2287
11799,816019015,11.33850618978828,2459292.8015225925,0.20833333333333337,5.000000000000001,0.0020299993275405357,2.0299993275405357,0.13898546364265657,0.00010920377765009822,12.014036669741968,0.0012301126245836624,0.0008296995983971822,2,53,2227,23,26.5,2280
10733,812271564,11.33850618978828,2459292.8015225925,0.20833333333333337,5.000000000000001,0.003357763527880717,3.357763527880717,0.13898546364265657,0.00029877626159289795,12.009098617552832,0.0020355305792443506,0.001372946566332356,2,53,2227,23,26.5,2280
11560,808206099,6.904292363633968,2459285.6390225925,0.25,6.0,0.001460367621575424,1.460367621575424,0.11974698050197065,7.677624924525098e-05,12.006729989307825,0.0010320570371724824,0.0006961129348256323,2,72,2220,36,36.0,2292
9649,767017136,11.33850618978828,2459292.5390225924,0.25,6.0,0.0020712559182408078,2.0712559182408077,0.11974698050197065,0.00015444363883851257,12.00316468133909,0.0014642129580754379,0.0009875981101277742,2,72,2220,36,36.0,2292
2326,678367496,0.8912232009843893,2459283.3640225925,0.08333333333333333,2.0,0.001145005796054934,1.145005796054934,0.07149353256085755,0.00014159213348393445,11.994514399454301,0.0014029813260258953,0.0009462979401226868,18,216,2076,12,12.0,2292
8808,736373916,11.33850618978828,2459292.8015225925,0.20833333333333337,5.000000000000001,0.002969796222389731,2.969796222389731,0.13898473859533353,0.00023372177446678838,11.985157840997655,0.0018039347611935748,0.0012167373271236848,2,53,2228,23,26.5,2281
10687,819291539,11.33850618978828,2459292.780689259,0.16666666666666666,4.0,0.0022717239248695262,2.2717239248695265,0.14738665172454682,0.00012127714538437821,11.982520495060864,0.0012997394482064497,0.000876662247542459,2,47,2241,23,23.5,2288
6254,728205020,4.729367587145751,2459286.3640225925,0.16666666666666666,4.0,0.001584919650218005,1.584919650218005,0.1047925661729552,0.00011931858913824027,11.966496022171695,0.0012909280924925215,0.0008707190695349531,4,95,2197,23,24.0,2292
5359,730474628,2.006103047252064,2459283.1140225925,0.16666666666666666,4.0,0.0013492089227536408,1.3492089227536408,0.07539728559387644,0.00017475501285485183,11.963385809750731,0.0015627003534935031,0.0010540269482621767,8,192,2099,24,24.0,2291
13365,810042886,1.2901824134047417,2459283.4015225926,0.125,3.0,0.0010160541113675104,1.0160541113675103,0.0691195930991471,0.0001202706340169247,11.938151154576385,0.0012991452944592196,0.000876261496330244,13,233,2059,17,18.0,2292
14593,871679233,11.33850618978828,2459292.5390225924,0.25,6.0,0.0014151472709739161,1.4151472709739161,0.11974698050197065,7.20951047476172e-05,11.935886682038829,0.001006035253188947,0.0006785614819836416,2,72,2220,36,36.0,2292
14909,871597460,11.243573740269838,2459292.5390225924,0.25,6.0,0.0015805116902642567,1.5805116902642566,0.11974782810718432,8.99286193102312e-05,11.935678877123461,0.0011236132058537532,0.0007578667245742299,2,72,2219,36,36.0,2291
5514,726799662,11.33850618978828,2459292.5390225924,0.25,6.0,0.0017619453592897987,1.7619453592897987,0.11974698050197065,0.00011176025216842288,11.934467567871101,0.0012527246862571798,0.0008449512250486846,2,72,2220,36,36.0,2292
18134,901118795,1.1183458887172404,2459283.1056892592,0.08333333333333333,2.0,0.004073738989228137,4.073738989228137,0.08014481109357388,0.0013940093455980288,11.925773517277875,0.00442752766081505,0.002986326494546776,14,168,2124,12,12.0,2292
6889,728120143,11.33850618978828,2459292.8015225925,0.20833333333333337,5.000000000000001,0.0025335286292113243,2.5335286292113244,0.1389840141947916,0.00017009733384838543,11.906453640947404,0.0015491066764720587,0.001044858138723903,2,53,2229,23,26.5,2282
5092,730461894,12.862573686551338,2459292.5390225924,0.25,6.0,0.0018963883497821658,1.8963883497821659,0.12056101149502675,0.00012766825144822818,11.905143267443556,0.0013422141930092525,0.000905311070423076,2,71,2220,35,35.5,2291
6200,727307547,3.198967032276167,2459285.4640225926,0.25,6.0,0.0009428108322360435,0.9428108322360436,0.07764689564973222,8.000030388434589e-05,11.9035734974991,0.0010626333905087578,0.0007167364026094414,5,180,2112,36,36.0,2292
9068,737478419,11.33850618978828,2459292.5390225924,0.25,6.0,0.0015057052369445083,1.5057052369445083,0.11974698050197065,8.161733738023624e-05,11.89765530175357,0.0010738529801124453,0.0007243039121222483,2,72,2220,36,36.0,2292
21714,951569358,11.33850618978828,2459292.7515225927,0.125,3.0,0.005409287529828711,5.409287529828711,0.16800657210672243,0.0005266870484464871,11.892846789794618,0.002729012300639648,0.0018406935792794066,2,36,2230,18,18.0,2266
4827,732397960,0.9572469029892272,2459283.2056892593,0.08333333333333333,2.0,0.0014645243873719356,1.4645243873719356,0.0733545362426814,0.00021877283148312858,11.869403947464019,0.0017623119308374095,0.0011886631126651892,17,204,2088,12,12.0,2292
11189,819595603,11.434240178939907,2459292.468189259,0.20833333333333337,5.000000000000001,0.0023048293999232685,2.3048293999232685,0.13082621946986764,0.0001593671568825196,11.864796196984402,0.0015047145747047656,0.0010149160762881193,2,60,2228,30,30.0,2288
9476,737343909,1.002552326558585,2459283.2723559258,0.08333333333333333,2.0,0.0032162683127648336,3.2162683127648335,0.07539728559387644,0.0009930606585307343,11.863809485144259,0.0037564595995632894,0.00253369728825259,16,192,2099,12,12.0,2291
18548,901391828,11.33850618978828,2459292.5390225924,0.25,6.0,0.0017327142521859904,1.7327142521859904,0.11974698050197065,0.00010808275247022442,11.85362496456486,0.0012403436092252999,0.0008366003029983138,2,72,2220,36,36.0,2292
6221,727348098,11.290940193331583,2459283.3890225925,0.25,6.0,0.001421456356435085,1.421456356435085,0.1352936437847547,5.657506885099181e-05,11.852879594919,0.0008974363796477011,0.0006053125452905039,2,56,2236,20,28.0,2292
9023,736018162,11.290940193331583,2459292.8390225926,0.25,6.0,0.002515417568761201,2.515417568761201,0.13530630548737088,0.00017716511526651035,11.837238806707049,0.001590207121891213,0.0010725800093694948,2,56,2219,20,28.0,2275
2816,682620957,3.225976752078601,2459283.1890225927,0.25,6.0,0.0019150599750729516,1.9150599750729516,0.07486706117988098,0.00035757683404232535,11.833001334071588,0.0022599809156728244,0.0015243362442147745,6,195,2097,16,36.0,2292
11859,806827777,0.4548508051252133,2459283.0431892592,0.041666666666666664,1.0,0.002321355794846633,2.321355794846633,0.07240312257519473,0.0005658127362581446,11.831031424874249,0.0028433397036159215,0.0019178063561418601,35,210,2082,6,6.0,2292
7402,731994654,0.8367591435186571,2459283.572355926,0.08333333333333333,2.0,0.0017094373884140727,1.7094373884140728,0.0697903710162796,0.0003331280850795035,11.819933089727515,0.0021837635055995713,0.001472928305409127,19,228,2063,12,12.0,2291
20221,900982025,11.33850618978828,2459292.8015225925,0.20833333333333337,5.000000000000001,0.004246099037771268,4.246099037771268,0.13898909861137432,0.0004777779615218953,11.808211336172311,0.0026178450499991976,0.0017657122959660043,2,53,2222,23,26.5,2275
17029,902238659,13.471344889927945,2459292.5390225924,0.25,6.0,0.0014597235826045584,1.4597235826045583,0.14298961616167252,5.326982344029718e-05,11.806268362225046,0.0008742647653344353,0.0005896835055540506,2,50,2242,14,25.0,2292
7964,724237961,11.33850618978828,2459292.8015225925,0.20833333333333337,5.000000000000001,0.004290873163178407,4.290873163178407,0.13897968132560518,0.0004879072013158437,11.767289370051962,0.002654649441051823,0.001790536517639163,2,53,2235,23,26.5,2288
8952,737430963,1.0678077443798701,2459283.8306892593,0.08333333333333333,2.0,0.001772327938897652,1.772327938897652,0.08014619461643462,0.0002638562911317648,11.752759185202319,0.001954604467519617,0.0013183626517736524,14,168,2123,12,12.0,2291
11699,815000957,11.33850618978828,2459292.780689259,0.20833333333333337,5.000000000000001,0.0019761401950916324,1.9761401950916324,0.13529512345610023,0.00010934364197839027,11.741757875756647,0.001259443370661231,0.0008494829155950567,2,56,2234,26,28.0,2290
13700,855530523,11.33850618978828,2459292.8015225925,0.20833333333333337,5.000000000000001,0.003234834954477103,3.234834954477103,0.13899128740968175,0.00027730016534173235,11.740854580785676,0.0020058125905774685,0.0013529020575863138,2,53,2219,23,26.5,2272
16736,940916262,11.33850618978828,2459292.780689259,0.20833333333333337,5.000000000000001,0.002625513615402816,2.625513615402816,0.13530106856723548,0.00019301300885063584,11.73712918220411,0.001673965117133132,0.001129074003192454,2,56,2226,26,28.0,2282
12823,807067163,11.33850618978828,2459292.8015225925,0.20833333333333337,5.000000000000001,0.003382423783910195,3.3824237839101947,0.13898112304315582,0.00030318095232997606,11.736011820928795,0.0020981929138031022,0.0014152117319594648,2,53,2233,23,26.5,2286
17810,901109844,11.33850618978828,2459292.572355926,0.20833333333333337,5.000000000000001,0.005745340611337196,5.745340611337196,0.13082314527827937,0.000990268162208414,11.734208270363123,0.003792605004668033,0.0025580770299932776,2,60,2232,30,30.0,2292
15075,874040580,1.2847699886040416,2459284.0223559258,0.08333333333333333,2.0,0.002934990364248517,2.934990364248517,0.08636167961484253,0.0006159130433335624,11.725646858095217,0.0029932148289067047,0.0020188957432258903,12,143,2149,11,12.0,2292
12436,806998722,1.8443296497471602,2459283.5515225925,0.0625,1.5,0.002424311897248902,2.424311897248902,0.1075418231100453,0.0002644779678814157,11.707671705614322,0.0019644420035132056,0.0013249979788973465,10,90,2202,9,9.0,2292
4192,730856093,0.8367591435186571,2459283.572355926,0.08333333333333333,2.0,0.0011196451604337495,1.1196451604337494,0.06979374091452976,0.00014291100252222967,11.70425544236479,0.0014444550751908484,0.0009742716006952978,19,228,2061,12,12.0,2289
11278,815780479,11.196405993501577,2459292.5390225924,0.25,6.0,0.0012812839853021418,1.2812839853021418,0.11974698050197065,5.9100791435702605e-05,11.697349799406025,0.000929446013159878,0.0006269027473086997,2,72,2220,36,36.0,2292
16844,902209336,11.33850618978828,2459292.8015225925,0.20833333333333337,5.000000000000001,0.00326121396652771,3.26121396652771,0.13899788925046555,0.0002818411881900981,11.697215899302837,0.0020297134166937254,0.0013690229439455859,2,53,2210,23,26.5,2263
1196,685292094,11.33850618978828,2459292.780689259,0.16666666666666666,4.0,0.0039057458622711373,3.905745862271137,0.14739139499488904,0.0003584889924052306,11.695412399527408,0.0022894827197165323,0.0015442349384301446,2,47,2234,23,23.5,2281
14329,847189246,0.45294266736678457,2459282.8890225925,0.041666666666666664,1.0,0.001661120007889213,1.661120007889213,0.07194328434087267,0.00029386754598495,11.689541997991542,0.0020739262824196344,0.0013988441133276908,37,213,2079,3,6.0,2292
4248,730859043,10.963518800506808,2459283.1751339533,0.16666666666666666,4.0,0.0030786350789582372,3.078635078958237,0.14587584414412794,0.0002274718547854126,11.629930362581215,0.0018340100786419483,0.0012370228508309378,2,48,2240,24,24.0,2288
1865,678971499,12.971175778322415,2459292.5390225924,0.25,6.0,0.0015806599625947334,1.5806599625947335,0.11974698050197065,8.994549302459942e-05,11.624162661085645,0.0011538331775509645,0.0007782498162356433,2,72,2220,36,36.0,2292
14819,871605175,2.0401221707496737,2459283.0077725924,0.0625,1.5,0.0035076336742681596,3.5076336742681598,0.11974782810718432,0.0004429257837429582,11.622854534099023,0.002560752919741053,0.0017272041816680517,8,72,2219,9,9.0,2291
2928,680360620,3.016126009056032,2459285.3390225926,0.25,6.0,0.0011774332951131905,1.1774332951131905,0.07764689564973222,0.0001247714247996995,11.618542698365404,0.001359630526063345,0.0009170582261320281,5,180,2112,36,36.0,2292
14917,872050552,11.33850618978828,2459292.5390225924,0.25,6.0,0.0016565417960686234,1.6565417960686235,0.11974698050197065,9.878870599640139e-05,11.617137201689319,0.0012099558612241228,0.0008161040477702164,2,72,2220,36,36.0,2292
3812,729024932,1.8059672720934798,2459284.0473559257,0.16666666666666666,4.0,0.0007860279444565539,0.7860279444565539,0.07149353256085755,6.672671238239229e-05,11.603809433568616,0.000995552744213837,0.0006714911265437995,9,216,2076,24,24.0,2292
14333,871874698,11.33850618978828,2459292.572355926,0.20833333333333337,5.000000000000001,0.002723261734883343,2.723261734883343,0.13082314527827937,0.00022248463430039504,11.602596466214237,0.0018180667365756435,0.0012262692139320408,2,60,2232,30,30.0,2292
6341,731439987,11.33850618978828,2459292.780689259,0.16666666666666666,4.0,0.0034187785889377665,3.4187785889377666,0.14739071557511935,0.0002746691054442137,11.589294170965674,0.0020223807261465715,0.0013640771119294293,2,47,2235,23,23.5,2282
2310,679223072,2.784585303533755,2459283.9140225924,0.25,6.0,0.0015864301770859882,1.5864301770859883,0.07209542539471352,0.00026677663491752246,11.582577068259928,0.0019942687974865048,0.0013451158758171489,6,212,2080,32,36.0,2292
8006,727763142,11.33850618978828,2459292.5390225924,0.25,6.0,0.0025370729158305265,2.5370729158305263,0.11974698050197065,0.00023172260328866914,11.579900227937019,0.0018590641658418779,0.0012539216011344112,2,72,2220,36,36.0,2292
1618,679413246,11.056086672530089,2459290.0765225925,0.125,3.0,0.0037062292629592413,3.7062292629592415,0.16799119080810546,0.0002472504362930772,11.577967565965315,0.001920663143255351,0.0012954695421930063,2,36,2256,18,18.0,2292
16506,901296924,1.3799484700199869,2459284.1140225925,0.125,3.0,0.0028003879869149535,2.8003879869149535,0.0746951657425049,0.0007685329419712434,11.575574962295967,0.0033869101055031413,0.002284439569339769,11,196,2095,16,18.0,2291
12707,816595703,11.33850618978828,2459292.5390225924,0.25,6.0,0.0013930721224058224,1.3930721224058225,0.11974698050197065,6.986339777607345e-05,11.575322447063366,0.0010211904668124367,0.0006887835335305792,2,72,2220,36,36.0,2292
20265,902334558,13.025820200358702,2459292.5390225924,0.25,6.0,0.002083571288371381,2.0835712883713806,0.11974698050197065,0.00015628569529412074,11.56280313456365,0.0015290140668630455,0.001031305859208853,2,72,2220,36,36.0,2292
6022,727390199,11.33850618978828,2459292.780689259,0.16666666666666666,4.0,0.0017789567081449326,1.7789567081449327,0.1473880039338042,7.43701437821656e-05,11.558964714983578,0.0010551042451318212,0.0007116580636259418,2,47,2239,23,23.5,2286
4967,391745438,12.971175778322415,2459292.597355926,0.16666666666666666,4.0,0.002526736099890308,2.526736099890308,0.1458731165496484,0.00015322548764373325,11.558841176501806,0.001514489293693345,0.0010215090339223964,2,48,2244,24,24.0,2292
6256,728208409,2.5386005407991714,2459284.8890225925,0.25,6.0,0.0009651604654744159,0.9651604654744159,0.06700534280742433,0.0001164418405143489,11.544278172352485,0.0013219126102474643,0.0008916178404475006,7,250,2042,35,36.0,2292
21030,901433538,11.290940193331583,2459292.847355926,0.16666666666666666,4.0,0.004224768617242335,4.224768617242335,0.16575359488843752,0.0003302003925808606,11.54363936153239,0.002226183913002122,0.0015015404782153796,2,37,2236,13,18.5,2273
10721,815369198,6.817764095829454,2459286.880689259,0.08333333333333333,2.0,0.0032151310388869145,3.2151310388869145,0.20520132498171262,0.00012404481116656861,11.532748077567714,0.0013657508944942235,0.000921186358083248,2,24,2268,12,12.0,2292
2199,679197983,1.9397571519703598,2459284.0640225927,0.16666666666666666,4.0,0.0011441442066002236,1.1441442066002236,0.0753957811122334,0.0001256703326876981,11.527787442183566,0.0013752619273776601,0.0009276014618762041,8,192,2100,24,24.0,2292
6835,728035504,1.4574625944617292,2459284.1390225925,0.08333333333333333,2.0,0.0015814858996016491,1.5814858996016492,0.09164163057033695,0.00015756915199024676,11.51644016501887,0.0015414602898638807,0.0010397007216133014,12,126,2166,2,12.0,2292
1951,683006448,1.7243554598747077,2459283.747355926,0.16666666666666666,4.0,0.0012929221787448928,1.2929221787448928,0.07149353256085755,0.00018053795811136757,11.50373027615866,0.0016518118240042858,0.0011141318116850707,9,216,2076,24,24.0,2292
11452,808175730,11.33850618978828,2459292.8015225925,0.20833333333333337,5.000000000000001,0.0027699112580867155,2.7699112580867156,0.13898546364265657,0.00020331882200840158,11.499055084448129,0.0017536448164074802,0.0011828172240708756,2,53,2227,23,26.5,2280
13568,872116647,11.33850618978828,2459292.8015225925,0.20833333333333337,5.000000000000001,0.002590172514586841,2.590172514586841,0.13898473859533353,0.00017778833186600965,11.480195618765917,0.0016425452287208747,0.0011078815787946006,2,53,2228,23,26.5,2281
12151,809311599,6.904292363633968,2459285.6390225925,0.25,6.0,0.001309359796555349,1.309359796555349,0.11974698050197065,6.171923076607674e-05,11.474619764402526,0.0009682487543818328,0.0006530748377052698,2,72,2220,36,36.0,2292
21717,952658150,11.33850618978828,2459292.8015225925,0.20833333333333337,5.000000000000001,0.0038015932262340946,3.8015932262340946,0.1389832904401656,0.0003829809430303472,11.44420883158538,0.002418342486458688,0.001631149660366038,2,53,2230,23,26.5,2283
9835,767043835,11.33850618978828,2459292.572355926,0.20833333333333337,5.000000000000001,0.0030645199278477443,3.064519927847744,0.13082314527827937,0.0002817384716452783,11.44311929519719,0.0020744054725806375,0.0013991673226633194,2,60,2232,30,30.0,2292
13006,814804462,1.002552326558585,2459283.505689259,0.08333333333333333,2.0,0.0017885104437379402,1.7885104437379402,0.0753957811122334,0.0003070818823065296,11.441962468696854,0.0021659158326356462,0.001460890214916799,16,192,2100,12,12.0,2292
6886,728113806,3.225976752078601,2459285.3890225925,0.25,6.0,0.001427407015161195,1.4274070151611948,0.07764689564973222,0.00018337417082382523,11.440805442180604,0.0016738921749475126,0.0011290248043622775,5,180,2112,36,36.0,2292
4488,728720933,2.7038362442959003,2459283.1640225924,0.25,6.0,0.0008627791104427851,0.8627791104427851,0.07149353256085755,8.03938816889759e-05,11.440287941602254,0.0011083821974263413,0.0007475935501324305,6,216,2076,36,36.0,2292
14208,871892386,11.243573740269838,2459292.5390225924,0.25,6.0,0.002406421614518103,2.406421614518103,0.11974698050197065,0.00020847113952551685,11.440249769420232,0.00178485303343778,0.001203866878077553,2,72,2220,36,36.0,2292
5859,726938947,11.33850618978828,2459292.8015225925,0.20833333333333337,5.000000000000001,0.002448479569073699,2.448479569073699,0.1389840141947916,0.00015886888330454019,11.437526678933224,0.001558483824771921,0.0010511829386024019,2,53,2229,23,26.5,2282
16946,901602472,11.33850618978828,2459292.8015225925,0.20833333333333337,5.000000000000001,0.003147718216401006,3.147718216401006,0.13898473859533353,0.0002625654442013623,11.403987790802502,0.0020094492326948386,0.0013553549390900033,2,53,2228,23,26.5,2281
8066,726044298,1.5328731996061478,2459283.7890225924,0.125,3.0,0.0017729576968337603,1.7729576968337604,0.07866095906463483,0.0002750456620416813,11.399705876070904,0.0020574237624439227,0.0013877133160959954,10,175,2113,14,18.0,2288
6175,728200345,2.1729122717070197,2459283.3015225925,0.20833333333333337,5.000000000000001,0.0009548007078492458,0.9548007078492458,0.0682202030293411,0.00010939732700513049,11.39368260670721,0.001298237757920444,0.0008756493713209523,8,240,2052,30,30.0,2292
5098,728788580,3.4215391683912486,2459285.1890225927,0.25,6.0,0.0008405299928355014,0.8405299928355014,0.07784505729623038,6.32309148626163e-05,11.390501163193308,0.000987272176559431,0.0006659059601776818,5,179,2113,35,36.0,2292
15994,901635025,11.33850618978828,2459292.780689259,0.16666666666666666,4.0,0.004107372544911339,4.107372544911339,0.14738868094007887,0.000396456966733249,11.37144634408545,0.0024762661345826393,0.0016702186257808171,2,47,2238,23,23.5,2285
14251,868608435,1.3010757627667375,2459283.6265225927,0.125,3.0,0.0013886442825966124,1.3886442825966123,0.06898849848111081,0.00022561495439982646,11.370759846488466,0.0018681401392676125,0.0012600432613433243,13,234,2058,18,18.0,2292
2436,678780055,1.681405213307136,2459283.6140225925,0.16666666666666666,4.0,0.0012276961844941044,1.2276961844941043,0.0682202030293411,0.00018086855057056583,11.35465160946483,0.001675030477477472,0.0011297925789002239,10,240,2052,24,24.0,2292
338,675254440,6.933378475196105,2459285.5890225926,0.25,6.0,0.0015465557886209145,1.5465557886209145,0.11974698050197065,8.610605306340692e-05,11.348704527523363,0.0011563400030003002,0.0007799406468368408,2,72,2220,36,36.0,2292
12064,816070279,11.243573740269838,2459292.884855926,0.20833333333333337,5.000000000000001,0.0033770496700718925,3.3770496700718926,0.15759465529687613,0.00023379152171971993,11.34848966880777,0.0019054225914208055,0.0012851899308112813,2,41,2243,11,20.5,2284
3896,734143428,11.33850618978828,2459292.780689259,0.16666666666666666,4.0,0.0042960324454926315,4.2960324454926315,0.1473859765199637,0.0004337135271590469,11.34180432871358,0.0025967750584314875,0.001751500781351334,2,47,2242,23,23.5,2289
567,684942348,11.243573740269838,2459292.5390225924,0.25,6.0,0.0018198434725067128,1.8198434725067127,0.11974782810718432,0.00011922588951931046,11.335274086595732,0.0013622858876920583,0.0009188492430136641,2,72,2219,36,36.0,2291
14580,847462294,11.33850618978828,2459292.572355926,0.20833333333333337,5.000000000000001,0.001532381939003996,1.532381939003996,0.13082314527827937,7.04458322095694e-05,11.307644889135634,0.0010497127895294515,0.000708021576642015,2,60,2232,30,30.0,2292
13084,810002326,10.871725959575887,2459290.8973559258,0.16666666666666666,4.0,0.0022151682771872076,2.2151682771872077,0.1458731165496484,0.000117767291910157,11.30438273185431,0.001357627070637477,0.0009157069139602569,2,48,2244,24,24.0,2292
14308,855888393,11.33850618978828,2459292.7640225925,0.16666666666666666,4.0,0.002472926495936558,2.4729264959365582,0.14587447913667345,0.00014676877090332154,11.29689990593653,0.0015166052173639412,0.0010229362048859714,2,48,2242,24,24.0,2290
12859,807680511,13.585086997041817,2459292.4390225927,0.25,6.0,0.002848318704868645,2.848318704868645,0.1458737975410098,0.0001947100666681103,11.285057005952313,0.0017486602718547657,0.0011794551948298704,2,48,2243,12,24.0,2291
7352,734379986,11.33850618978828,2459292.54180062,0.25,6.0,0.002700151167361749,2.700151167361749,0.11974782810718432,0.00026246938775778057,11.275835799129702,0.0020319152226224817,0.0013705080416986926,2,72,2219,36,36.0,2291
1393,679157978,3.016126009056032,2459285.4640225926,0.25,6.0,0.0018582440314111933,1.8582440314111932,0.07764689564973222,0.00031077637922477915,11.25971769841896,0.00221417272669392,0.0014934390440401457,5,180,2112,36,36.0,2292
3880,729019328,11.290940193331583,2459292.8390225926,0.25,6.0,0.0019998225425880817,1.9998225425880818,0.13530106856723548,0.00011198012565161687,11.258318976677696,0.0013292660838998282,0.0008965776904760747,2,56,2226,20,28.0,2282
7481,726354788,4.709527488447809,2459282.904495104,0.25,6.0,0.0013940628315337203,1.3940628315337202,0.09030535100285415,0.0001263217265871479,11.258071131378308,0.0014064141105844246,0.0009486133215866888,4,129,2162,21,36.0,2291
3457,729097451,2.614414897486894,2459283.6140225925,0.25,6.0,0.0007172802266462092,0.7172802266462093,0.07149353256085755,5.556501974206482e-05,11.226349754202875,0.0009390250239869724,0.000633363701596501,6,216,2076,36,36.0,2292
6245,728198996,4.5156470699470805,2459286.9390225927,0.25,6.0,0.0010710893851991546,1.0710893851991545,0.0866463284508725,8.145350544712752e-05,11.222187258894497,0.001137345402137172,0.0007671289640747148,4,142,2149,34,36.0,2291
4256,729936915,11.33850618978828,2459292.780689259,0.16666666666666666,4.0,0.0018016257679875085,1.8016257679875085,0.1473880039338042,7.627760208509962e-05,11.210215769291777,0.0011017918154919636,0.0007431483984162712,2,47,2239,23,23.5,2286
13743,855972782,11.33850618978828,2459292.8015225925,0.20833333333333337,5.000000000000001,0.0025878590489382845,2.5878590489382844,0.13899494851137714,0.00017747088311505167,11.203801573756596,0.001681563006111213,0.0011341987090996986,2,53,2214,23,26.5,2267
3601,729906952,2.5173459272148944,2459283.1640225924,0.25,6.0,0.001235933820382707,1.2359338203827068,0.06688811291244928,0.00019170531724990706,11.200553960923916,0.0017482058717753406,0.0011791487061751926,7,251,2041,35,36.0,2292
13283,816510991,0.6447701587491637,2459282.8859191006,0.041666666666666664,1.0,0.0033315535955817242,3.3315535955817244,0.0903041659194605,0.0007214512084151786,11.197185656491103,0.003607419034477483,0.0024331708043150435,25,147,2145,3,6.0,2292
17935,901108871,11.290940193331583,2459292.572355926,0.20833333333333337,5.000000000000001,0.0017215701879637214,1.7215701879637213,0.13082314527827937,8.89141173625633e-05,11.192702294033772,0.0011914214265959368,0.0008036027428813819,2,60,2232,30,30.0,2292
12894,810996745,11.33850618978828,2459292.7640225925,0.16666666666666666,4.0,0.0024938907360042067,2.493890736004207,0.14588270571458042,0.0001492677840750625,11.189976294107916,0.0015440767164302518,0.001041465477155168,2,48,2230,24,24.0,2278
6333,727344970,3.158875874270669,2459284.6640225924,0.25,6.0,0.0010237608320859037,1.0237608320859037,0.07764689564973222,9.432776171818997e-05,11.18355399072236,0.0012281599293810714,0.0008283825235269604,5,180,2112,36,36.0,2292
1976,683673003,0.6079175015076093,2459283.2431892594,0.041666666666666664,1.0,0.002658923151656947,2.658923151656947,0.08293756980523279,0.0005514500414605504,11.17632297709729,0.002971454886194678,0.0020042188629398883,26,156,2135,6,6.0,2291
5435,728592781,3.364484858021865,2459285.8890225925,0.125,3.0,0.0011346830679358736,1.1346830679358735,0.11974698050197065,4.635020392777318e-05,11.176316624236497,0.0008614739028725292,0.0005810561870177589,4,72,2220,18,18.0,2292
3489,725350532,11.33850618978828,2459292.5390225924,0.25,6.0,0.0021287459302872015,2.1287459302872014,0.11974698050197065,0.00016313613248571563,11.165876830745544,0.0016176972455056253,0.0010911218437242853,2,72,2220,36,36.0,2292
12415,815912296,11.33850618978828,2459292.8015225925,0.20833333333333337,5.000000000000001,0.0025307021767714283,2.5307021767714284,0.1389876426739862,0.0001697180179491646,11.159851544224816,0.0016508991961879328,0.0011135162526560993,2,53,2224,23,26.5,2277
18285,901816455,11.290940193331583,2459292.843189259,0.20833333333333337,5.000000000000001,0.0035488260584949187,3.5488260584949187,0.1473859765199637,0.00029596291024613566,11.158636935870163,0.00218033132843806,0.0014706133336288008,2,47,2242,17,23.5,2289
16563,902238351,0.6983833618595284,2459283.3702725926,0.0625,1.5,0.002522838193571889,2.522838193571889,0.07287341203313161,0.0006587477490228148,11.157909851750826,0.00325305736406829,0.0021941571321113518,23,207,2085,9,9.0,2292
11887,814396830,11.33850618978828,2459292.780689259,0.16666666666666666,4.0,0.002928091593321727,2.928091593321727,0.14738530191434637,0.00020148242890371222,11.154969511104895,0.001799555308705044,0.0012137834268886039,2,47,2243,23,23.5,2290
5119,729449408,4.850175767332763,2459286.9640225926,0.25,6.0,0.0012075037288114953,1.2075037288114954,0.09857552798303805,7.873552377505791e-05,11.141735205466885,0.0011262829909676033,0.0007596674699633099,3,108,2184,36,36.0,2292
12624,805522023,3.2945029875079803,2459283.0140225925,0.125,3.0,0.003657502222996335,3.6575022229963348,0.11740695603034829,0.0005016495941708674,11.126340112457392,0.0028468389492843785,0.0019201665650103728,5,75,2217,3,18.0,2292
12458,816576459,1.3974622104621592,2459283.1890225927,0.08333333333333333,2.0,0.002222544033245539,2.222544033245539,0.08965891221022336,0.00032602033066121293,11.122818224287071,0.0022957389352619125,0.0015484546980047975,11,132,2160,12,12.0,2292
15089,852438644,0.4804005721468701,2459283.155689259,0.041666666666666664,1.0,0.0030526808724156158,3.052680872415616,0.07435092446850082,0.0009225671903724044,11.121461336948162,0.00386235460607702,0.002605122491620815,33,198,2094,6,6.0,2292
6526,732215626,1.7389146464312113,2459282.912607946,0.125,3.0,0.0018573558425211446,1.8573558425211447,0.07845003488768296,0.00030357982386577394,11.117271067918654,0.0022101204627655987,0.0014907058294655329,10,175,2117,13,18.0,2292
1900,678243891,5.253472128069181,2459287.009855926,0.20833333333333337,5.000000000000001,0.0021452861150102385,2.1452861150102382,0.10754374256857795,0.0002071013631865075,11.11575958083251,0.0018309114119014274,0.001234932828747759,3,90,2200,30,30.0,2290
12899,814656683,1.7389146464312113,2459283.2973559257,0.16666666666666666,4.0,0.0012515396927765372,1.2515396927765372,0.06885828940736023,0.00018404631330493472,11.106594244175449,0.0017274188439290112,0.0011651280479758608,10,235,2057,20,24.0,2292
21345,952656462,12.916760594277575,2459292.9390225927,0.25,6.0,0.003847184969681527,3.847184969681527,0.15758962816052258,0.00030341705991434074,11.080173332816566,0.00222325071867745,0.0014995620657476394,2,41,2251,6,20.5,2292
13643,872112667,11.33850618978828,2459292.780689259,0.16666666666666666,4.0,0.003040420519667006,3.040420519667006,0.14738665172454682,0.00021723768800568637,11.078136231345358,0.001881550514230992,0.00126908843533724,2,47,2241,23,23.5,2288
21565,952210857,11.33850618978828,2459292.8015225925,0.20833333333333337,5.000000000000001,0.0038187181279442477,3.8187181279442477,0.13897968132560518,0.00038643911572828555,11.07791843641696,0.0025095587918603193,0.0016926742154730334,2,53,2235,23,26.5,2288
13126,816273654,11.290940193331583,2459292.5390225924,0.25,6.0,0.0014582586722568624,1.4582586722568625,0.11974698050197065,7.65546607876445e-05,11.073649281865201,0.0011174035618761115,0.0007536783770916711,2,72,2220,36,36.0,2292
3833,729819713,1.8756054499663941,2459283.0473559257,0.16666666666666666,4.0,0.0007744691895134743,0.7744691895134743,0.07179226385943972,6.417887022910539e-05,11.067081460671798,0.0010237123086140438,0.000690484492522625,10,214,2078,2,24.0,2292
20892,902345333,11.290940193331583,2459292.5390225924,0.25,6.0,0.002187630406177646,2.187630406177646,0.11974698050197065,0.00017228616458518702,11.066114777456107,0.001677432406274422,0.0011314126576786876,2,72,2220,36,36.0,2292
14230,872327405,11.386272570267936,2459292.5390225924,0.25,6.0,0.0018111374749318091,1.8111374749318092,0.11974698050197065,0.00011808788231168531,11.057067081130645,0.0013898813283362021,0.0009374621127318239,2,72,2220,36,36.0,2292
6272,728204965,6.320897522644275,2459287.8140225927,0.25,6.0,0.001374500094164924,1.374500094164924,0.11974698050197065,6.801301831893785e-05,11.04680469487695,0.0010557822257250202,0.000712115355271159,2,72,2220,36,36.0,2292
21243,901498475,11.33850618978828,2459292.5390225924,0.25,6.0,0.0020374611826203455,2.0374611826203455,0.11974698050197065,0.00014944493054464908,11.031937592489458,0.0015671255641794483,0.0010570117119785838,2,72,2220,36,36.0,2292
18518,901981452,11.434240178939907,2459292.509855926,0.20833333333333337,5.000000000000001,0.003421927117909456,3.421927117909456,0.13082314527827937,0.0003512875560085235,11.024364740699435,0.002404322979386118,0.001621693632393173,2,60,2232,30,30.0,2292
5448,732293871,6.933378475196105,2459285.5890225926,0.25,6.0,0.0015380908723448532,1.5380908723448532,0.11974698050197065,8.516604713725985e-05,11.01945970160694,0.001184371483212641,0.0007988476212145157,2,72,2220,36,36.0,2292
5452,728598066,12.75488087351786,2459292.5390225924,0.25,6.0,0.0014938993578828934,1.4938993578828934,0.12056017036506472,7.92266028476437e-05,11.018112409317771,0.0011424660838391895,0.0007705828165649464,2,71,2221,35,35.5,2292
10122,811622218,11.196405993501577,2459292.947355926,0.20833333333333337,5.000000000000001,0.003596907019932891,3.596907019932891,0.17803602872614158,0.00020700384176068019,10.988312970513594,0.0018517108873160647,0.0012489618827168925,2,32,2238,2,16.0,2270
4391,732487463,6.904292363633968,2459285.6140225925,0.20833333333333337,5.000000000000001,0.00182752593663173,1.82752593663173,0.13082314527827937,0.00010019553147185047,10.97117021867692,0.0012902867016478354,0.0008702864573369995,2,60,2232,30,30.0,2292
2471,678749598,11.33850618978828,2459292.8015225925,0.20833333333333337,5.000000000000001,0.002168071241092162,2.168071241092162,0.1389804018635737,0.00012456412202094906,10.960439069056015,0.0014400697621230552,0.0009713137475536593,2,53,2234,23,26.5,2287
13497,810893753,0.6557040515460002,2459282.9890225925,0.0625,1.5,0.0012845979238184156,1.2845979238184155,0.0691195930991471,0.000192247347714855,10.953010210654483,0.0017902417611880992,0.0012075015251504784,26,233,2059,8,9.0,2292
7742,727740508,3.322319342501036,2459284.6390225925,0.25,6.0,0.00157051557636723,1.57051557636723,0.07764689564973222,0.00022198672580508834,10.94615743497865,0.0019249382859728098,0.001298353086451376,5,180,2112,36,36.0,2292
1396,679401326,1.3683947533067393,2459283.6265225927,0.125,3.0,0.002130386277630169,2.130386277630169,0.07179226385943972,0.00048562438903489727,10.935813857815432,0.002849798367584377,0.0019221626653071477,12,214,2078,16,18.0,2292
2309,678324854,0.8090858220569596,2459283.3140225927,0.0625,1.5,0.0015493101061524643,1.5493101061524643,0.0780449513099204,0.00021363220064732826,10.935328079848462,0.001890238209270858,0.0012749482053627803,20,178,2114,7,9.0,2292
20061,902372097,11.33850618978828,2459292.5390225924,0.25,6.0,0.0023296266188069623,2.3296266188069623,0.11974698050197065,0.00019537776658994254,10.9318047990639,0.001808259269245807,0.0012196541678441974,2,72,2220,36,36.0,2292
7277,731607191,11.290940193331583,2459292.8015225925,0.20833333333333337,5.000000000000001,0.002911422492419586,2.911422492419586,0.13899128740968175,0.00022462409462821684,10.929945799202955,0.0019392114168107952,0.0013079801813103975,2,53,2219,23,26.5,2272
3309,734183536,11.33850618978828,2459292.5390225924,0.25,6.0,0.0027409267269525323,2.7409267269525324,0.11974698050197065,0.000270456455610818,10.918559944507233,0.002130091754092819,0.0014367272049728985,2,72,2220,36,36.0,2292
14413,846178812,11.33850618978828,2459292.8015225925,0.20833333333333337,5.000000000000001,0.003153842893525858,3.153842893525858,0.13897680557277214,0.00026358821242165425,10.91682467662698,0.002103205237650554,0.001418592498078075,2,53,2239,23,26.5,2292
5865,727393787,3.2669195269255273,2459284.6390225925,0.25,6.0,0.0008047236955596934,0.8047236955596935,0.07764689564973222,5.828222035757251e-05,10.908325842328251,0.0009897486996917153,0.0006675763521460376,5,180,2112,36,36.0,2292
13408,75823453,0.7532811586571458,2459283.4765225924,0.0625,1.5,0.0016144280614492782,1.614428061449278,0.07593907218266745,0.00024630271774871566,10.90655237000478,0.0020349892096054437,0.001372581417513452,21,189,2102,9,9.0,2291
19778,901169630,11.33850618978828,2459292.780689259,0.16666666666666666,4.0,0.0049630425602164045,4.9630425602164046,0.14739548425508892,0.000578847099181206,10.905092736406363,0.003120093187868318,0.002104474023923053,2,47,2228,23,23.5,2275
4872,725515847,8.377278607744133,2459285.6140225925,0.25,6.0,0.001839073417092717,1.839073417092717,0.11974782810718432,0.00012175887720445497,10.9040678322957,0.0014311223712030674,0.0009652788150567027,2,72,2219,36,36.0,2291
15807,902299461,11.33850618978828,2459292.5390225924,0.25,6.0,0.0019196522838933337,1.9196522838933336,0.11974698050197065,0.00013266233607804812,10.888444056195668,0.0014959703779040953,0.0010090181963470224,2,72,2220,36,36.0,2292
12273,805386579,0.6696325245826665,2459283.3952725925,0.0625,1.5,0.003444131358535071,3.444131358535071,0.07149515606300194,0.0012811004080032205,10.878997955862634,0.00465283538231565,0.003138294470737657,24,216,2075,9,9.0,2291
21616,951569200,11.33850618978828,2459292.780689259,0.16666666666666666,4.0,0.003375160424722858,3.375160424722858,0.1473873275288938,0.0002677051354764615,10.878972019865673,0.002126941226670101,0.0014346022033387973,2,47,2240,23,23.5,2287
12299,816047852,11.33850618978828,2459292.8015225925,0.20833333333333337,5.000000000000001,0.004469366959363563,4.469366959363564,0.13899715307399454,0.0005293438869624436,10.87893175933274,0.0029908711001678315,0.0020173149198488005,2,53,2211,23,26.5,2264
21412,951608647,1.8520993638792635,2459283.8973559258,0.16666666666666666,4.0,0.002338756934057642,2.338756934057642,0.0753957811122334,0.0005250992636738593,10.877681491922292,0.0029791979765908657,0.0020094415058619086,8,192,2100,24,24.0,2292
6135,728325012,11.290940193331583,2459292.8306892593,0.16666666666666666,4.0,0.002100044476423886,2.100044476423886,0.16151241938653643,8.599864265769025e-05,10.875645242021845,0.0012058846404019584,0.0008133580469458779,2,39,2246,15,19.5,2285
12551,809037792,0.5159896638394394,2459283.184855926,0.041666666666666664,1.0,0.00146494967149875,1.46494967149875,0.0770625670686628,0.00019636609491222303,10.869299978231291,0.001823251899570441,0.0012297665584584117,31,183,2109,3,6.0,2292
13154,816531898,11.33850618978828,2459292.5390225924,0.25,6.0,0.0016166038402632662,1.616603840263266,0.11974698050197065,9.408268714874184e-05,10.863110384723276,0.0012627450122019422,0.0008517098423053704,2,72,2220,36,36.0,2292
1846,683028039,1.6673275285697875,2459284.0640225927,0.16666666666666666,4.0,0.001475237584796798,1.475237584796798,0.06834612263186154,0.0002600709488258522,10.858440003860906,0.002100358761800255,0.001416672576419975,10,239,2053,23,24.0,2292
3041,676340102,11.33850618978828,2459292.8015225925,0.20833333333333337,5.000000000000001,0.002289700137272266,2.289700137272266,0.13898618933762732,0.00013893225804355278,10.84529010036015,0.0015370053229179393,0.0010366958875744903,2,53,2226,23,26.5,2279
14681,857591966,1.798391086004462,2459283.2973559257,0.16666666666666666,4.0,0.0016163398426691854,1.6163398426691853,0.07179710932276491,0.0002795433301089836,10.835980650482929,0.002182083393747806,0.001471795085490224,9,214,2075,22,24.0,2289
8710,736504180,11.290940193331583,2459292.8015225925,0.125,3.0,0.0025994077163817553,2.5994077163817555,0.17033988250777124,0.00011824610832973772,10.829461673451707,0.0014200432027585421,0.0009578060183181858,2,35,2251,17,17.5,2286
5763,724932362,1.3741594689878656,2459284.0640225927,0.125,3.0,0.0010389080781926967,1.0389080781926967,0.07504187896446876,0.00010469500950860213,10.827040628508897,0.001336497718431846,0.0009014553611438325,11,194,2098,14,18.0,2292
5861,732513273,1.5786518850055473,2459284.3640225925,0.125,3.0,0.001470579991751104,1.470579991751104,0.07764833995741317,0.00019463449609248096,10.821615490879969,0.0018231936797298775,0.0012297272897139333,10,180,2111,18,18.0,2291
8600,736051234,11.33850618978828,2459292.780689259,0.16666666666666666,4.0,0.003691907662563256,3.691907662563256,0.14738530191434637,0.00032030928143899213,10.80823567926997,0.0023417738567315565,0.0015795048271493028,2,47,2243,23,23.5,2290
14246,871992833,11.33850618978828,2459292.780689259,0.16666666666666666,4.0,0.004208157530181119,4.208157530181119,0.14738530191434637,0.00041615186027227135,10.79475712364035,0.0026725635603063406,0.001802619425540497,2,47,2243,23,23.5,2290
4038,729741089,10.780701660734362,2459284.3640225925,0.16666666666666666,4.0,0.0015032888516125983,1.5032888516125984,0.15055650118954553,5.084724085611131e-05,10.776263464102218,0.0009357945098190148,0.0006311847496418554,2,45,2247,21,22.5,2292
14765,873151808,0.30637260346515754,2459282.978605926,0.020833333333333332,0.5,0.0036813294250805434,3.6813294250805435,0.08220785503669348,0.0010773988137091255,10.76833641789205,0.004310767791284478,0.0029075730414707124,53,159,2133,3,3.0,2292
6902,731465422,1.6257977337407237,2459283.9390225927,0.125,3.0,0.0017486313675224635,1.7486313675224634,0.07764689564973222,0.0002751940493535133,10.76528503344023,0.00217925968140527,0.0014698905176077637,10,180,2112,18,18.0,2292
5234,729636896,11.33850618978828,2459292.7640225925,0.16666666666666666,4.0,0.0020186432960849145,2.0186432960849143,0.1458751613374441,9.779809816388563e-05,10.760185989790825,0.0012997517903481314,0.0008766705722029755,2,48,2241,24,24.0,2289
11599,808091787,0.3431980076000987,2459283.161939259,0.020833333333333332,0.5,0.003891817874982812,3.891817874982812,0.08810963168668076,0.0010375178764844475,10.759476249721178,0.004233715403668354,0.002855601918028028,46,137,2155,2,3.0,2292
14378,843468669,0.7345184312196247,2459283.4515225925,0.0625,1.5,0.0023003052027536575,2.3003052027536577,0.07593758269472299,0.0005000376804395691,10.756711332728445,0.002939929050911576,0.0019829549783566547,21,189,2103,9,9.0,2292
18060,901284236,11.33850618978828,2459292.7640225925,0.16666666666666666,4.0,0.0031264085435780665,3.1264085435780666,0.14587584414412794,0.00023458632915259023,10.754107927066375,0.0020141506778319335,0.0013585260203911598,2,48,2240,24,24.0,2288
15423,937533990,11.33850618978828,2459292.572355926,0.20833333333333337,5.000000000000001,0.0022629469797622536,2.2629469797622535,0.13082314527827937,0.00015362787099645317,10.753997611705403,0.0016299717151563886,0.001099400860081201,2,60,2232,30,30.0,2292
18490,902397451,11.434240178939907,2459292.7640225925,0.16666666666666666,4.0,0.003958774238137577,3.9587742381375772,0.1458792672945618,0.00037612544324500217,10.748137335603667,0.002551808895643943,0.0017211715200620148,2,48,2235,24,24.0,2283
10326,811214250,11.33850618978828,2459292.780689259,0.16666666666666666,4.0,0.0026719533681100124,2.6719533681100125,0.1473873275288938,0.00016777436783182932,10.733220991262039,0.0017066628382154086,0.0011511283139183925,2,47,2240,23,23.5,2287
11535,814879028,11.33850618978828,2459292.5390225924,0.25,6.0,0.0017177926373930128,1.7177926373930128,0.11974698050197065,0.00010622921562293914,10.731971794760751,0.001358180411729271,0.0009160801374135108,2,72,2220,36,36.0,2292
6706,731400448,11.33850618978828,2459292.5390225924,0.25,6.0,0.0017982602705793678,1.7982602705793678,0.11974698050197065,0.00011641464002679052,10.731012078682141,0.001421929662188417,0.0009590784177717637,2,72,2220,36,36.0,2292
9992,817381194,1.0195534230160828,2459283.1473559258,0.08333333333333333,2.0,0.0020528115049221257,2.0528115049221256,0.07539728559387644,0.0004045473671751017,10.724267591170275,0.00265235740877223,0.0017889905630461556,16,192,2099,12,12.0,2291
154,650345904,11.33850618978828,2459292.5390225924,0.25,6.0,0.002162857539619902,2.162857539619902,0.1197486764706872,0.00016840629852086361,10.720441641741491,0.0017119121962858735,0.001154668957430105,2,72,2218,36,36.0,2290
6493,734535315,11.33850618978828,2459292.5390225924,0.25,6.0,0.0019614847294532403,1.9614847294532403,0.11974698050197065,0.00013850720437961705,10.710673419256027,0.0015539405590278047,0.001048118547840149,2,72,2220,36,36.0,2292
12346,808979285,11.386272570267936,2459292.5473559257,0.16666666666666666,4.0,0.002401294893321449,2.401294893321449,0.1458731165496484,0.00013838921195260005,10.70428476147667,0.0015542055735126667,0.0010482972976613159,2,48,2244,24,24.0,2292
4184,732414823,11.33850618978828,2459292.780689259,0.16666666666666666,4.0,0.0026287422648739577,2.628742264873958,0.14738665172454682,0.00016239171853566463,10.69875028009742,0.001684472347670097,0.001136161033097327,2,47,2241,23,23.5,2288
1799,679262242,2.1277153183386406,2459284.572355926,0.20833333333333337,5.000000000000001,0.0015584589496264805,1.5584589496264805,0.07271546435819952,0.0002525946069577708,10.685682038616084,0.002103414132397959,0.001418733395654903,7,208,2084,29,30.0,2292
13129,806996201,0.4804005721468701,2459282.9265225925,0.041666666666666664,1.0,0.0019328044080413223,1.9328044080413223,0.07384689874752944,0.0003754411544142686,10.674848611705052,0.0025669902046187385,0.0017314111726822734,34,201,2091,3,6.0,2292
8221,734547383,18.156749536217067,2459282.9572730563,0.25,6.0,0.006218988276301269,6.218988276301269,0.1249333612534034,0.0012763019009654967,10.667843292294936,0.004700020898638594,0.003170120665478615,2,65,2190,29,32.5,2255
14425,857323374,8.483599594603637,2459283.347355926,0.16666666666666666,4.0,7.175377245129207e-05,0.07175377245129208,0.11974698050197065,1.8534973899570486e-07,10.653906044657125,5.7148143259404525e-05,3.854589454971302e-05,3,72,2220,24,24.0,2292
3163,733251532,0.52034630024758,2459282.9015225926,0.041666666666666664,1.0,0.0028170965645768283,2.817096564576828,0.07575549674905398,0.0007539231401443039,10.647606331515416,0.003646922620583614,0.0024598156081098166,32,190,2102,5,6.0,2292
14007,872164103,11.33850618978828,2459292.780689259,0.16666666666666666,4.0,0.0036690197563816903,3.66901975638169,0.14738935854852017,0.00031635009035890023,10.646223360303846,0.0023626718433871524,0.0015936003260401677,2,47,2237,23,23.5,2284
9055,260370234,6.904292363633968,2459285.6390225925,0.25,6.0,0.0010426286388051796,1.0426286388051795,0.11974782810718432,3.91346812244427e-05,10.64116633806397,0.0008313935792409488,0.0005607672866861924,2,72,2219,36,36.0,2291
20267,901858392,11.33850618978828,2459292.8015225925,0.20833333333333337,5.000000000000001,0.0026361920152958504,2.6361920152958502,0.13898184486520898,0.00018416197105000434,10.62829162847754,0.0018057245916338115,0.0012179445512166542,2,53,2232,23,26.5,2285
2646,678217984,11.33850618978828,2459292.5390225924,0.25,6.0,0.0018335818024096556,1.8335818024096555,0.11974698050197065,0.0001210328001406023,10.616450135345156,0.001465504694863205,0.000988469374654799,2,72,2220,36,36.0,2292
14618,847539925,0.4704081566498527,2459283.2431892594,0.041666666666666664,1.0,0.000950256255422273,0.950256255422273,0.07351738784793083,9.165317552336975e-05,10.608261415372466,0.0012762758244699028,0.0008608362501483224,34,203,2089,5,6.0,2292
2969,681739869,0.8473789476422038,2459283.3306892593,0.08333333333333333,2.0,0.0007672394772440629,0.7672394772440629,0.06978868845530563,6.710683136035869e-05,10.601889784615702,0.0010927355675403906,0.0007370400428574064,19,228,2064,12,12.0,2292
10854,811417380,5.714274802347925,2459286.7390225925,0.20833333333333337,5.000000000000001,0.0019479032862922965,1.9479032862922965,0.10991458562715484,0.0001631560701481781,10.596926005223157,0.0017046558534327236,0.0011497746212280613,3,86,2206,26,30.0,2292
5363,732276211,0.8509487499200368,2459283.2890225924,0.08333333333333333,2.0,0.0012104013840102154,1.2104013840102155,0.06979205516860093,0.0001670181521871783,10.584846662861406,0.0017266816120375108,0.0011646307918774523,19,228,2062,12,12.0,2290
3768,725491897,11.33850618978828,2459292.7640225925,0.16666666666666666,4.0,0.0028132208742351044,2.8132208742351046,0.14587721157846706,0.000189941080493571,10.576555898631584,0.0018428083900994528,0.0012429572306080217,2,48,2238,24,24.0,2286
5718,726787060,2.9410003410703633,2459285.5640225927,0.25,6.0,0.001010528210362023,1.010528210362023,0.07764689564973222,9.190505375437258e-05,10.571702505280753,0.001282447990050028,0.0008649993187980765,5,180,2112,36,36.0,2292
16046,901291729,11.33850618978828,2459292.8015225925,0.20833333333333337,5.000000000000001,0.0037898488372950312,3.789848837295031,0.1389993635921637,0.00038061828655298224,10.56954586080681,0.0026103785690148613,0.0017606762235362616,2,53,2208,23,26.5,2261
3001,681706951,0.48649761932771857,2459283.3056892594,0.041666666666666664,1.0,0.0007663003909162501,0.7663003909162501,0.0753957811122334,5.637276375536619e-05,10.555481821150165,0.0010059388919735454,0.0006784964872342814,32,192,2100,6,6.0,2292
14272,846201862,11.33850618978828,2459292.8015225925,0.20833333333333337,5.000000000000001,0.0029750271805197223,2.975027180519722,0.1389840141947916,0.0002345458482080249,10.552006599524654,0.0020525503460882633,0.001384426241797021,2,53,2229,23,26.5,2282
8037,731794099,17.482618975432175,2459286.655689259,0.20833333333333337,5.000000000000001,0.0029987270651513453,2.9987270651513454,0.13083706604034334,0.00026977092033813606,10.54714847786922,0.0022023052026852513,0.001485434508758432,2,60,2214,30,30.0,2274
12974,808811923,11.290940193331583,2459292.597355926,0.16666666666666666,4.0,0.002180539832617228,2.180539832617228,0.1458737975410098,0.00011411409507912887,10.537501193131455,0.0014336627664564608,0.0009669922881805348,2,48,2243,24,24.0,2291
6481,731651232,12.916760594277575,2459292.572355926,0.20833333333333337,5.000000000000001,0.0018321613286623878,1.8321613286623877,0.13082314527827937,0.00010070445402737779,10.534632210724995,0.0013471624203929067,0.0009086486040691399,2,60,2232,30,30.0,2292
1854,683029158,0.7856234706285888,2459283.1327725924,0.0625,1.5,0.001784088310566159,1.7840883105661591,0.07593758269472299,0.0003007907689404377,10.530703759795205,0.0023291092170503627,0.0015709626447122371,21,189,2103,9,9.0,2292
10293,812832596,11.33850618978828,2459292.780689259,0.16666666666666666,4.0,0.00281699828296931,2.81699828296931,0.14738462790689816,0.00018648376416692297,10.530611894793909,0.0018339264072117197,0.0012369664152244164,2,47,2244,23,23.5,2291
9414,736592735,11.33850618978828,2459292.5390225924,0.25,6.0,0.0022171815195641703,2.2171815195641704,0.11974698050197065,0.0001769721800650878,10.5130573273908,0.001789527866669881,0.0012070200098946993,2,72,2220,36,36.0,2292
7974,733426880,5.90972126700581,2459286.6390225925,0.25,6.0,0.0013389230599559895,1.3389230599559896,0.09857552798303805,9.680660786602316e-05,10.5114471463034,0.001323746997910706,0.000892855117975655,3,108,2184,36,36.0,2292
22130,952643242,11.33850618978828,2459292.5390225924,0.25,6.0,0.0020874382208722567,2.0874382208722566,0.11974698050197065,0.00015686633973449994,10.509714594629378,0.0016853455434929139,0.0011367499956110305,2,72,2220,36,36.0,2292
14898,873149821,0.5313995023677122,2459283.193189259,0.041666666666666664,1.0,0.00240000923276141,2.40000923276141,0.07764689564973222,0.000518403988560601,10.507816838148626,0.003064338029721786,0.002066867684960061,30,180,2112,6,6.0,2292
14728,857388313,11.33850618978828,2459292.780689259,0.16666666666666666,4.0,0.002660665183342342,2.660665183342342,0.14738665172454682,0.00016635977161947826,10.503164153204327,0.0017366767993188923,0.0011713724533379821,2,47,2241,23,23.5,2288
7772,727809956,5.642660468196827,2459287.1890225927,0.25,6.0,0.001920669011714838,1.920669011714838,0.10588889595696775,0.00017153707954411683,10.49924683370982,0.0017641514167445,0.0011899038289117092,3,93,2175,21,36.0,2268
5516,732545509,1.58530236305988,2459283.0515225925,0.125,3.0,0.0013144999931413146,1.3144999931413146,0.07452313097820944,0.00017019915784889883,10.498665451756116,0.0017573554170965382,0.001185319989947753,11,197,2094,17,18.0,2291
4759,732464940,3.158875874270669,2459283.6890225927,0.25,6.0,0.0015644709545046876,1.5644709545046875,0.07865527490724013,0.00021416231965527073,10.491832707453087,0.0019725824812584377,0.0013304886559142304,5,175,2117,32,36.0,2292
8864,736139866,11.386272570267936,2459292.5140225925,0.25,6.0,0.0022743552026349527,2.2743552026349527,0.11974698050197065,0.00018621689715909637,10.48509173343109,0.0018405698614718548,0.001241447363733883,2,72,2220,36,36.0,2292
12907,814703235,12.48957713182251,2459292.8015225925,0.20833333333333337,5.000000000000001,0.0020576249772128424,2.0576249772128423,0.1402775694807713,0.0001100793342181039,10.465520057333672,0.0014177742377585107,0.0009562756223920887,2,52,2237,23,26.0,2289
12672,810641214,0.4361256432763046,2459283.059855926,0.041666666666666664,1.0,0.0009503453589317788,0.9503453589317788,0.07062291619541151,0.00010025034943799203,10.462309621516988,0.0013534131036929303,0.0009128646321954204,37,222,2070,6,6.0,2292
3947,725832773,1.6395247715003234,2459283.8140225927,0.125,3.0,0.0011474490463299007,1.1474490463299007,0.07764689564973222,0.00011849753825310586,10.45650529040443,0.0014722552116903638,0.0009930225358764089,10,180,2112,18,18.0,2292
11163,812604399,11.386272570267936,2459292.780689259,0.20833333333333337,5.000000000000001,0.002395662093955654,2.3956620939556537,0.13529438329142765,0.00016069751231564765,10.453483982241139,0.0017149778552856688,0.001156736716097173,2,56,2235,26,28.0,2291
4010,729216264,17.482618975432175,2459282.948070284,0.16666666666666666,4.0,0.001295581304499221,1.295581304499221,0.15573685579838914,3.524914924792597e-05,10.453303431084564,0.0008314140748914066,0.0005607811108130356,2,45,2247,21,22.5,2292
2344,678324808,1.1762102487010975,2459283.630689259,0.08333333333333333,2.0,0.0014743636391361483,1.4743636391361483,0.08127049979656487,0.0001771604734431531,10.450749855003924,0.001801154473924036,0.0012148620490516904,14,163,2128,7,12.0,2291
5714,726787084,2.9410003410703633,2459285.5640225927,0.25,6.0,0.0010016174138711485,1.0016174138711484,0.07764689564973222,9.029136993929348e-05,10.434957532173256,0.0012877970713103478,0.0008686072246798515,5,180,2112,36,36.0,2292
2607,678737615,0.9734797184745045,2459283.4806892592,0.08333333333333333,2.0,0.0009128488492681654,0.9128488492681655,0.07368150343896683,8.416259518263159e-05,10.43491114220474,0.001243328251300168,0.0008386134164981573,17,202,2090,10,12.0,2292
16924,901614031,11.386272570267936,2459292.780689259,0.20833333333333337,5.000000000000001,0.0028873654351256085,2.8873654351256084,0.1352973479069103,0.00023343261636682666,10.433883952150907,0.0020708553513145754,0.0013967727986743395,2,56,2231,26,28.0,2287
5073,732302217,11.33850618978828,2459292.8015225925,0.20833333333333337,5.000000000000001,0.0026822486230573764,2.6822486230573763,0.1389840141947916,0.00019065312841116958,10.432401672088822,0.001871770790658146,0.00126249210215712,2,53,2229,23,26.5,2282
21499,951507787,11.33850618978828,2459292.572355926,0.20833333333333337,5.000000000000001,0.0021341084840066095,2.1341084840066094,0.13082391279948533,0.00013663257064526967,10.429189646432206,0.001585044840062931,0.0010690980979785047,2,60,2231,30,30.0,2291
14761,868807041,11.33850618978828,2459292.8015225925,0.20833333333333337,5.000000000000001,0.0022197713810973812,2.2197713810973814,0.13898618933762732,0.00013057570208498283,10.416594953049634,0.00155138792055438,0.0010463968167775395,2,53,2226,23,26.5,2279
5893,727463337,11.33850618978828,2459292.5390225924,0.25,6.0,0.001225907439704899,1.225907439704899,0.11974698050197065,5.410256582605755e-05,10.414907971974372,0.0009987769063980038,0.0006736657941440738,2,72,2220,36,36.0,2292
7760,727701332,0.8402842071337513,2459283.1723559257,0.08333333333333333,2.0,0.0013834139953289059,1.383413995328906,0.06951828636648674,0.0002200909424842669,10.406230033535968,0.0020161491683981713,0.0013598739838109886,20,230,2062,3,12.0,2292
13128,816748088,11.33850618978828,2459292.780689259,0.16666666666666666,4.0,0.0030790151528954134,3.0790151528954133,0.14739071557511935,0.0002227878563263498,10.406149039421798,0.002028479922561712,0.0013681909635516742,2,47,2235,23,23.5,2282
2226,679303454,0.675286408063518,2459283.2890225924,0.0625,1.5,0.0014104000787834663,1.4104000787834663,0.07149353256085755,0.00021483666528110005,10.406000173940194,0.001991981819211841,0.0013435733301037645,24,216,2076,9,9.0,2292
3169,730937338,2.549295050048273,2459283.530689259,0.16666666666666666,4.0,0.001179034480175994,1.179034480175994,0.08608132081163344,0.0001000888059919591,10.405352881640383,0.0013597245497628389,0.0009171216442485086,6,144,2148,24,24.0,2292
5266,729402258,3.1192871600021648,2459283.2640225925,0.25,6.0,0.0006308670664064095,0.6308670664064094,0.07149353256085755,4.298327159143273e-05,10.394625686575012,0.0008919815613281897,0.0006016333207393698,6,216,2076,36,36.0,2292
12308,810580496,6.904292363633968,2459285.6140225925,0.25,6.0,0.0011932677219921046,1.1932677219921046,0.11974698050197065,5.1259962828536157e-05,10.38653853437883,0.0009748399182639948,0.0006575205168379838,2,72,2220,36,36.0,2292
3179,734610946,6.96258711950182,2459285.5640225927,0.25,6.0,0.0024394199524060134,2.4394199524060136,0.11974698050197065,0.00021422770935107603,10.386214191663028,0.001992946063322266,0.0013442237038461258,2,72,2220,36,36.0,2292
13745,871505214,11.290940193331583,2459292.5640225927,0.16666666666666666,4.0,0.001798569836583835,1.798569836583835,0.1458731165496484,7.763648296966087e-05,10.38110971829261,0.0012003396255160347,0.0008096179856441621,2,48,2244,24,24.0,2292
5414,730287060,2.057347458675031,2459283.597355926,0.16666666666666666,4.0,0.0009021230831384897,0.9021230831384897,0.07612118041171508,7.649964937034168e-05,10.376093511256789,0.0011920949359866082,0.0008040570187418106,8,188,2104,20,24.0,2292
12223,804990106,0.5116695036794892,2459283.008467287,0.041666666666666664,1.0,0.0012105338145740486,1.2105338145740485,0.07649446691391677,0.00013628146680912933,10.366549574569701,0.001592572339981458,0.0010741753271155119,31,186,2105,6,6.0,2291
12696,811029228,1.1183458887172404,2459283.6140225925,0.08333333333333333,2.0,0.0015220167097532034,1.5220167097532034,0.07865527490724013,0.00020269680066719713,10.365960852156004,0.0019423562189385497,0.0013101013212859502,15,175,2117,7,12.0,2292
4766,729525374,0.48445672049591504,2459283.2015225925,0.041666666666666664,1.0,0.0008530706150871245,0.8530706150871246,0.07452313097820944,7.168135322102481e-05,10.362490257049846,0.0011554574585825113,0.0007793453787822147,33,197,2094,5,6.0,2291
20345,901032754,11.33850618978828,2459292.8015225925,0.20833333333333337,5.000000000000001,0.006851812296664902,6.851812296664902,0.13900677530964833,0.0012441042913413016,10.362280463378777,0.004813800073905667,0.0032468636678171237,2,53,2198,23,26.5,2251
4616,729686077,11.290940193331583,2459292.5390225924,0.25,6.0,0.00124792417154551,1.24792417154551,0.11974698050197065,5.606333056539171e-05,10.361255563522038,0.0010219792055469544,0.0006893155305186527,2,72,2220,36,36.0,2292
6857,728120814,11.482409863529831,2459289.3140225927,0.25,6.0,0.0017670824105264302,1.7670824105264302,0.11974698050197065,0.00011241288884130837,10.36090196177109,0.0014471897832938677,0.0009761161360406501,2,72,2220,36,36.0,2292
1703,679081598,1.4697683343776953,2459283.3390225926,0.125,3.0,0.0009803327837660503,0.9803327837660503,0.07435092446850082,9.514418432572287e-05,10.34298177431428,0.001333706789545041,0.0008995729053993262,11,198,2094,18,18.0,2292
12567,805027307,0.7102264174135884,2459283.1390225925,0.0625,1.5,0.0015616395845400488,1.5616395845400488,0.07287341203313161,0.00025240733287225007,10.342583193668327,0.0021723858171646395,0.0014652541596955615,23,207,2085,9,9.0,2292
20483,901196204,0.42347861272587617,2459282.9306892594,0.041666666666666664,1.0,0.0018539133306672752,1.8539133306672753,0.06978868845530563,0.0003918173886893446,10.341115787922893,0.002707007443089592,0.001825851506198295,38,228,2064,6,6.0,2292
4468,730355057,3.2945029875079803,2459283.9890225925,0.25,6.0,0.0009641408985009512,0.9641408985009512,0.07764689564973222,8.366109049459993e-05,10.340726168359852,0.0012509090099681837,0.000843726568169556,5,180,2112,36,36.0,2292
12013,807183236,5.666431630140907,2459286.9306892594,0.16666666666666666,4.0,0.00216995561016991,2.16995561016991,0.1197486764706872,0.0001695134646038832,10.333625779702402,0.0017818222097868049,0.0012018226155313672,3,72,2218,24,24.0,2290
11697,811917341,11.33850618978828,2459292.780689259,0.16666666666666666,4.0,0.0023312226138768755,2.3312226138768755,0.1473859765199637,0.0001277130735730969,10.327330583034595,0.0015475496701576256,0.0010438079523523713,2,47,2242,23,23.5,2289
1884,682973532,11.386272570267936,2459292.5390225924,0.25,6.0,0.0016182191487743916,1.6182191487743915,0.11974698050197065,9.427079568456419e-05,10.323878950269572,0.0013300276832646318,0.0008970913822100579,2,72,2220,36,36.0,2292
9950,811458834,14.652969461274358,2459286.0640225927,0.25,6.0,0.003729943793240607,3.729943793240607,0.11974698050197065,0.0005008493052264286,10.315789546534607,0.00306807563812441,0.002069388667290173,2,72,2220,36,36.0,2292
5527,732342621,2.1912587413711098,2459285.0515225925,0.20833333333333337,5.000000000000001,0.0011203847888171846,1.1203847888171847,0.07062291619541151,0.00013933409032643493,10.314121069992796,0.0016184953878095201,0.0010916601833330097,8,222,2070,12,30.0,2292
7465,726446229,11.33850618978828,2459292.780689259,0.16666666666666666,4.0,0.002517935632319783,2.5179356323197832,0.1473880039338042,0.00014898999643988222,10.31322295119224,0.0016737829757894726,0.001128951150539237,2,47,2239,23,23.5,2286
1004,677935354,11.33850618978828,2459292.5390225924,0.25,6.0,0.001592741541130943,1.592741541130943,0.11974698050197065,9.132572220639017e-05,10.301739049022238,0.0013119008420444458,0.000884864995308543,2,72,2220,36,36.0,2292
11256,813372289,0.46646963090080446,2459283.130689259,0.041666666666666664,1.0,0.0014528153768395625,1.4528153768395624,0.07384999877933854,0.00021212258817773872,10.295552508969193,0.002000593247602955,0.001349381658979465,34,201,2089,3,6.0,2290
11216,815309432,11.33850618978828,2459292.8015225925,0.20833333333333337,5.000000000000001,0.002041024877216997,2.041024877216997,0.1389840141947916,0.00011039323755959444,10.292106547032105,0.0014437166312837885,0.0009737735271035941,2,53,2229,23,26.5,2282
10307,806472423,11.33850618978828,2459292.7640225925,0.16666666666666666,4.0,0.002587260934984638,2.587260934984638,0.14587721157846706,0.000160654059496742,10.29084875186267,0.0017418455950080616,0.0011748587582679493,2,48,2238,24,24.0,2286
11264,819607184,4.186554708606682,2459284.1390225925,0.25,6.0,0.0013417467559209357,1.3417467559209357,0.07764689564973222,0.00016202559213219193,10.28196147731205,0.0017507770057975539,0.0011808829123145514,5,180,2112,36,36.0,2292
12126,807299511,11.386272570267936,2459292.5390225924,0.25,6.0,0.0014148351180795632,1.414835118079563,0.11974698050197065,7.206330280864362e-05,10.281709201060018,0.0011676340810943605,0.0007875583981480916,2,72,2220,36,36.0,2292
11079,814927909,1.8677371258067603,2459284.0640225927,0.16666666666666666,4.0,0.0017412845027050413,1.7412845027050412,0.07540029877155824,0.0002910788850586313,10.28115761952887,0.0023468121709474534,0.0015829031235312652,8,192,2097,24,24.0,2289
13532,810221926,11.33850618978828,2459292.572355926,0.20833333333333337,5.000000000000001,0.0018512630589736247,1.8512630589736248,0.13082391279948533,0.00010281524740561147,10.27833122848149,0.0013951507958774208,0.0009410163198957378,2,60,2231,30,30.0,2291
3581,725956665,3.613733021019045,2459284.4390225927,0.25,6.0,0.0014236294321713198,1.4236294321713199,0.08608132081163344,0.00014592389473039929,10.277319646396842,0.0016622576482813994,0.0011211774236351002,4,144,2148,36,36.0,2292
7206,734411896,11.434240178939907,2459292.773745127,0.20833333333333337,5.000000000000001,0.0031825274328499465,3.1825274328499464,0.13414060609758896,0.00028866170453401046,10.267306962673945,0.002340200335986329,0.0015784435019468024,2,57,2223,27,28.5,2280
4535,732453927,16.552818164091484,2459283.3890225925,0.25,6.0,0.0031669219369229898,3.1669219369229897,0.14894417212448896,0.0002306760747549734,10.265015077835113,0.002092457677279893,0.0014113433679211473,2,46,2246,10,23.0,2292
12789,814230599,0.5426874967349505,2459283.247355926,0.041666666666666664,1.0,0.0014390154988394058,1.439015498839406,0.07886234823041491,0.0001801566077133021,10.254815869950772,0.0018510247632343806,0.0012484990983639421,29,174,2118,6,6.0,2292
11108,812336913,11.33850618978828,2459292.780689259,0.16666666666666666,4.0,0.0027413753870327694,2.7413753870327695,0.1473859765199637,0.00017660576679678309,10.246355411726862,0.0018342056300358193,0.0012371547484391066,2,47,2242,23,23.5,2289
11448,814951103,1.768402838570582,2459283.997355926,0.16666666666666666,4.0,0.0013683756855038893,1.3683756855038893,0.07319293316108837,0.0001919263317095195,10.242570316811467,0.001912816569120893,0.0012901771004457663,9,205,2087,14,24.0,2292
13504,810112848,11.386272570267936,2459292.747355926,0.16666666666666666,4.0,0.0023993518744059696,2.3993518744059696,0.1458731165496484,0.00013816534601317055,10.239563449967656,0.0016234283314958652,0.001094987408266468,2,48,2244,24,24.0,2292
4341,729499176,6.96258711950182,2459285.5640225927,0.25,6.0,0.0010515533156554163,1.0515533156554162,0.11974698050197065,3.980751752397239e-05,10.237146037647703,0.0008716028598728464,0.0005878880749176085,2,72,2220,36,36.0,2292
5138,729706277,0.854533590910288,2459283.0556892594,0.08333333333333333,2.0,0.0008786099479122513,0.8786099479122513,0.06992530189296996,8.761694250473688e-05,10.235098778332333,0.0012933527963709544,0.0008723545098954233,19,227,2065,11,12.0,2292
1453,679002057,5.690302934233069,2459286.8390225926,0.25,6.0,0.0009216973380257389,0.9216973380257388,0.10036354496037474,4.4175351112034124e-05,10.229320051233875,0.0009188788088906997,0.0006197752656756372,3,104,2186,32,36.0,2290
14070,855947248,17.409277904014132,2459286.7390225925,0.20833333333333337,5.000000000000001,0.002192118584822658,2.192118584822658,0.1353040570775441,0.000134550748917897,10.225586081328203,0.001604241875302028,0.0010820463208566222,2,56,2222,26,28.0,2278
11608,811983452,11.33850618978828,2459292.8015225925,0.20833333333333337,5.000000000000001,0.001968623883977522,1.9686238839775219,0.13897752355282994,0.0001027002199090187,10.22455053415865,0.0014017044718140175,0.0009454367137555764,2,53,2238,23,26.5,2291
6177,727378839,2.083458469465221,2459283.2390225925,0.20833333333333337,5.000000000000001,0.0006889327576518706,0.6889327576518706,0.07209542539471352,5.031060452397597e-05,10.22326930492894,0.0009811941821023062,0.0006618064090802012,8,212,2080,2,30.0,2292
15010,862709888,5.666431630140907,2459286.905689259,0.20833333333333337,5.000000000000001,0.0013737652980440691,1.373765298044069,0.10991458562715484,8.115093704673473e-05,10.218536208546405,0.001246731920933702,0.0008409091602142871,3,86,2206,26,30.0,2292
3165,733251578,0.9373360008328135,2459283.1077725925,0.0625,1.5,0.002149261579268726,2.149261579268726,0.0831838843858742,0.0003579977135493541,10.216647968399238,0.0026190675214096512,0.0017665368416360794,18,155,2137,2,9.0,2292
16566,942173213,2.163796720179622,2459283.197355926,0.20833333333333337,5.000000000000001,0.001961958875173173,1.961958875173173,0.0682202030293411,0.00046191391534449377,10.213504274569548,0.0029759165298081916,0.0020072282003292807,8,240,2052,30,30.0,2292
16656,902478194,1.045597157483411,2459283.5556892594,0.08333333333333333,2.0,0.002547112510598845,2.5471125105988452,0.07764689564973222,0.0005839003927484237,10.211081813885203,0.0033466679577247014,0.0022572966125217198,15,180,2112,12,12.0,2292
4638,729474086,11.97540995748185,2459292.5390225924,0.25,6.0,0.0008994453586154315,0.8994453586154315,0.11974698050197065,2.9124070312854322e-05,10.210493742178006,0.0007474709001659754,0.000504162215139603,2,72,2220,36,36.0,2292
8028,726368106,0.6156329412960995,2459283.3015225925,0.041666666666666664,1.0,0.0013677106246500744,1.3677106246500743,0.0844601685689565,0.00014029742645855226,10.210398281909393,0.0016405790712942826,0.0011065554237786879,25,150,2142,6,6.0,2292
3239,730933854,4.257549527071607,2459284.884855926,0.20833333333333337,5.000000000000001,0.0012163210717709633,1.2163210717709634,0.1075418231100453,6.657466273353293e-05,10.204275186063901,0.0011308039667843463,0.0007627168263755202,3,90,2202,30,30.0,2292
4577,728674952,0.6313588272482306,2459283.2952725925,0.0625,1.5,0.0009861242941910783,0.9861242941910783,0.07020140583398292,0.00010939962640430838,10.200256594342433,0.0014501463052478969,0.0009781102827788324,25,225,2067,9,9.0,2292
4172,725691192,1.5136624165540709,2459283.0890225926,0.125,3.0,0.0015204359885389843,1.5204359885389842,0.07452160157265436,0.00022770497113158507,10.198823511119894,0.0020924311530507995,0.0014113254775737216,11,197,2095,17,18.0,2292
1968,685125880,0.5138250433761208,2459283.3251339532,0.041666666666666664,1.0,0.0029773774104008,2.9773774104008,0.07649446691391677,0.0008244241906887426,10.192506835384975,0.003983908449546173,0.0026871094358196235,31,186,2105,6,6.0,2291
6752,727232936,1.1911382271355937,2459283.4890225925,0.08333333333333333,2.0,0.0010502501135094715,1.0502501135094715,0.08293624783087249,8.603597347227931e-05,10.190345101398199,0.001287259615139907,0.0008682447154592654,13,156,2136,12,12.0,2292
2173,679042336,2.209760115102666,2459284.5515225925,0.20833333333333337,5.000000000000001,0.0009761176444306116,0.9761176444306117,0.07504187896446876,9.24221486095703e-05,10.18181032590499,0.0013352974687859819,0.000900645803848632,7,194,2098,18,30.0,2292
725,675197447,11.290940193331583,2459292.8306892593,0.16666666666666666,4.0,0.005353079870992821,5.35307987099282,0.1615179646655103,0.000558781550051956,10.179321090337567,0.0032841063547302163,0.002215099389403896,2,39,2237,15,19.5,2276
5608,726798772,11.33850618978828,2459292.572355926,0.20833333333333337,5.000000000000001,0.0015108843250652535,1.5108843250652535,0.13082314527827937,6.84831433118366e-05,10.179181984121707,0.0011497249657489955,0.0007754788653372424,2,60,2232,30,30.0,2292
20122,901437198,6.87532827078015,2459288.9390225927,0.25,6.0,8.218890212222964e-05,0.08218890212222964,0.11974698050197065,2.4318056275406797e-07,10.174115117001646,6.854610473017701e-05,4.623371423861933e-05,2,72,2220,36,36.0,2292
2241,678368700,0.9858347241036891,2459283.6056892592,0.08333333333333333,2.0,0.000956458684057381,0.956458684057381,0.07575848712142633,8.690725535933382e-05,10.173863599765262,0.0012958570754488183,0.000874043622992593,16,190,2100,11,12.0,2290
6167,724884211,11.33850618978828,2459292.8015225925,0.20833333333333337,5.000000000000001,0.0028111024191449876,2.8111024191449876,0.13898184486520898,0.00020941086548945424,10.173512728904317,0.002011609467323279,0.0013568119973851878,2,53,2232,23,26.5,2285
17727,902418864,13.19113857201659,2459292.7973559257,0.16666666666666666,4.0,0.003381191754811117,3.381191754811117,0.17802822735052484,0.00018291932292484287,10.169461213536751,0.0018808183191742448,0.0012685945765373297,2,32,2252,12,16.0,2284
7561,724189642,11.33850618978828,2459292.8015225925,0.20833333333333337,5.000000000000001,0.002520004859945947,2.520004859945947,0.13897896142839436,0.00016828624909500658,10.151607213946463,0.001807192882396347,0.0012189348997682092,2,53,2236,23,26.5,2289
13015,816225889,11.33850618978828,2459292.7640225925,0.16666666666666666,4.0,0.0021260426324620713,2.126042632462071,0.14587584414412794,0.0001084813746011101,10.150943097853808,0.001451062752685652,0.0009787284181071443,2,48,2240,24,24.0,2288
9373,737374374,11.33850618978828,2459292.780689259,0.16666666666666666,4.0,0.004136456750390669,4.136456750390669,0.14738530191434637,0.00040209144952453455,10.129104943259257,0.00279966679277497,0.001888349381340193,2,47,2243,23,23.5,2290
14798,871357392,11.33850618978828,2459292.780689259,0.16666666666666666,4.0,0.0022880462884831603,2.2880462884831605,0.14738530191434637,0.0001230261617286768,10.128545066619287,0.001548697760675099,0.0010445823287974498,2,47,2243,23,23.5,2290
10513,808243632,5.666431630140907,2459286.905689259,0.20833333333333337,5.000000000000001,0.0015718654578050456,1.5718654578050455,0.1099155208147294,0.00010624272374994862,10.120610760966034,0.0014403162937708215,0.0009714800308719962,3,86,2205,26,30.0,2291
12600,815925244,11.196405993501577,2459292.5390225924,0.25,6.0,0.001243870694486387,1.243870694486387,0.11974782810718432,5.569971496567368e-05,10.109509368540257,0.00104402621839704,0.0007041860369600972,2,72,2219,36,36.0,2291
7068,731614777,9.828355781165616,2459292.4640225926,0.25,6.0,0.0023636972895067637,2.3636972895067636,0.11974782810718432,0.00020113433555117837,10.108387416384941,0.0019841578838262195,0.0013382961579834207,2,72,2219,36,36.0,2291
9533,737492548,14.228053946013475,2459291.3140225927,0.25,6.0,0.0014425210566077643,1.4425210566077642,0.11974698050197065,7.49112119552441e-05,10.091393432636114,0.0012129342825932584,0.000818112965461526,2,72,2220,36,36.0,2292
10101,812915287,11.33850618978828,2459292.8015225925,0.20833333333333337,5.000000000000001,0.003136031747037847,3.136031747037847,0.1389782421710869,0.00026061942063837517,10.09023532431349,0.002262648491427649,0.0015261354994116072,2,53,2237,23,26.5,2290
11990,809361753,11.33850618978828,2459292.8015225925,0.20833333333333337,5.000000000000001,0.0025175237529438317,2.5175237529438315,0.13897968132560518,0.00016795503493586446,10.078700534748966,0.001818473473550972,0.0012265435542634373,2,53,2235,23,26.5,2288
10168,806083348,11.33850618978828,2459292.8015225925,0.20833333333333337,5.000000000000001,0.0031696554090302437,3.1696554090302436,0.1389832904401656,0.0002662379584178591,10.070172974054309,0.0022914640839185366,0.0015455713502755541,2,53,2230,23,26.5,2283
3402,725932605,3.508939843588372,2459286.3640225925,0.25,6.0,0.0013044671746893755,1.3044671746893755,0.08220785503669348,0.00013527995148244552,10.068997841037374,0.0016284538333388406,0.0010983770628212874,5,158,2134,14,36.0,2292
11364,815572468,8.448010173783778,2459288.7306892592,0.16666666666666666,4.0,0.002621919609642886,2.621919609642886,0.1458731165496484,0.0001649870985463177,10.064119832751388,0.0018049459079308714,0.001217419336254466,2,48,2244,24,24.0,2292
11482,815626360,0.3519647456423406,2459283.1369392592,0.020833333333333332,0.5,0.0015443171979640567,1.5443171979640566,0.08871873685298363,0.00016098180353511,10.056582095135857,0.0017842388395166858,0.0012034526099532483,45,135,2157,3,3.0,2292
1077,684965858,11.33850618978828,2459292.7640225925,0.16666666666666666,4.0,0.002796722806577774,2.796722806577774,0.14587652755753258,0.00018771980296397424,10.05378400838489,0.001927260817077177,0.0012999196122198686,2,48,2239,24,24.0,2287
3835,729785456,3.2945029875079803,2459283.630689259,0.16666666666666666,4.0,0.000889999070145774,0.889999070145774,0.09377493529654439,4.752590069162054e-05,10.047356409561662,0.0009703499050029821,0.0006544920443835034,5,120,2172,24,24.0,2292
10835,808427179,11.196405993501577,2459292.9640225926,0.25,6.0,0.002476634820312615,2.476634820312615,0.16359222913266522,0.00011654068063051306,10.044391057362017,0.001519953004556281,0.0010251942564118988,2,38,2239,2,19.0,2277
1600,677081317,2.163796720179622,2459282.9140225924,0.08333333333333333,2.0,0.002712748927561509,2.712748927561509,0.1053245314540995,0.00034587331696734746,10.039976602325709,0.002619635255190022,0.001766919772824782,8,94,2198,10,12.0,2292
14938,870623745,11.290940193331583,2459292.8140225927,0.16666666666666666,4.0,0.0035710666036881415,3.5710666036881413,0.1557393970214043,0.00026780285044751193,10.034602932755908,0.0023063350717845324,0.001555601694175457,2,42,2246,18,21.0,2288
9076,737470660,11.33850618978828,2459292.780689259,0.16666666666666666,4.0,0.0023700314152020454,2.370031415202045,0.14738530191434637,0.00013200064936254833,10.03114960606699,0.0016197661696619292,0.0010925173139497701,2,47,2243,23,23.5,2290
9265,737253837,12.862573686551338,2459292.5390225924,0.25,6.0,0.0024137361109220707,2.4137361109220707,0.12056017036506472,0.00020682733146750668,9.993270513128845,0.002035219796845638,0.0013727369464762162,2,71,2221,35,35.5,2292
2992,676665440,2.4546438737313228,2459283.968189259,0.20833333333333337,5.000000000000001,0.0012298716393777764,1.2298716393777764,0.07687256374498008,0.00013915775093981169,9.992602430068645,0.001669514093755458,0.0011260718290539984,7,184,2107,4,30.0,2291
4578,730353358,6.620058521449959,2459286.247355926,0.16666666666666666,4.0,0.001885512864338007,1.885512864338007,0.17278493713909857,6.043769894692996e-05,9.988425476218769,0.0011007074974171928,0.0007424170358945048,2,34,2258,10,17.0,2292
4626,725776815,6.509668765565949,2459286.9140225924,0.16666666666666666,4.0,0.002603489086299681,2.603489086299681,0.19723902903485577,8.811602049226012e-05,9.986176607423502,0.0013293617944428705,0.0008966422463529411,2,26,2264,2,13.0,2290
20756,902353670,13.528096403294361,2459292.5390225924,0.25,6.0,0.0030179870554075954,3.017987055407595,0.15573685579838914,0.000191273163198764,9.985221004393093,0.001958774024995844,0.0013211749797624739,2,42,2250,6,21.0,2292
11013,815486353,11.33850618978828,2459292.5390225924,0.25,6.0,0.0012540653156095567,1.2540653156095567,0.11974698050197065,5.661647336933629e-05,9.982495202251059,0.001065975675322219,0.00071899074283166,2,72,2220,36,36.0,2292
10806,813730842,11.386272570267936,2459292.509855926,0.20833333333333337,5.000000000000001,0.0014903860788876594,1.4903860788876595,0.13082314527827937,6.663751992426398e-05,9.96546037186134,0.0011584493335099469,0.0007813633707742795,2,60,2232,30,30.0,2292
4173,729734066,0.7407201634715667,2459283.0390225924,0.0625,1.5,0.0007949059735765096,0.7949059735765096,0.0741815928288106,6.287161292934805e-05,9.965247269617604,0.0011252634675801058,0.0007589798108593726,23,199,2093,2,9.0,2292
3818,729185816,6.592286813704361,2459286.9390225927,0.25,6.0,0.0009944718590127494,0.9944718590127494,0.12139093578276236,3.461409974288958e-05,9.961347200310907,0.0008352633787556661,0.0005633774306998962,2,70,2222,34,35.0,2292
10794,811408075,12.076521492614097,2459292.5390225924,0.25,6.0,0.0015315410972467551,1.5315410972467551,0.11974698050197065,8.444225277200861e-05,9.960857956715367,0.0013046624299654333,0.0008799827532479654,2,72,2220,36,36.0,2292
14685,856391028,0.6954535843421384,2459283.4952725926,0.0625,1.5,0.0009411495941290653,0.9411495941290653,0.07287341203313161,9.167642480778302e-05,9.95629117108287,0.0013600229686290602,0.0009173229250162285,23,207,2085,9,9.0,2292
11627,809133590,11.33850618978828,2459292.8015225925,0.20833333333333337,5.000000000000001,0.002334813136907846,2.334813136907846,0.1389934820997302,0.00014446083818335257,9.954408075663878,0.0017075546911905428,0.0011517298605089321,2,53,2216,23,26.5,2269
13182,810010581,0.4625640807387156,2459283.0140225925,0.041666666666666664,1.0,0.0011524883282855675,1.1524883282855676,0.07240312257519473,0.0001394640814176185,9.949442950563746,0.001678600766269624,0.0011322007056991934,35,210,2082,6,6.0,2292
2000,679210337,1.4211601155055096,2459284.1640225924,0.125,3.0,0.0008993041518627416,0.8993041518627416,0.07435092446850082,8.006604779819895e-05,9.948018984856363,0.001272045330791822,0.0008579828212544327,11,198,2094,18,18.0,2292
7830,726387098,8.70030684130719,2459286.7306892592,0.16666666666666666,4.0,0.002925939199834838,2.925939199834838,0.14895152811518075,0.00019690576462599307,9.943305357552477,0.001995783539803318,0.0013461375555128274,2,46,2235,22,23.0,2281
12659,814735249,0.5010266889653655,2459283.0390225924,0.041666666666666664,1.0,0.0014206521625211895,1.4206521625211896,0.0753957811122334,0.0001937522464201087,9.935706438661159,0.001981251552114795,0.001336335864100091,32,192,2100,6,6.0,2292
21594,952521837,13.135800625370544,2459292.8140225927,0.25,6.0,0.002811968940817624,2.811968940817624,0.1473920750200491,0.00018581847911689026,9.924335845623562,0.0019424864399165177,0.0013101891541322797,2,47,2233,23,23.5,2280
9110,736409801,1.2956176394402805,2459283.7015225925,0.125,3.0,0.002305267177214496,2.3052671772144957,0.06898849848111081,0.0006217680407260714,9.921223887340176,0.003554380725848033,0.0023973969552462115,13,234,2058,18,18.0,2292
10693,806090092,11.33850618978828,2459292.780689259,0.16666666666666666,4.0,0.002129365773204578,2.1293657732045776,0.14739411873597397,0.00010655366700823554,9.919986743103909,0.0014715943314293984,0.0009925767782472672,2,47,2230,23,23.5,2277
4980,728798354,11.33850618978828,2459292.572355926,0.20833333333333337,5.000000000000001,0.001360142349085205,1.360142349085205,0.13082314527827937,5.549961629325059e-05,9.891668856974805,0.0010651000842520119,0.000718400164745725,2,60,2232,30,30.0,2292
13284,810088134,11.33850618978828,2459292.780689259,0.16666666666666666,4.0,0.0022268219343539422,2.2268219343539424,0.1473859765199637,0.00011653029429201607,9.888370124761096,0.0015438663648218156,0.0010413235969390366,2,47,2242,23,23.5,2289
4736,728662380,0.8438241209881131,2459283.4556892593,0.08333333333333333,2.0,0.000849561943696563,0.849561943696563,0.07048307546448805,8.047573782378925e-05,9.887533208532577,0.0012830971083919115,0.0008654371431214836,19,223,2068,8,12.0,2291
17254,901253644,11.33850618978828,2459292.8015225925,0.20833333333333337,5.000000000000001,0.004641004305242795,4.641004305242795,0.13899788925046555,0.0005707814054739772,9.877581071974108,0.0034205764642779033,0.00230714721723857,2,53,2210,23,26.5,2263
13653,855858102,4.014203877027106,2459284.4806892592,0.16666666666666666,4.0,0.0012625472869475175,1.2625472869475176,0.09377493529654439,9.564153910671224e-05,9.87143236755304,0.001401064411383939,0.0009450049989099818,5,120,2172,24,24.0,2292
11376,819586980,11.33850618978828,2459292.780689259,0.16666666666666666,4.0,0.0018357320760458745,1.8357320760458746,0.1473839544968238,7.919293799305687e-05,9.862781778299187,0.001276023877962951,0.0008606663145575011,2,47,2245,23,23.5,2292
13673,872157260,11.33850618978828,2459292.8015225925,0.20833333333333337,5.000000000000001,0.002358662773074059,2.358662773074059,0.13897680557277214,0.00014742718704276335,9.858837051921796,0.00174171903737744,0.0011747733963155538,2,53,2239,23,26.5,2292
19450,901173309,11.290940193331583,2459292.5390225924,0.25,6.0,0.0016527068560205636,1.6527068560205636,0.11974698050197065,9.833183826974553e-05,9.854493994271513,0.0014230748641807219,0.0009598508459333077,2,72,2220,36,36.0,2292
4067,725821087,11.386272570267936,2459292.5390225924,0.25,6.0,0.0021286475646873815,2.1286475646873817,0.11974782810718432,0.00016312105636738272,9.85208662123243,0.001833334828180862,0.0012365674006346028,2,72,2219,36,36.0,2291
6803,731623662,11.33850618978828,2459292.8015225925,0.20833333333333337,5.000000000000001,0.002449477304598432,2.4494773045984317,0.13897680557277214,0.00015899838524218414,9.842857123390933,0.0018117162247938657,0.0012219858524172844,2,53,2239,23,26.5,2292
18837,940971129,11.33850618978828,2459292.5390225924,0.25,6.0,0.001442689110868762,1.4426891108687618,0.11974698050197065,7.492866734229476e-05,9.82547902057927,0.0012459059772690646,0.0008403520688446409,2,72,2220,36,36.0,2292
8176,731757691,0.6557040515460002,2459282.9140225924,0.0625,1.5,0.0021209739652309793,2.1209739652309794,0.07048141748466372,0.00050158615757242,9.825330347569075,0.003223595998403648,0.00217428571320899,25,223,2069,8,9.0,2292
9485,735197978,11.290940193331583,2459292.5390225924,0.25,6.0,0.0016731727196174196,1.6731727196174195,0.11974698050197065,0.00010078225018819029,9.823686672920218,0.0014452152014161747,0.0009747842988103161,2,72,2220,36,36.0,2292
10594,806098605,11.386272570267936,2459292.5140225925,0.25,6.0,0.0018391854808778856,1.8391854808778856,0.11974698050197065,0.00012177371639059268,9.818343653229455,0.0015894744425176026,0.0010720858239023356,2,72,2220,36,36.0,2292
1811,679246905,0.8987480328120214,2459283.5556892594,0.08333333333333333,2.0,0.001009024235074549,1.009024235074549,0.0733545362426814,0.00010384925051071345,9.807613542839363,0.0014694450033078984,0.0009911270762902324,17,204,2088,12,12.0,2292
13893,860051324,11.33850618978828,2459292.780689259,0.16666666666666666,4.0,0.0013315014710563056,1.3315014710563056,0.14738462790689816,4.166305993448999e-05,9.806386953789142,0.0009308539657371752,0.0006278523983118678,2,47,2244,23,23.5,2291
6321,731442113,3.253214522047369,2459283.5140225925,0.25,6.0,0.0018845463763574979,1.8845463763574979,0.08722121965282893,0.0002486060531249523,9.796407007693608,0.002276166498334801,0.001535253270157022,4,140,2152,32,36.0,2292
11702,805545191,5.666431630140907,2459286.905689259,0.20833333333333337,5.000000000000001,0.0016171759713686045,1.6171759713686045,0.10991458562715484,0.00011245609926199555,9.795697457291025,0.001530985727554567,0.0010326357261261077,3,86,2206,26,30.0,2292
4313,730840688,2.592525522808997,2459284.822355926,0.20833333333333337,5.000000000000001,0.0011437204949245297,1.1437204949245297,0.07240312257519473,0.0001373501399035932,9.795051026060642,0.0016920876205945956,0.0011412974643157936,7,210,2082,30,30.0,2292
11724,811976640,11.33850618978828,2459292.8015225925,0.20833333333333337,5.000000000000001,0.0024021906449993285,2.4021906449993287,0.13897896142839436,0.0001529187772154407,9.79114119486676,0.001786126001304666,0.0012047254831408782,2,53,2236,23,26.5,2289
2589,678776841,0.6983833618595284,2459283.1640225924,0.0625,1.5,0.0009221856018681272,0.9221856018681273,0.07435092446850082,8.419220214499513e-05,9.785072309287255,0.0013261324220504153,0.0008944640645153212,22,198,2094,9,9.0,2292
14082,872171312,11.243573740269838,2459292.5390225924,0.25,6.0,0.0016740984757437562,1.6740984757437563,0.11974698050197065,0.00010089380543355244,9.772233957742895,0.0014536283797845816,0.000980458909877635,2,72,2220,36,36.0,2292
4099,729958036,8.066243886775764,2459286.7390225925,0.20833333333333337,5.000000000000001,0.0016724344265565318,1.6724344265565319,0.1352936437847547,7.831703351168131e-05,9.76974656126194,0.0012810315163819348,0.0008640439203979056,2,56,2236,26,28.0,2292
3379,729261896,1.151744870851218,2459283.8973559258,0.08333333333333333,2.0,0.0008398433044566832,0.8398433044566832,0.08081306704851059,5.819028402335949e-05,9.75664906311939,0.0011057057095719333,0.0007457882838067809,14,165,2127,9,12.0,2292
9881,812731975,0.46646963090080446,2459283.005689259,0.041666666666666664,1.0,0.001222507766994021,1.2225077669940212,0.07240312257519473,0.0001569251502378743,9.746826249236253,0.0018175988956447558,0.001225953659547252,35,210,2082,6,6.0,2292
6606,734519256,11.97540995748185,2459292.5640225927,0.16666666666666666,4.0,0.002486509971515288,2.486509971515288,0.1458731165496484,0.000148385564122679,9.74591025826754,0.0017676180018331925,0.0011922420085209717,2,48,2244,24,24.0,2292
6020,732516515,11.33850618978828,2459292.8015225925,0.20833333333333337,5.000000000000001,0.001924663886617238,1.924663886617238,0.13898112304315582,9.816477352588717e-05,9.74476684248219,0.0014378758179640707,0.0009698339524916166,2,53,2233,23,26.5,2286
8181,726200100,5.738347658137348,2459286.7265225924,0.125,3.0,0.0023257521645150764,2.3257521645150763,0.13771472703779372,0.0001460463245301572,9.743993431968363,0.0017539747263821694,0.0011830397453002628,3,54,2238,18,18.0,2292
4543,730361468,11.33850618978828,2459292.780689259,0.16666666666666666,4.0,0.0016679437264648144,1.6679437264648145,0.14739548425508892,6.537785245435329e-05,9.73601462117766,0.0011744894113732767,0.0007921822550743807,2,47,2228,23,23.5,2275
10996,815455787,0.8473789476422038,2459283.4640225926,0.08333333333333333,2.0,0.0011133900676469932,1.1133900676469932,0.07006454354573788,0.0001400790310290523,9.734727886222,0.001719403260913317,0.0011597216112999575,19,226,2065,10,12.0,2291
4089,730510629,11.290940193331583,2459292.8140225927,0.16666666666666666,4.0,0.0016885789831169698,1.6885789831169697,0.1557425862486424,5.9877278626711136e-05,9.73091164713129,0.0011245855409229221,0.0007585225555934993,2,42,2241,18,21.0,2283
12730,810244312,0.7469742585796195,2459283.4952725926,0.0625,1.5,0.0014035353125449023,1.4035353125449024,0.07593758269472299,0.0001861566248014688,9.728511361033863,0.001983388795548572,0.0013377774150469257,21,189,2103,9,9.0,2292
5132,732289149,11.33850618978828,2459292.780689259,0.16666666666666666,4.0,0.002752256029561351,2.752256029561351,0.1473873275288938,0.0001780104614280351,9.7193299153377,0.0019413392563995698,0.0013094153894506744,2,47,2240,23,23.5,2287
19018,901825093,12.971175778322415,2459292.5390225924,0.25,6.0,0.002049858035319257,2.049858035319257,0.11974782810718432,0.00015126904673866526,9.71347340997673,0.0017906696680780256,0.00120779014439365,2,72,2219,36,36.0,2291
5088,732289639,11.434240178939907,2459292.468189259,0.20833333333333337,5.000000000000001,0.0012996623819418339,1.2996623819418338,0.13082314527827937,5.0673669211041644e-05,9.708905696110467,0.0010368976522183153,0.00069937788494423,2,60,2232,30,30.0,2292
3906,729149550,11.290940193331583,2459292.5390225924,0.25,6.0,0.0014098674147548498,1.4098674147548498,0.11974698050197065,7.155814057875085e-05,9.704815235594696,0.0012326995851180808,0.0008314444793727782,2,72,2220,36,36.0,2292
18579,940823736,0.725313055175776,2459283.3140225927,0.0625,1.5,0.0019744201081249475,1.9744201081249475,0.07384689874752944,0.00039178264371849704,9.703997522293191,0.002884608753762106,0.0019456419491178378,23,201,2091,4,9.0,2292
4520,730834648,9.787124993931657,2459292.4806892592,0.16666666666666666,4.0,0.0027641155936133466,2.7641155936133464,0.1458731165496484,0.00018336804035655512,9.696314652258847,0.001975013731641396,0.0013321285118315096,2,48,2244,24,24.0,2292
4587,730398256,0.9492322852103396,2459282.8647903074,0.08333333333333333,2.0,0.0011196121243651463,1.1196121243651462,0.07435092446850082,0.00012409959959351814,9.695977300282804,0.0016166054494222946,0.001090385437354846,17,196,2096,4,12.0,2292
12550,814732027,1.1712759468110976,2459283.697355926,0.08333333333333333,2.0,0.0016575243986981553,1.6575243986981554,0.08036549127200011,0.00022940682554535338,9.691176768184024,0.002210251277568437,0.0014907940628412497,14,167,2125,11,12.0,2292
12190,809374330,0.7564545497397366,2459283.2390225925,0.0625,1.5,0.0017040234617721778,1.704023461772178,0.07593758269472299,0.0002743992680565185,9.68896219121324,0.0024178492016307114,0.001630816944307778,21,189,2103,9,9.0,2292
12564,816324625,8.555228856691802,2459287.030689259,0.20833333333333337,5.000000000000001,0.0023045385563680806,2.3045385563680805,0.1308324008688869,0.00015932693873361233,9.683695356528899,0.001843395340496495,0.0012433531232270978,2,60,2220,30,30.0,2280
10908,811326346,13.135800625370544,2459292.8140225927,0.25,6.0,0.002682223878086906,2.6822238780869063,0.14738868094007887,0.00016906663590621971,9.679102489369503,0.0018998042937666884,0.0012814004409595903,2,47,2238,23,23.5,2285
5311,732366840,5.54856886619628,2459286.9890225925,0.25,6.0,0.0012662340957219304,1.2662340957219305,0.09857552798303805,8.658083439911168e-05,9.678111434519073,0.0013596754715453846,0.0009170885414443442,3,108,2184,36,36.0,2292
9267,736217607,11.33850618978828,2459292.8015225925,0.20833333333333337,5.000000000000001,0.0023309238405399024,2.3309238405399024,0.13898982755763745,0.00014397995768552813,9.67525382458107,0.001753895247643183,0.0011829861376252415,2,53,2221,23,26.5,2274
19318,900966480,11.33850618978828,2459292.5390225924,0.25,6.0,0.0017458776593951087,1.7458776593951086,0.11974698050197065,0.00010973119685669795,9.674840046275104,0.0015312153083779573,0.0010327905762700373,2,72,2220,36,36.0,2292
13618,860297693,11.33850618978828,2459292.8015225925,0.20833333333333337,5.000000000000001,0.0026590297362543043,2.6590297362543045,0.1389804018635737,0.00018736663716454282,9.667336411920987,0.0020024159555392276,0.0013506110586397058,2,53,2234,23,26.5,2287
13871,857215004,11.33850618978828,2459292.8015225925,0.20833333333333337,5.000000000000001,0.0019255073483899854,1.9255073483899854,0.13897968132560518,9.825083154065156e-05,9.661649496061871,0.0014508811455652575,0.000978605925782583,2,53,2235,23,26.5,2288
7494,726344271,2.808096289441262,2459285.3140225927,0.25,6.0,0.0009589665894099332,0.9589665894099332,0.07764689564973222,8.276552276440674e-05,9.654389281888536,0.0013326463763551177,0.0008988576665014958,5,180,2112,36,36.0,2292
6827,728440203,11.33850618978828,2459292.780689259,0.16666666666666666,4.0,0.0022791409829119426,2.2791409829119424,0.1473873275288938,0.00012207036506973716,9.649354079644528,0.001619279719191155,0.0010921892076022899,2,47,2240,23,23.5,2287
19258,901222207,11.33850618978828,2459292.572355926,0.20833333333333337,5.000000000000001,0.002266389975544072,2.266389975544072,0.13082314527827937,0.00015409570563739978,9.64757193644441,0.001819668345386523,0.0012273494842752752,2,60,2232,30,30.0,2292
2987,681742896,11.33850618978828,2459292.780689259,0.16666666666666666,4.0,0.0015383654764189103,1.5383654764189103,0.1473859765199637,5.5614355967383154e-05,9.640470808342632,0.0010939820850225234,0.0007378808073806309,2,47,2242,23,23.5,2289
3295,725969880,9.073856657169385,2459283.3890225925,0.25,6.0,0.0015312321408423992,1.5312321408423992,0.09857552798303805,0.00012661228093403503,9.630641639706832,0.0016523334365511084,0.0011144836345279296,3,108,2184,36,36.0,2292
20588,902451332,13.302514823509787,2459292.5390225924,0.25,6.0,0.002071515430095235,2.0715154300952348,0.12056101149502675,0.00015233675428785392,9.623465819639538,0.0018137851371390948,0.0012233813146763084,2,71,2220,35,35.5,2291
4960,732391388,11.33850618978828,2459292.780689259,0.16666666666666666,4.0,0.0018047636484715634,1.8047636484715635,0.1473859765199637,7.654353793084314e-05,9.621352918673736,0.001285976755438069,0.0008673794384446709,2,47,2242,23,23.5,2289
2807,678879308,1.7099181711431612,2459283.5140225925,0.16666666666666666,4.0,0.0011314950964288304,1.1314950964288304,0.0683478591698957,0.0001529935978124773,9.611809093730022,0.0018198956639096419,0.0012275028085185768,10,239,2052,23,24.0,2291
4843,728608040,2.4649846938757185,2459282.9407045655,0.20833333333333337,5.000000000000001,0.0008786198580566371,0.8786198580566371,0.07006287081314792,8.723293261177556e-05,9.61166758865465,0.0013772576730696486,0.0009289475739037156,8,227,2065,23,30.0,2292
5395,729373187,0.8987480328120214,2459283.4306892594,0.08333333333333333,2.0,0.0005553247264591389,0.5553247264591389,0.07149353256085755,3.330563959622708e-05,9.60967877521937,0.0008493076115405217,0.0005728501359372196,18,216,2076,12,12.0,2292
4661,725776903,11.33850618978828,2459292.8015225925,0.20833333333333337,5.000000000000001,0.001489060219189855,1.489060219189855,0.13897896142839436,5.8758458913904086e-05,9.605405651394953,0.0011285855507709823,0.0007612205252738313,2,53,2236,23,26.5,2289
5255,729401976,3.1192871600021648,2459283.2390225925,0.25,6.0,0.0005920266610809799,0.5920266610809799,0.07149353256085755,3.78535212825149e-05,9.60510071381135,0.0009058707099365343,0.0006110014231326955,6,216,2076,36,36.0,2292
19079,901096860,0.6420652931722439,2459283.0202725925,0.0625,1.5,0.0018580626864392782,1.8580626864392782,0.07020140583398292,0.0003883946565080191,9.60405810072374,0.002901996219128337,0.0019573696338380797,25,225,2067,9,9.0,2292
17156,902476988,11.33850618978828,2459292.572355926,0.20833333333333337,5.000000000000001,0.0019617270433004517,1.9617270433004517,0.13082314527827937,0.00011545118977248998,9.577477767721717,0.001586583932173347,0.0010701362013849636,2,60,2232,30,30.0,2292
20825,902446978,13.302514823509787,2459292.6390225925,0.08333333333333333,2.0,0.0032727790727540384,3.2727790727540382,0.20520132498171262,0.0001285329943086814,9.569583627040434,0.0016754414991377734,0.001130069809212042,2,24,2268,12,12.0,2292
3668,729246621,7.898464610292516,2459284.5890225926,0.25,6.0,0.0007863080736935251,0.7863080736935252,0.09857552798303805,3.33871408848036e-05,9.566591231152639,0.0008541760598720842,0.0005761338593498477,3,108,2184,36,36.0,2292
13106,816292022,0.7072469572723068,2459283.3140225927,0.0625,1.5,0.0014375342881750098,1.4375342881750097,0.07303256340472714,0.0002128499974569197,9.564362870124178,0.002157226654171826,0.0014550294443355094,23,206,2086,8,9.0,2292
13860,860254917,2.772903731687849,2459283.3390225926,0.25,6.0,0.001094651278504662,1.0946512785046618,0.06938447728107587,0.0001383991941869334,9.562412785997996,0.001739859950896096,0.0011735194596628196,7,231,2061,15,36.0,2292
14103,844896759,1.8288878685778152,2459284.130689259,0.16666666666666666,4.0,0.0020278964613543783,2.0278964613543784,0.0753957811122334,0.0003947869495654665,9.552792816204867,0.002941480901875423,0.0019840016874918542,8,192,2100,24,24.0,2292
18544,940987887,11.33850618978828,2459292.780689259,0.16666666666666666,4.0,0.004278549342329421,4.278549342329422,0.1473859765199637,0.0004301906351565668,9.552273637319535,0.003070709403380794,0.0020711651176182344,2,47,2242,23,23.5,2289
14410,872072367,11.33850618978828,2459292.5390225924,0.25,6.0,0.0020529988867624177,2.052998886762418,0.11974782810718432,0.00015173295944571815,9.548383022914532,0.0018244212840406488,0.0012305552974778422,2,72,2219,36,36.0,2291
12440,805553176,12.75488087351786,2459292.5390225924,0.25,6.0,0.001467766066383566,1.467766066383566,0.12056017036506472,7.647897150976159e-05,9.532462847245121,0.0012974209189714366,0.0008750984209978663,2,71,2221,35,35.5,2292
4433,725458958,3.322319342501036,2459285.7140225926,0.25,6.0,0.0011154972298125904,1.1154972298125905,0.07764689564973222,0.00011199006627476068,9.526876084152356,0.0015709205908888994,0.0010595714224260755,5,180,2112,36,36.0,2292
1293,679149946,4.36630546556528,2459284.6140225925,0.20833333333333337,5.000000000000001,0.0017347057685197028,1.7347057685197027,0.1075418231100453,0.00013541418465009896,9.520694233405143,0.0017285361227675215,0.0011658816422281948,3,90,2202,30,30.0,2292
6719,731464038,11.33850618978828,2459292.5390225924,0.25,6.0,0.0014635819117987767,1.4635819117987767,0.11974698050197065,7.711459245160425e-05,9.513635704278267,0.0013053794282110126,0.0008804663619391695,2,72,2220,36,36.0,2292
11156,808086357,11.33850618978828,2459292.8015225925,0.20833333333333337,5.000000000000001,0.0020254309236566953,2.025430923656695,0.13898184486520898,0.00010871281630237758,9.50333694248977,0.0015515981161775539,0.0010465385917830528,2,53,2232,23,26.5,2285
6266,726904736,3.7216558075412167,2459286.0890225926,0.25,6.0,0.000878602426258527,0.878602426258527,0.08608132081163344,5.557984008677067e-05,9.499648115971414,0.0011098547005521577,0.000748586739884094,4,144,2148,36,36.0,2292
9584,735258570,11.386272570267936,2459292.5140225925,0.25,6.0,0.0019618307570929585,1.9618307570929585,0.11974698050197065,0.00013855607710113352,9.49473398793219,0.0017532545939388273,0.0011825540226216291,2,72,2220,36,36.0,2292
13448,807902926,3.7216558075412167,2459285.1140225925,0.25,6.0,0.0015078727080618934,1.5078727080618934,0.08150315526532034,0.00018416808840115054,9.490560403798519,0.0020222289822821116,0.0013639747620950438,5,162,2128,18,36.0,2290
15490,941720943,0.30637260346515754,2459282.9702725927,0.020833333333333332,0.5,0.0020999556916525,2.0999556916525,0.08221053115500246,0.00035058020559884656,9.488429533484037,0.002790707740061859,0.0018823065830715358,53,159,2131,3,3.0,2290
16515,901894598,11.33850618978828,2459292.7973559257,0.16666666666666666,4.0,0.0029987866356206154,2.998786635620615,0.152224539925362,0.00019783986829148982,9.478555083164226,0.0020986004743173527,0.001415486627760254,2,44,2247,20,22.0,2291
12277,807645956,11.33850618978828,2459292.8015225925,0.20833333333333337,5.000000000000001,0.0024382453753828584,2.4382453753828583,0.13897896142839436,0.00015754357353026124,9.463717073939222,0.0018756577496064773,0.0012651138200502343,2,53,2236,23,26.5,2289
5791,730737691,0.6809880287692527,2459283.5015225927,0.0625,1.5,0.0018280749224056877,1.8280749224056878,0.07351738784793083,0.00033919857907574897,9.460012210119803,0.002753279575227498,0.0018570616317465927,23,203,2089,6,9.0,2292
6903,732117593,11.243573740269838,2459292.5890225926,0.25,6.0,0.002200685664738868,2.200685664738868,0.11974698050197065,0.00017434862621953755,9.456713822709466,0.001974622202981328,0.0013318644293682236,2,72,2220,36,36.0,2292
12289,814632249,11.290940193331583,2459292.572355926,0.20833333333333337,5.000000000000001,0.0013753047121612123,1.3753047121612123,0.13082314527827937,5.674389153878505e-05,9.456213157798627,0.001126567719503683,0.000759859516729855,2,60,2232,30,30.0,2292
12290,401587323,11.290940193331583,2459292.572355926,0.20833333333333337,5.000000000000001,0.0013753047121612123,1.3753047121612123,0.13082314527827937,5.674389153878505e-05,9.456213157798627,0.001126567719503683,0.000759859516729855,2,60,2232,30,30.0,2292
6297,726722604,3.3786586178766744,2459285.0640225927,0.25,6.0,0.0008144622301243062,0.8144622301243062,0.07784505729623038,5.9369710824765714e-05,9.44447550382042,0.0011537710035487822,0.0007782078804456916,5,179,2113,35,36.0,2292
6246,728205996,2.527950895924666,2459283.4140225924,0.125,3.0,0.001152571880065934,1.152571880065934,0.09857552798303805,7.173478469081097e-05,9.433600924528802,0.001269703735585419,0.0008564034369252793,6,108,2184,18,18.0,2292
12960,816722351,5.666431630140907,2459286.9306892594,0.16666666666666666,4.0,0.0016542796154737488,1.654279615473749,0.11974782810718432,9.851907766219107e-05,9.42785625182032,0.0014888886332194227,0.0010042416249962383,3,72,2219,24,24.0,2291
14260,855628099,11.33850618978828,2459292.780689259,0.16666666666666666,4.0,0.0021758664250854935,2.1758664250854935,0.14738530191434637,0.00011125827544563665,9.421540109658734,0.0015832855874277924,0.0010679114983325189,2,47,2243,23,23.5,2290
10960,815351847,11.243573740269838,2459292.572355926,0.20833333333333337,5.000000000000001,0.001279611612238465,1.2796116122384649,0.13082314527827937,4.912217634526571e-05,9.419668606139618,0.0010522481567096739,0.0007097316583769553,2,60,2232,30,30.0,2292
11164,815713097,4.403171330704517,2459284.3140225927,0.25,6.0,0.0012668029518560055,1.2668029518560056,0.09857552798303805,8.66586448168788e-05,9.418056146857277,0.0013978470981137695,0.0009428349508389111,3,108,2184,36,36.0,2292
5349,732283111,3.8977976077533527,2459282.924558318,0.20833333333333337,5.000000000000001,0.0017948846382323672,1.794884638232367,0.09901242495976717,0.00017235618125409566,9.41759747756432,0.001971461522929108,0.0013297325798793391,4,107,2185,21,28.0,2292
17936,902522658,11.33850618978828,2459292.572355926,0.20833333333333337,5.000000000000001,0.0021856992126386616,2.1856992126386614,0.13082314527827937,0.00014331843144387796,9.416052347730046,0.0017980309237360867,0.0012127552433131572,2,60,2232,30,30.0,2292
5397,729383042,2.916376606537871,2459283.0890225926,0.25,6.0,0.0005530445044567139,0.5530445044567138,0.07149353256085755,3.3032688182255395e-05,9.40487025475967,0.000864239572226152,0.0005829216054405451,6,216,2076,36,36.0,2292
11686,815187447,0.6781312261515792,2459283.3515225924,0.0625,1.5,0.0010123916590160768,1.0123916590160769,0.07194489304011026,0.00010915577678762704,9.403761049048681,0.0015712191910924962,0.0010597728255041794,24,213,2078,6,9.0,2291
11043,808434417,6.509668765565949,2459286.072355926,0.20833333333333337,5.000000000000001,0.001332858614615023,1.332858614615023,0.1075418231100453,7.994304389490654e-05,9.402994970525334,0.0013447425105634985,0.0009070163972504375,3,90,2202,30,30.0,2292
14316,871978105,0.4398079667590721,2459283.093189259,0.041666666666666664,1.0,0.0014493640665266163,1.4493640665266163,0.07062291619541151,0.00023317283790458127,9.401886702026262,0.0022968834773700085,0.00154922668108054,37,222,2070,6,6.0,2292
4337,732383009,4.099473642149079,2459284.072355926,0.20833333333333337,5.000000000000001,0.0014625754329375667,1.4625754329375666,0.08446145942736452,0.0001604345172774383,9.398768765631981,0.0019058685293585583,0.0012854907118295955,5,150,2141,30,30.0,2291
13124,807533140,0.8800539173349082,2459282.9890225925,0.08333333333333333,2.0,0.0011551471569157129,1.1551471569157128,0.06978868845530563,0.00015211760477087182,9.397258843049114,0.0018561093035206018,0.001251928573803185,19,228,2064,12,12.0,2292
14574,868531629,0.31419866392710627,2459283.0473559257,0.020833333333333332,0.5,0.0027125582217569382,2.712558221756938,0.08394186731332119,0.0005592058800880083,9.395781396239704,0.003559327570724274,0.0024007335564038,51,152,2140,2,3.0,2292
16849,940018822,11.243573740269838,2459292.8973559258,0.16666666666666666,4.0,0.003976749056391805,3.9767490563918053,0.1837883924272275,0.0002372179958626967,9.37286280103988,0.0023238952814731467,0.0015674458933448987,2,30,2248,6,15.0,2278
1616,685298509,11.290940193331583,2459292.8570784605,0.20833333333333337,5.000000000000001,0.004470498280304784,4.470498280304785,0.1505644364227061,0.00044967048466968074,9.368456082353978,0.003201062574297407,0.002159087126869963,2,45,2235,15,22.5,2280
13584,872109967,11.33850618978828,2459292.5390225924,0.25,6.0,0.0009908066431580584,0.9908066431580584,0.11974698050197065,3.5341120948541044e-05,9.365612991961573,0.000897674627584634,0.0006054732413224295,2,72,2220,36,36.0,2292
3878,729777175,11.243573740269838,2459292.5390225924,0.25,6.0,0.001034517668839387,1.0345176688393871,0.11974698050197065,3.852816505707167e-05,9.364359878546447,0.000937402408768395,0.0006322692626253845,2,72,2220,36,36.0,2292
15897,941539107,0.3431980076000987,2459282.9494392592,0.020833333333333332,0.5,0.00233788308173247,2.33788308173247,0.08693157440222907,0.0003853316599214892,9.362057375041257,0.002965248167138843,0.00200003248829006,47,141,2151,3,3.0,2292
4779,732439797,3.508939843588372,2459285.5473559257,0.16666666666666666,4.0,0.0009219056834274818,0.9219056834274818,0.10426907534288267,4.0795684278522827e-05,9.35123751068139,0.0009659463842254974,0.0006515219103099268,4,96,2196,24,24.0,2292
13515,816186523,11.33850618978828,2459292.8015225925,0.20833333333333337,5.000000000000001,0.002089651203337461,2.089651203337461,0.1389832904401656,0.00011571601701765703,9.350516517384985,0.0016269572234089268,0.0010973676132530197,2,53,2230,23,26.5,2283
11111,806195519,0.9532311709312619,2459283.1723559257,0.08333333333333333,2.0,0.0017933243968783915,1.7933243968783914,0.0733545362426814,0.00032803326402880314,9.34612861634871,0.00274057812708983,0.0018484946223457643,17,204,2088,12,12.0,2292
1540,679064416,1.0813599226557298,2459283.0640225927,0.08333333333333333,2.0,0.0009750044939298515,0.9750044939298514,0.0753957811122334,9.126084126560694e-05,9.346042340750335,0.001445537916070604,0.0009750019668626764,16,192,2100,12,12.0,2292
10172,813639996,5.642660468196827,2459286.8890225925,0.25,6.0,0.001784818454971345,1.784818454971345,0.10036146176002758,0.00016564999969472755,9.344512749234424,0.0019478434829820366,0.0013138024301780904,3,104,2188,32,36.0,2292
2244,679190087,17.26351748653834,2459286.905689259,0.20833333333333337,5.000000000000001,0.0020414749909260185,2.0414749909260186,0.13529586427965115,0.00011669336388013885,9.337566734871103,0.0016360793334277669,0.0011035203921676562,2,56,2233,26,28.0,2289
2380,682539665,11.33850618978828,2459292.780689259,0.16666666666666666,4.0,0.0018522635221998262,1.8522635221998263,0.14738868094007887,8.06256836582945e-05,9.332554008979274,0.0013606649289044023,0.0009177559212898978,2,47,2238,23,23.5,2285
6104,728224563,11.33850618978828,2459292.780689259,0.16666666666666666,4.0,0.0016264696659386813,1.6264696659386813,0.14738462790689816,6.216698399413911e-05,9.329023072225347,0.0011952499378957398,0.0008061850383756508,2,47,2244,23,23.5,2291
13474,811175772,11.290940193331583,2459292.5390225924,0.25,6.0,0.0018541856766967804,1.8541856766967804,0.11974698050197065,0.00012376816285202991,9.327651463055986,0.0016867361788945412,0.0011376879663392292,2,72,2220,36,36.0,2292
13781,871558606,0.5313995023677122,2459283.2681892593,0.041666666666666664,1.0,0.0016303504788626505,1.6303504788626506,0.07764689564973222,0.00023922384155349065,9.322364906087193,0.0023463409990564406,0.0015825853224446518,30,180,2112,6,6.0,2292
19703,900910047,0.37645313345141335,2459282.9536059257,0.020833333333333332,0.5,0.0035915052572930485,3.5915052572930484,0.09063254843138026,0.0008319796958490527,9.319248425764872,0.004377140354631779,0.0029523407221312414,43,129,2163,3,3.0,2292
14423,873194690,11.196405993501577,2459292.9140225924,0.16666666666666666,4.0,0.004401479748422104,4.401479748422104,0.19359677369853995,0.0002615358236728937,9.31011470382058,0.002456549718863533,0.0016569200855682809,2,27,2259,3,13.5,2286
11935,814619980,0.5010266889653655,2459283.009855926,0.041666666666666664,1.0,0.0030144628110194806,3.0144628110194804,0.0753957811122334,0.0008723506597458691,9.306221057599421,0.004488354801715377,0.003027353839009428,32,192,2100,6,6.0,2292
13392,810027273,11.290940193331583,2459292.8640225925,0.25,6.0,0.0019319625651476515,1.9319625651476515,0.13898112304315582,9.891070285799518e-05,9.300875560109729,0.0015122124455221979,0.0010199733208702266,2,53,2233,17,26.5,2286
11066,806195191,11.196405993501577,2459292.572355926,0.20833333333333337,5.000000000000001,0.002246557178983506,2.246557178983506,0.13082314527827937,0.00015141057475326987,9.29725685655816,0.0018717087577005797,0.0012624502615004585,2,60,2232,30,30.0,2292
14944,874349383,10.25033865593638,2459292.4390225927,0.25,6.0,0.0021431664276992104,2.1431664276992106,0.11974698050197065,0.00016535384412541182,9.296187398759225,0.0019562181129520635,0.0013194510407069093,2,72,2220,36,36.0,2292
14422,857485778,5.666431630140907,2459286.905689259,0.20833333333333337,5.000000000000001,0.0015659284880535254,1.5659284880535254,0.10991458562715484,0.0001054416772769968,9.276799601927058,0.0015653915156710074,0.0010558421122831563,3,86,2206,26,30.0,2292
6249,727601932,0.8800539173349082,2459282.947355926,0.08333333333333333,2.0,0.0007940126808345842,0.7940126808345842,0.06992697954039873,7.1556771586515e-05,9.27534392866487,0.0012897642795413812,0.0008699340884536499,19,227,2064,11,12.0,2291
5828,730737683,12.862573686551338,2459292.5140225925,0.25,6.0,0.002098254397771819,2.098254397771819,0.12056017036506472,0.00015629483888079162,9.27518230305149,0.0019061841848687553,0.0012857036185544013,2,71,2221,35,35.5,2292
2177,678231001,17.482618975432175,2459286.655689259,0.20833333333333337,5.000000000000001,0.002504944375388186,2.504944375388186,0.13083085137369976,0.0001882423897136673,9.274465741222022,0.002092111420700786,0.0014111098210581319,2,60,2222,30,30.0,2282
22195,349052425,13.246709644029433,2459292.5390225924,0.25,6.0,0.0019642936426457276,1.9642936426457276,0.12056017036506472,0.00013697495776611397,9.270297382946397,0.0017854262649522994,0.0012042535174371372,2,71,2221,35,35.5,2292
10838,812400491,6.163456604316653,2459286.1390225925,0.25,6.0,0.001855605092460472,1.855605092460472,0.09857552798303805,0.0001859365939949228,9.26500881622461,0.002081381051659756,0.0014038722862941833,3,108,2184,36,36.0,2292
1777,678944336,0.5518902906778258,2459282.9890225925,0.041666666666666664,1.0,0.0015788122440853678,1.5788122440853678,0.07886234823041491,0.00021686038488042712,9.263677749689553,0.0022481312930167333,0.0015163437832299564,29,174,2118,6,6.0,2292
1732,679280940,11.243573740269838,2459292.884855926,0.20833333333333337,5.000000000000001,0.002761330163203225,2.761330163203225,0.15759654968896875,0.00015631135753942698,9.262088068110385,0.0019089799152782413,0.0012875893128815874,2,41,2240,11,20.5,2281
8155,731082274,2.7496873979731817,2459283.0140225925,0.08333333333333333,2.0,0.0029143655689768152,2.914365568976815,0.11974698050197065,0.000305766960106952,9.2582778508658,0.0026710379920007014,0.001801590443815393,6,72,2220,12,12.0,2292
2518,679319605,4.44034846403678,2459287.1640225924,0.25,6.0,0.0013305793384960263,1.3305793384960263,0.08608132081163344,0.00012747177907434165,9.25477947820048,0.0017252655343719726,0.0011636756605773457,4,144,2148,36,36.0,2292
4011,729205488,11.33850618978828,2459292.8015225925,0.20833333333333337,5.000000000000001,0.0013708158301985471,1.3708158301985471,0.13898618933762732,4.979710506855769e-05,9.246470154556338,0.0010792972577641515,0.000727976027090349,2,53,2226,23,26.5,2279
7758,727701407,0.8402842071337513,2459283.1806892594,0.08333333333333333,2.0,0.001203124280246781,1.203124280246781,0.06925158280350054,0.0001679109319114428,9.243437693349899,0.0019825354679693114,0.001337201853479908,20,232,2060,4,12.0,2292
6386,724583370,11.386272570267936,2459292.780689259,0.20833333333333337,5.000000000000001,0.0025515789479878927,2.5515789479878928,0.1352936437847547,0.00018229554357882005,9.237550479693835,0.0020670272362056322,0.0013941907704071443,2,56,2236,26,28.0,2292
3391,729261615,2.2949685628579837,2459284.9806892592,0.16666666666666666,4.0,0.0006268956015340737,0.6268956015340736,0.08014481109357388,3.301183999871252e-05,9.236242481063476,0.0008797404024080919,0.0005933767721624794,7,168,2124,24,24.0,2292
7930,731227584,11.33850618978828,2459292.780689259,0.16666666666666666,4.0,0.0019160883173004514,1.9160883173004513,0.1473859765199637,8.627776933283897e-05,9.230340277064892,0.0014231370992806558,0.0009598928229331283,2,47,2242,23,23.5,2289
6645,727128708,0.5878124371390634,2459282.9765225924,0.041666666666666664,1.0,0.0009358837759315719,0.9358837759315719,0.08014481109357388,7.357378913236268e-05,9.229931857093721,0.001314250239236143,0.000886449642004683,28,168,2124,6,6.0,2292
12916,809875242,0.4199330079211671,2459283.155689259,0.041666666666666664,1.0,0.0013709535780080167,1.3709535780080166,0.07006957123772259,0.00021238504957498712,9.227226409308633,0.002233602010501608,0.0015065439164316796,38,226,2062,5,6.0,2288
21398,951507115,1.7609842384705776,2459283.5640225927,0.16666666666666666,4.0,0.0021749453198874006,2.1749453198874007,0.07149353256085755,0.0005108818116060116,9.223045898857759,0.0034657788613010753,0.0023376358163368915,9,216,2076,24,24.0,2292
15790,942333421,11.33850618978828,2459292.7640225925,0.16666666666666666,4.0,0.0036591654293054235,3.6591654293054234,0.14587447913667345,0.00032134779933657467,9.221496987372975,0.0027491677091192584,0.00185428821605238,2,48,2242,24,24.0,2290
5540,730444984,5.959618597588408,2459286.4390225927,0.25,6.0,0.001790277275903184,1.790277275903184,0.0985765918618978,0.00017307500712922757,9.220215867326953,0.002017860262353679,0.0013610281008725744,3,108,2183,36,36.0,2291
7768,734408915,11.33850618978828,2459292.7876339536,0.20833333333333337,5.000000000000001,0.0034680030154183947,3.468003015418395,0.13649193263822904,0.00033074373516115465,9.21484056321233,0.002791084505451629,0.0018825607078454265,2,55,2231,25,27.5,2286
21238,901435900,11.825327744085484,2459292.572355926,0.20833333333333337,5.000000000000001,0.001787025292642536,1.787025292642536,0.13082314527827937,9.580378189632425e-05,9.214216326564172,0.001502269743266761,0.0010132670600747073,2,60,2232,30,30.0,2292
9107,735247270,0.5159896638394394,2459283.059855926,0.041666666666666664,1.0,0.0024974664322246136,2.4974664322246136,0.07612118041171508,0.0005863098265283416,9.212703117108854,0.003716990989024953,0.0025070760751551013,32,188,2104,2,6.0,2292
6830,728122549,2.2566998649915675,2459283.1640225924,0.16666666666666666,4.0,0.0007878677523741203,0.7878677523741203,0.0753957811122334,5.959061714218062e-05,9.205991401855941,0.001185859875108691,0.0007998515277948814,8,192,2100,24,24.0,2292
4216,732413784,5.714274802347925,2459286.780689259,0.16666666666666666,4.0,0.0011798341610692307,1.1798341610692307,0.12310776840114908,4.7328294019281806e-05,9.194575741379936,0.0010581414528802076,0.000713706632186839,3,68,2224,20,24.0,2292
13280,807381544,3.2395670108286563,2459284.1140225925,0.25,6.0,0.0011371945754524522,1.1371945754524522,0.07764689564973222,0.00011638903521946347,9.194271863671931,0.0016594099535404583,0.0011192566798465253,5,180,2112,36,36.0,2292
12499,810343270,2.182066224845287,2459283.2973559257,0.08333333333333333,2.0,0.0016316144878860037,1.6316144878860037,0.10427007016526992,0.0001277839601798163,9.190341315929622,0.001739488367129889,0.0011732688298461413,8,96,2195,12,12.0,2291
291,684878016,12.862573686551338,2459292.5890225926,0.25,6.0,0.0015040132652810623,1.5040132652810623,0.11974698050197065,8.143401247709052e-05,9.190124109699399,0.00138866195865929,0.0009366396591523607,2,72,2220,36,36.0,2292
13202,807554820,11.386272570267936,2459292.7640225925,0.16666666666666666,4.0,0.002326805485038955,2.326805485038955,0.1458751613374441,0.00012993657036497683,9.189481968185357,0.001754242658452377,0.0011832204630057852,2,48,2241,24,24.0,2289
3583,729268651,3.3503705582934393,2459285.4640225926,0.25,6.0,0.0005527413353398534,0.5527413353398534,0.07784649656378763,2.734430704949894e-05,9.181931614545693,0.0008054051550129567,0.0005432383346910541,5,179,2112,35,36.0,2291
2036,683043238,4.329748262503985,2459284.5140225925,0.25,6.0,0.0019213557554878307,1.9213557554878307,0.0985765918618978,0.0001993468287138955,9.179684271941316,0.00217516356075024,0.0014671277220762446,3,108,2183,36,36.0,2291
5045,728833439,11.33850618978828,2459292.780689259,0.16666666666666666,4.0,0.0012877908265686027,1.2877908265686027,0.14738665172454682,3.897252250536475e-05,9.176329559197299,0.0009621111630271036,0.0006489350890510615,2,47,2241,23,23.5,2288
3661,729237088,7.898464610292516,2459284.5890225926,0.25,6.0,0.0007367369708299094,0.7367369708299094,0.09857552798303805,2.9310193666132063e-05,9.17030985144206,0.0008349112860724947,0.0005631399474386178,3,108,2184,36,36.0,2292
8559,737358089,11.33850618978828,2459292.5390225924,0.25,6.0,0.0016408318569913123,1.6408318569913123,0.11974698050197065,9.692385058503209e-05,9.164321198573875,0.001519252729438631,0.0010247219273159525,2,72,2220,36,36.0,2292
13054,810409100,0.5731712046912927,2459283.3390225926,0.041666666666666664,1.0,0.0012237603651080809,1.2237603651080808,0.08150180116168226,0.00012130474392796654,9.161316144342658,0.0017001843734530447,0.0011467586493005832,27,162,2129,6,6.0,2291
7180,727979159,1.339931904318293,2459283.3556892592,0.08333333333333333,2.0,0.0012030209588227367,1.2030209588227367,0.08608132081163344,0.00010420267877040793,9.160310734900445,0.0015759565285128653,0.001062968115818741,12,144,2148,12,12.0,2292
11784,808133128,11.33850618978828,2459292.8015225925,0.20833333333333337,5.000000000000001,0.002439018926707305,2.439018926707305,0.13898546364265657,0.00015764355310816602,9.157324756046462,0.0019390298238292723,0.0013078576985223744,2,53,2227,23,26.5,2280
6049,726951409,5.666431630140907,2459286.9140225924,0.16666666666666666,4.0,0.0016111335699454626,1.6111335699454625,0.1197495255934974,9.34470496873876e-05,9.156218532448756,0.0014930750750454783,0.001007065341322999,3,72,2217,24,24.0,2289
638,675215392,11.33850618978828,2459292.780689259,0.16666666666666666,4.0,0.0033537251182452,3.3537251182452,0.14738868094007887,0.00026431559596559636,9.1527363175014,0.0025120335862199084,0.0016943434414001812,2,47,2238,23,23.5,2285
11288,814983113,11.33850618978828,2459292.8015225925,0.20833333333333337,5.000000000000001,0.0016869949931905509,1.6869949931905508,0.13897968132560518,7.541773083682465e-05,9.145164310903217,0.0013429511505278,0.0009058081414594632,2,53,2235,23,26.5,2288
3669,728980398,11.434240178939907,2459292.4640225926,0.25,6.0,0.0014636490167370083,1.4636490167370082,0.11974698050197065,7.71216639910276e-05,9.137907501601147,0.0013591157207451475,0.0009167109947019747,2,72,2220,36,36.0,2292
10897,815223555,13.025820200358702,2459292.5140225925,0.25,6.0,0.0013009328711257756,1.3009328711257755,0.11974698050197065,6.0927348066319935e-05,9.134443616209662,0.0012084788000562197,0.0008151077836612841,2,72,2220,36,36.0,2292
13808,843417616,5.738347658137348,2459286.6640225924,0.25,6.0,0.0009108924900426967,0.9108924900426967,0.09857552798303805,4.480515693447395e-05,9.133393453976282,0.0010364463641714752,0.0006990734953267741,3,108,2184,36,36.0,2292
9916,806635620,5.738347658137348,2459286.7140225926,0.08333333333333333,2.0,0.002227018577546405,2.227018577546405,0.1679917758636479,8.927301140526264e-05,9.131731963699888,0.001463261462162379,0.0009869563349267363,3,36,2255,12,12.0,2291
5123,729604471,0.8193544077257724,2459283.0202725925,0.0625,1.5,0.0009055568729285294,0.9055568729285295,0.07687109931829668,7.544305900994491e-05,9.131467534011499,0.0013451913414382378,0.000907319129528017,21,184,2108,5,9.0,2292
1719,679461808,2.0315636849737864,2459283.3890225925,0.125,3.0,0.0018419900160334326,1.8419900160334326,0.08608132081163344,0.0002442907597800128,9.125901079484795,0.0024221038558144303,0.0016336866692394647,8,144,2148,18,18.0,2292
6771,728121244,9.423744971121383,2459285.7140225926,0.16666666666666666,4.0,0.0016672223299469275,1.6672223299469275,0.1458737975410098,6.671112713936787e-05,9.122269893233963,0.0012662259796208284,0.0008540577226634483,2,48,2243,24,24.0,2291
10798,811439278,12.916760594277575,2459292.5890225926,0.25,6.0,0.0016511545599074127,1.6511545599074127,0.11974698050197065,9.81472097053095e-05,9.113641870049845,0.0015373120024843397,0.0010369027401081476,2,72,2220,36,36.0,2292
11943,805313357,11.33850618978828,2459292.8140225927,0.25,6.0,0.0017313541284176316,1.7313541284176317,0.13082391279948533,8.992761353966331e-05,9.111748672444618,0.0014718372832269759,0.0009927406469897315,2,60,2231,24,30.0,2291
13864,846458337,1.3799484700199869,2459283.1140225925,0.125,3.0,0.0011767802380711755,1.1767802380711756,0.07149353256085755,0.00014955966670120405,9.11122975047891,0.0018982143146025563,0.0012803280147056229,12,216,2076,18,18.0,2292
12435,810311769,11.33850618978828,2459292.5390225924,0.25,6.0,0.0017309884577249577,1.7309884577249577,0.1197486764706872,0.00010786755746797299,9.111200139513782,0.0016120734803811861,0.0010873286661143844,2,72,2218,36,36.0,2290
3345,729095028,2.109900870503378,2459283.759855926,0.20833333333333337,5.000000000000001,0.0006001244480132047,0.6001244480132047,0.068221944469025,4.321792237237844e-05,9.105155670940627,0.0010210795188159356,0.0006887087001321568,8,240,2051,30,30.0,2291
13634,860050223,0.4009562001370487,2459282.9223559257,0.020833333333333332,0.5,0.0014188816685110467,1.4188816685110468,0.09377493529654439,0.00012079351135420153,9.102699273450394,0.0017075231707165614,0.0011517086002404975,40,120,2172,3,3.0,2292
19769,902364098,12.916760594277575,2459292.5390225924,0.25,6.0,0.0020140800142931653,2.014080014293165,0.11974698050197065,0.00014603465894310564,9.102387900913618,0.0018775332162885082,0.0012663788049969704,2,72,2220,36,36.0,2292
14409,872077146,0.689630849743516,2459283.5015225927,0.041666666666666664,1.0,0.002103265703720859,2.103265703720859,0.08781264616479845,0.00030523713681093956,9.09892341656491,0.0027154616499751867,0.001831553790621332,23,138,2152,6,6.0,2290
15768,902038866,11.386272570267936,2459292.780689259,0.20833333333333337,5.000000000000001,0.0021183951546135137,2.1183951546135136,0.1352966057629606,0.00012565274487052038,9.083880148457055,0.0017451372648750996,0.001177078959176514,2,56,2232,26,28.0,2288
129,650332527,11.925172095626811,2459292.572355926,0.20833333333333337,5.000000000000001,0.0018674523720027378,1.8674523720027378,0.13082314527827937,0.00010462135085095956,9.079968571240332,0.0015930918438441597,0.0010745257276704168,2,60,2232,30,30.0,2292
4390,729720748,3.1062014854418143,2459285.6640225924,0.25,6.0,0.0008834446849047813,0.8834446849047812,0.07764689564973222,7.024270601578575e-05,9.079959774497471,0.0013053641770680447,0.0008804560751841661,5,180,2112,36,36.0,2292
7365,731365890,11.33850618978828,2459292.780689259,0.16666666666666666,4.0,0.0026950971773887643,2.695097177388764,0.1473859765199637,0.00017069339669586878,9.078161083806771,0.0020352861325242406,0.0013727816892784572,2,47,2242,23,23.5,2289
3712,729039284,11.33850618978828,2459292.5390225924,0.25,6.0,0.0012574391165019417,1.2574391165019416,0.11974698050197065,5.692151274153062e-05,9.068489047915651,0.0011765713845070269,0.0007935865267145736,2,72,2220,36,36.0,2292
14869,872049153,11.33850618978828,2459292.5390225924,0.25,6.0,0.001527896267974638,1.5278962679746382,0.11974698050197065,8.404081220486977e-05,9.056653330153091,0.001431503367943826,0.0009655357938377351,2,72,2220,36,36.0,2292
7680,731242711,2.023041102772609,2459283.0640225927,0.16666666666666666,4.0,0.0014600817619017951,1.4600817619017952,0.07557640220618678,0.00020359060076235292,9.0525455078633,0.002229067105779341,0.0015034851651014036,8,191,2100,23,24.0,2291
4866,729532942,4.151502481542688,2459284.9390225927,0.25,6.0,0.0008240461706303579,0.8240461706303579,0.08636293383875925,4.855222453013481e-05,9.048546047468795,0.0010890323065227269,0.0007345422275210622,4,143,2148,35,36.0,2291
5121,728603793,2.527950895924666,2459283.8640225925,0.25,6.0,0.0008527049482473007,0.8527049482473007,0.07149353256085755,7.852741870666663e-05,9.040650266068551,0.0013862003038818045,0.0009349792957519254,6,216,2076,36,36.0,2292
17036,902231574,11.33850618978828,2459292.780689259,0.16666666666666666,4.0,0.0032175314882453066,3.2175314882453065,0.1473839544968238,0.00024328395862947637,9.036612032551854,0.002440990547106082,0.0016464255679927708,2,47,2245,23,23.5,2292
12370,810481986,13.025820200358702,2459292.4890225925,0.25,6.0,0.0015977392655756144,1.5977392655756144,0.11974698050197065,9.189974738743574e-05,9.03631017826946,0.0015003100782973256,0.0010119452841611531,2,72,2220,36,36.0,2292
3585,729032556,11.33850618978828,2459292.509855926,0.20833333333333337,5.000000000000001,0.0011323862367741406,1.1323862367741406,0.13082314527827937,3.8468957677065e-05,9.032745430662683,0.0009710697750017251,0.00065497759004568,2,60,2232,30,30.0,2292
11297,811856328,11.33850618978828,2459292.8015225925,0.20833333333333337,5.000000000000001,0.0024501409703998125,2.4501409703998127,0.13898184486520898,0.00015908455553304097,9.032713824304292,0.0019747437874921146,0.0013319464369972445,2,53,2232,23,26.5,2285
10719,808329945,11.33850618978828,2459292.8015225925,0.20833333333333337,5.000000000000001,0.002164077030234531,2.164077030234531,0.13898184486520898,0.00012410557890890072,9.031303842433699,0.0017444567101099482,0.0011766199312761016,2,53,2232,23,26.5,2285
5171,725761498,0.4947475557484189,2459283.0848559258,0.041666666666666664,1.0,0.0008832069752175133,0.8832069752175132,0.07557490271902442,7.4495210582459e-05,9.026732601014533,0.001352223864888007,0.0009120625016106887,32,191,2101,5,6.0,2292
11259,814838190,11.33850618978828,2459292.8015225925,0.20833333333333337,5.000000000000001,0.001730511898391135,1.730511898391135,0.13897896142839436,7.935879290754219e-05,9.006184192727115,0.00139885177955483,0.000943512599187124,2,53,2236,23,26.5,2289
10202,817521099,11.875144985869005,2459292.2890225924,0.25,6.0,0.0014377728254178974,1.4377728254178974,0.11974698050197065,7.441886511036589e-05,9.004868417697498,0.0013548123537183573,0.0009138084134077684,2,72,2220,36,36.0,2292
3576,733202052,11.386272570267936,2459292.780689259,0.16666666666666666,4.0,0.003387650657478122,3.387650657478122,0.1473859765199637,0.0002696901589621309,9.00410711617268,0.0025793299118773067,0.0017397341912028241,2,47,2242,23,23.5,2289
5630,730448089,2.353591829194657,2459283.4890225925,0.20833333333333337,5.000000000000001,0.001034739898867464,1.034739898867464,0.07435092446850082,0.0001059979791725167,9.001255567540944,0.001617561114407491,0.0010910300245565163,8,198,2094,8,30.0,2292
9850,764871487,0.8653789810356914,2459282.9306892594,0.08333333333333333,2.0,0.0015498237974303922,1.5498237974303921,0.06978868845530563,0.000273822733551298,8.999388655756732,0.0026003795417719206,0.0017539319720571434,19,228,2064,12,12.0,2292
16896,902474858,12.971175778322415,2459292.5140225925,0.25,6.0,0.002630397754114154,2.630397754114154,0.11974698050197065,0.00024908372441455627,8.999384603120545,0.0024801323706161453,0.0016728263662593723,2,72,2220,36,36.0,2292
11663,811988768,0.4252626255580674,2459283.155689259,0.041666666666666664,1.0,0.0009025635592036131,0.9025635592036131,0.07076542517558257,9.001561811345349e-05,8.99412730244561,0.0014918147663194618,0.0010062152747332131,37,221,2071,5,6.0,2292
16855,940789400,11.386272570267936,2459292.5390225924,0.25,6.0,0.0016035161048374375,1.6035161048374376,0.11974698050197065,9.256550034502899e-05,8.99399922435584,0.001512818157780438,0.0010203818681913113,2,72,2220,36,36.0,2292
8609,737189818,5.666431630140907,2459286.905689259,0.20833333333333337,5.000000000000001,0.0016834256890983096,1.6834256890983095,0.10991458562715484,0.00012185864818079308,8.990092317209683,0.0017365169405802183,0.001171264630095925,3,86,2206,26,30.0,2292
5919,727624055,1.8677371258067603,2459283.5140225925,0.16666666666666666,4.0,0.0005717629145804997,0.5717629145804998,0.07034258063867745,3.661423701483384e-05,8.985862228107168,0.0009523141479431151,0.0006423270929064584,10,224,2067,12,24.0,2291
10345,813254944,3.6442447191246305,2459284.7390225925,0.25,6.0,0.001569509200318202,1.569509200318202,0.08608132081163344,0.00017736185735161072,8.985856983748006,0.002095972642106608,0.0014137141792166519,4,144,2148,36,36.0,2292
12692,805512935,11.434240178939907,2459292.4890225925,0.25,6.0,0.001495963452697137,1.495963452697137,0.11974698050197065,8.056463946499941e-05,8.984469256326383,0.0014128459299668074,0.0009529515243267284,2,72,2220,36,36.0,2292
4352,730501066,1.7389146464312113,2459283.6806892594,0.16666666666666666,4.0,0.000909201495413338,0.909201495413338,0.07149353256085755,8.92779148002798e-05,8.981796398388692,0.0014877289386370169,0.0010034594217165904,9,216,2076,24,24.0,2292
1370,684807276,11.33850618978828,2459292.780689259,0.16666666666666666,4.0,0.0018718704673681618,1.8718704673681619,0.14738530191434637,8.234162759521987e-05,8.98173618465509,0.0014287769220935086,0.0009636968313054828,2,47,2243,23,23.5,2290
6901,731464448,17.19109556447471,2459286.9265225925,0.20833333333333337,5.000000000000001,0.0024012879843617273,2.401287984361727,0.13190371770583295,0.00017010242752328022,8.981561344976827,0.002053612092824341,0.0013851423801594098,2,59,2225,29,29.5,2284
10227,805819802,11.33850618978828,2459292.8015225925,0.20833333333333337,5.000000000000001,0.0033990838505575994,3.3990838505575995,0.13897680557277214,0.00030617493211271914,8.981273359430558,0.0027552556263031993,0.001858394459937407,2,53,2239,23,26.5,2292
15057,864318592,11.243573740269838,2459292.8640225925,0.16666666666666666,4.0,0.002644964888350709,2.644964888350709,0.17034570124696596,0.00012242718706064138,8.98008484247496,0.0017425028357156743,0.001175302061051986,2,35,2241,11,17.5,2276
22021,952662165,11.33850618978828,2459292.5390225924,0.25,6.0,0.0017143409921073999,1.7143409921074,0.11975378263291939,0.00010580274133991223,8.977505898583932,0.0016203459907185482,0.0010929083978946097,2,72,2212,36,36.0,2284
11581,809291459,6.96258711950182,2459285.6390225925,0.125,3.0,0.002372922153385298,2.3729221533852978,0.16799119080810546,0.00010135367182848094,8.976454358163126,0.0015860976229845442,0.0010698081903308676,2,36,2256,18,18.0,2292
18082,901945112,11.33850618978828,2459292.8015225925,0.20833333333333337,5.000000000000001,0.003355883655562197,3.355883655562197,0.13897968132560518,0.0002984418104062416,8.973522714917989,0.0027225876129468836,0.0018363601867981139,2,53,2235,23,26.5,2288
14956,874321462,0.46062358513399204,2459283.159855926,0.041666666666666664,1.0,0.002022561512198091,2.022561512198091,0.0725602948722593,0.0004274839048803156,8.965102464624838,0.0032615168318648356,0.0021998629649702117,35,209,2082,5,6.0,2291
9655,766024146,11.33850618978828,2459292.5390225924,0.25,6.0,0.0015582555761386697,1.5582555761386696,0.11974698050197065,8.741377586042126e-05,8.962488138710356,0.0014752864173291323,0.0009950670560698316,2,72,2220,36,36.0,2292
12056,815978913,13.135800625370544,2459292.8140225927,0.25,6.0,0.0019845706509575706,1.9845706509575707,0.1473880039338042,9.255523571309066e-05,8.961968889724032,0.0015181408327201993,0.001023971963253878,2,47,2239,23,23.5,2286
11005,815423486,2.808096289441262,2459284.5473559257,0.16666666666666666,4.0,0.0012742183273122868,1.2742183273122867,0.09377606603189123,9.741794073951133e-05,8.956360819298268,0.0015584859411908385,0.001051184366107405,5,120,2171,24,24.0,2291
14841,871605351,11.33850618978828,2459292.8015225925,0.20833333333333337,5.000000000000001,0.002040952243088777,2.040952243088777,0.13898112304315582,0.00011038538055208142,8.953141694596662,0.0016595690222826556,0.001119363970243259,2,53,2233,23,26.5,2286
12021,807107539,0.7042799962193663,2459283.4265225925,0.041666666666666664,1.0,0.002124491474930635,2.1244914749306347,0.08781018941434557,0.00031142901786665315,8.949590887220218,0.002788632939991343,0.0018809071495962115,23,138,2154,6,6.0,2292
17177,901626521,11.290940193331583,2459292.8390225926,0.25,6.0,0.003048246785821142,3.048246785821142,0.13529586427965115,0.00026017063708352986,8.94306881368469,0.002550689330585247,0.0017204163837752917,2,56,2233,20,28.0,2289
6777,728396600,5.714274802347925,2459286.6640225924,0.25,6.0,0.0011553637144413246,1.1553637144413247,0.09857552798303805,7.208272688297336e-05,8.94136491676003,0.0013428477687223207,0.0009057384113869693,3,108,2184,36,36.0,2292
11919,809517991,12.75488087351786,2459292.5390225924,0.25,6.0,0.00103060400520766,1.03060400520766,0.12056017036506472,3.770613385202749e-05,8.93948716495095,0.0009714230295852568,0.0006552158569980149,2,71,2221,35,35.5,2292
4207,729953745,0.6028276689884702,2459283.1265225927,0.041666666666666664,1.0,0.0009070688589574875,0.9070688589574876,0.08196976974452216,6.582191319123508e-05,8.933279066510512,0.001284367618008885,0.0008662940901179583,27,160,2132,4,6.0,2292
10557,806175914,11.33850618978828,2459292.780689259,0.16666666666666666,4.0,0.003508392209267755,3.508392209267755,0.1473839544968238,0.000289257173510191,8.932885962217485,0.0026925593017989176,0.001816106368406123,2,47,2245,23,23.5,2292
6054,727565223,4.670096634588471,2459286.9390225927,0.25,6.0,0.0009007034659144396,0.9007034659144396,0.08664507949212423,5.759993807923017e-05,8.927538330285154,0.0012022486071507584,0.0008109055761167938,4,142,2150,34,36.0,2292
6514,725052988,2.1729122717070197,2459284.530689259,0.20833333333333337,5.000000000000001,0.001201888403678667,1.201888403678667,0.07784505729623038,0.00012928594827330426,8.927019058966852,0.0018012923245031838,0.001214955027993514,6,179,2113,29,30.0,2292
19571,941013132,0.6640259786433875,2459283.4577725925,0.0625,1.5,0.0017732694418401695,1.7732694418401695,0.07179226385943972,0.0003364598429299637,8.925558346141125,0.002906338690383704,0.0019602985905731174,24,214,2078,7,9.0,2292
16811,940934523,11.243573740269838,2459292.8973559258,0.16666666666666666,4.0,0.004000073891893817,4.000073891893817,0.18378570666473643,0.00024000886710915826,8.924442312854115,0.002454977717904085,0.0016558597854472445,2,30,2253,6,15.0,2283
374,675265047,11.33850618978828,2459292.5390225924,0.25,6.0,0.001963302255317599,1.9633022553175992,0.11974698050197065,0.00013876400684646617,8.923711213767199,0.0018668434757666517,0.0012591686737937757,2,72,2220,36,36.0,2292
10054,811474704,0.3812309223407442,2459283.003605926,0.020833333333333332,0.5,0.002120431743571089,2.120431743571089,0.09268831240038249,0.0002765181929173516,8.922834893797129,0.0026355666042607844,0.0017776653205590076,41,123,2169,3,3.0,2292
9210,737140135,1.247513465061685,2459283.7140225926,0.08333333333333333,2.0,0.0022600437944953772,2.260043794495377,0.08608132081163344,0.0003677614526186685,8.916599492585386,0.003041577179338003,0.00205151570169837,12,144,2148,12,12.0,2292
22027,952206761,11.386272570267936,2459292.7890225924,0.25,6.0,0.0016141928963180061,1.614192896318006,0.127760150910938,8.207698925549067e-05,8.903792509935444,0.0014389664742228403,0.000970569590059922,2,63,2224,27,31.5,2287
17823,901381257,13.135800625370544,2459292.572355926,0.20833333333333337,5.000000000000001,0.001677903631988837,1.677903631988837,0.13082314527827937,8.446081794723992e-05,8.898641433798353,0.0014605584170526234,0.0009851331559777576,2,60,2232,30,30.0,2292
6355,726901311,2.023041102772609,2459283.2973559257,0.16666666666666666,4.0,0.0009371910885643104,0.9371910885643103,0.0753957811122334,8.431940510249828e-05,8.897498799314878,0.0014595226082360698,0.0009844345125024079,8,192,2100,24,24.0,2292
7009,731388434,17.19109556447471,2459286.947355926,0.20833333333333337,5.000000000000001,0.002098763640196755,2.098763640196755,0.1308277606815907,0.00013214426452235804,8.896377115218476,0.0018273678196943364,0.0012325427085487228,2,60,2226,30,30.0,2286
8960,735571601,11.33850618978828,2459292.780689259,0.16666666666666666,4.0,0.003369167196853969,3.369167196853969,0.1473839544968238,0.00026675525860838555,8.893497670735748,0.0025971611448931033,0.0017517611931020527,2,47,2245,23,23.5,2292
13393,810217959,1.041210788604168,2459283.130689259,0.08333333333333333,2.0,0.0010200752671604097,1.0200752671604096,0.07764689564973222,9.364981956051431e-05,8.892949705279245,0.0015389433529683803,0.0010380030709351007,15,180,2112,12,12.0,2292
15225,874647702,11.386272570267936,2459292.5140225925,0.25,6.0,0.0019076285081936742,1.9076285081936741,0.11974782810718432,0.00013100567490983604,8.883705400635955,0.0018220735514691351,0.001228971773552634,2,72,2219,36,36.0,2291
4143,725716362,2.855715465631904,2459283.6390225925,0.25,6.0,0.0011020012804254492,1.102001280425449,0.07149353256085755,0.00013115593678240757,8.88080126938384,0.0018237143818825821,0.0012300784985043722,6,216,2076,36,36.0,2292
7595,731301540,3.6442447191246305,2459283.0515225925,0.20833333333333337,5.000000000000001,0.0015146302867440856,1.5146302867440855,0.0844601685689565,0.00017205786791418533,8.880445124164323,0.002088899429935676,0.0014089433629675407,5,150,2142,30,30.0,2292
12104,809385120,0.7407201634715667,2459283.2890225924,0.0625,1.5,0.001154532988972841,1.1545329889728408,0.07593907218266745,0.0001259634369382101,8.863843676776378,0.001790668362581888,0.0012077892638485688,21,189,2102,9,9.0,2291
13926,859318149,19.016088151795028,2459285.6765225925,0.125,3.0,0.0016935037801591153,1.6935037801591153,0.1679929475266774,5.1623190961437835e-05,8.85662068176915,0.0011472798763833907,0.0007738296751540474,2,36,2253,18,18.0,2289
20165,901846885,11.33850618978828,2459292.8015225925,0.20833333333333337,5.000000000000001,0.0023277783382519095,2.3277783382519095,0.13897896142839436,0.00014359162778892275,8.854486179481723,0.0019138865606488102,0.0012908987998440646,2,53,2236,23,26.5,2289
11898,815958750,2.4340921933134387,2459283.093189259,0.20833333333333337,5.000000000000001,0.0013599391775516868,1.3599391775516867,0.06978868845530563,0.00021083554059695526,8.851902106304845,0.0023197987300922636,0.001564682807292772,8,228,2064,18,30.0,2292
16989,942161611,0.6028276689884702,2459283.0515225925,0.041666666666666664,1.0,0.0017632254915425564,1.7632254915425565,0.08150315526532034,0.00025182609485606465,8.8493890569758,0.0025360164965582913,0.0017105196928087762,27,162,2128,6,6.0,2290
11994,814547613,0.5588946560678948,2459282.9890225925,0.041666666666666664,1.0,0.001197841921573088,1.197841921573088,0.07886234823041491,0.000124829798409778,8.83810847957751,0.0017877830054766257,0.0012058431171432793,29,174,2118,6,6.0,2292
2421,678757786,1.859901809935241,2459284.0640225927,0.16666666666666666,4.0,0.000637703608687629,0.6377036086876291,0.0753957811122334,3.903992568318957e-05,8.837855799587034,0.0009998217445173583,0.0006743705278007273,8,192,2100,24,24.0,2292
10830,819383153,0.3594411848346529,2459283.003605926,0.020833333333333332,0.5,0.0014195285868225998,1.4195285868225997,0.0899796449965243,0.00013198652227683016,8.830451467333269,0.0018399112833223778,0.0012410031588576675,44,131,2161,2,3.0,2292
8092,727643140,2.4340921933134387,2459284.947355926,0.20833333333333337,5.000000000000001,0.0016132292529494178,1.6132292529494179,0.07764833995741317,0.00023422577603145631,8.830044248880869,0.0024511475851391983,0.00165327639628976,6,180,2111,30,30.0,2291
4966,732377712,2.8919590359741,2459284.0765225925,0.125,3.0,0.0013539651339148785,1.3539651339148784,0.0985765918618978,9.899396552828529e-05,8.817693656500637,0.001595748159308169,0.0010763173879051458,6,108,2183,18,18.0,2291
10016,805186869,11.290940193331583,2459292.8140225927,0.16666666666666666,4.0,0.0038145969156644405,3.8145969156644406,0.1557387608713361,0.00030557414220892993,8.813318910022787,0.0028050061199139924,0.0018919507081572862,2,42,2247,18,21.0,2289
11314,819585896,0.5181634033245158,2459283.2515225927,0.041666666666666664,1.0,0.003354294501740268,3.3542945017402683,0.07764689564973222,0.0010126162443964495,8.812782143292523,0.005106512608951984,0.003444295567888833,30,180,2112,6,6.0,2292
13574,855832499,13.471344889927945,2459292.572355926,0.20833333333333337,5.000000000000001,0.0014438865342704934,1.4438865342704934,0.16574222759173768,3.8568953991181645e-05,8.81219714717465,0.0009966661846051235,0.0006722421317989502,2,37,2255,7,18.5,2292
18012,901815730,11.33850618978828,2459292.7640225925,0.16666666666666666,4.0,0.0025208676914678205,2.5208676914678203,0.1458731165496484,0.00015251457402927116,8.81057917658613,0.001982285537997036,0.001337033278023092,2,48,2244,24,24.0,2292
12874,815878371,13.135800625370544,2459292.7202725927,0.0625,1.5,0.0026776946780623897,2.6776946780623896,0.2366423573435781,6.45304391003128e-05,8.803269196096066,0.0012904860837231061,0.0008704209387043749,2,18,2252,9,9.0,2270
15546,936271964,5.666431630140907,2459286.9306892594,0.16666666666666666,4.0,0.0023389795198758413,2.338979519875841,0.1197486764706872,0.00019694970699835035,8.800199161697181,0.0022552784306418276,0.0015211644615147901,3,72,2218,24,24.0,2290
1748,679054039,3.1721834532738282,2459284.655689259,0.20833333333333337,5.000000000000001,0.0009152614941657453,0.9152614941657453,0.08446533912906355,6.282777020268845e-05,8.79699892458785,0.0012742548118638286,0.0008594730958207397,5,150,2138,30,30.0,2288
1290,677843324,11.33850618978828,2459292.780689259,0.16666666666666666,4.0,0.0022179802679232743,2.2179802679232745,0.1473839544968238,0.00011560675701907949,8.794570205910802,0.0017289880314068366,0.0011661864504295405,2,47,2245,23,23.5,2292
13028,807952642,6.96258711950182,2459285.5640225927,0.25,6.0,0.0015383033904655607,1.5383033904655607,0.11974698050197065,8.518958356024222e-05,8.792661199501712,0.001484526335187939,0.0010012992952839195,2,72,2220,36,36.0,2292
6193,728209548,5.762521927037957,2459285.347355926,0.16666666666666666,4.0,0.0011821674596289903,1.1821674596289902,0.11974698050197065,5.031071649380377e-05,8.791573314970774,0.0011409816158092453,0.0007695815565960107,3,72,2220,24,24.0,2292
6900,728394349,11.386272570267936,2459292.5390225924,0.25,6.0,0.0011619813632537126,1.1619813632537126,0.11974782810718432,4.860722478776243e-05,8.790578210932736,0.0011216257431811063,0.0007565261993667249,2,72,2219,36,36.0,2291
446,677348955,2.831805784784857,2459284.130689259,0.08333333333333333,2.0,0.00188696496091382,1.88696496091382,0.11974698050197065,0.00012818292349379377,8.78902679749308,0.0018217521695632827,0.0012287550044268736,6,72,2220,12,12.0,2292
2041,683668860,1.1469132032991667,2459283.4390225927,0.08333333333333333,2.0,0.0015337579444361432,1.533757944436143,0.08014481109357388,0.0001976027282981626,8.787211107564397,0.002262353188136569,0.0015259363200705311,14,168,2124,12,12.0,2292
7892,731134323,6.96258711950182,2459285.6140225925,0.20833333333333337,5.000000000000001,0.0013824337534926526,1.3824337534926525,0.13082314527827937,5.733369248387352e-05,8.78565367174777,0.0012188376880207547,0.0008220947578718163,2,60,2232,30,30.0,2292
7366,728090519,11.33850618978828,2459292.572355926,0.20833333333333337,5.000000000000001,0.0014973165318104247,1.4973165318104247,0.13082314527827937,6.725870389298396e-05,8.78404381209899,0.0013203672740601017,0.0008905755254688397,2,60,2232,30,30.0,2292
1232,685291377,11.33850618978828,2459292.7973559257,0.16666666666666666,4.0,0.004014247014306228,4.014247014306228,0.1522258421744275,0.0003545119400210623,8.783269840987293,0.0030316161072791625,0.0020447970506402013,2,44,2245,20,22.0,2289
14826,872041487,11.33850618978828,2459292.8015225925,0.20833333333333337,5.000000000000001,0.0024734584708854044,2.4734584708854044,0.13897680557277214,0.0001621269153906612,8.781860829284666,0.002050482218366501,0.001383031308759275,2,53,2239,23,26.5,2292
6103,727380416,10.645592167785605,2459289.3390225926,0.25,6.0,0.001361184041291182,1.361184041291182,0.14027543549102886,4.817337185091064e-05,8.779793779268342,0.0011179804399979057,0.0007540674760541655,2,52,2240,16,26.0,2292
9461,735587217,5.666431630140907,2459286.905689259,0.20833333333333337,5.000000000000001,0.0016209496964928788,1.6209496964928787,0.10991645684296394,0.00011298155049809529,8.777533177662983,0.0017125619216020777,0.0011551071911520827,3,86,2204,26,30.0,2290
10708,812362510,5.690302934233069,2459286.8765225927,0.125,3.0,0.00164324670748405,1.64324670748405,0.14027543549102886,7.020675328308645e-05,8.773170566460639,0.0013506656954149162,0.0009110115306993904,3,52,2240,16,18.0,2292
12868,807066069,13.080694826110575,2459292.5390225924,0.25,6.0,0.0011709092596210902,1.1709092596210902,0.11974698050197065,4.935702579359074e-05,8.768966066635082,0.0011330291913649586,0.0007642177197929034,2,72,2220,36,36.0,2292
4742,730356142,1.6673275285697875,2459283.197355926,0.16666666666666666,4.0,0.0007804532488646507,0.7804532488646507,0.07149353256085755,6.578358555564595e-05,8.76835706904568,0.0013081439631818055,0.0008823310152312192,9,216,2076,24,24.0,2292
11373,808171257,3.7847669566448308,2459285.218189259,0.20833333333333337,5.000000000000001,0.0013352662152915687,1.3352662152915686,0.08608762978543395,0.00012837138233033304,8.766430132982753,0.0018277901426731588,0.0012328275614954531,5,144,2143,24,30.0,2287
887,684957584,9.423744971121383,2459285.3015225925,0.20833333333333337,5.000000000000001,0.007810090657358562,7.810090657358562,0.13082621946986764,0.0018299254822847848,8.76432549866361,0.006902607862506279,0.004655745219550977,2,60,2228,30,30.0,2288
16275,901895973,11.33850618978828,2459292.8015225925,0.20833333333333337,5.000000000000001,0.002307713992583429,2.307713992583429,0.13898112304315582,0.0001411269125964818,8.757772176995637,0.001918343057971742,0.0012939046661080145,2,53,2233,23,26.5,2286
7164,727018011,11.33850618978828,2459292.8015225925,0.20833333333333337,5.000000000000001,0.0016871734470817114,1.6871734470817115,0.1389782421710869,7.543368737424599e-05,8.757169506387454,0.0014026002452130252,0.000946040904635792,2,53,2237,23,26.5,2290
11915,809500646,11.33850618978828,2459292.780689259,0.16666666666666666,4.0,0.0025920275396432123,2.592027539643212,0.1473839544968238,0.00015788725900731785,8.75072167496219,0.0020306948599868443,0.0013696849183777449,2,47,2245,23,23.5,2292
13111,805358865,5.101128821676117,2459286.4140225924,0.08333333333333333,2.0,0.00010729726692182122,0.10729726692182122,0.16799119080810546,2.072286628000659e-07,8.749029789748525,7.35834277630722e-05,4.963134207680575e-05,3,36,2256,12,12.0,2292
1267,685241803,13.699789458673857,2459291.0640225927,0.16666666666666666,4.0,0.0014132267565533333,1.4132267565533332,0.14587858144616903,4.7933036770518105e-05,8.747974741086203,0.001119244450247333,0.0007549200392872879,2,48,2236,24,24.0,2284
11048,805948978,11.33850618978828,2459292.780689259,0.16666666666666666,4.0,0.0020479630612561532,2.0479630612561532,0.14738665172454682,9.856258845633734e-05,8.74576263214221,0.0016053634168794184,0.0010828027902869408,2,47,2241,23,23.5,2288
13226,807950948,11.33850618978828,2459292.780689259,0.20833333333333337,5.000000000000001,0.0016386762593985432,1.6386762593985431,0.1352936437847547,7.518727672725924e-05,8.74550301811706,0.0014021755221644773,0.0009457544328642098,2,56,2236,26,28.0,2292
22141,952647897,11.196405993501577,2459292.572355926,0.20833333333333337,5.000000000000001,0.002134056619507688,2.134056619507688,0.13082314527827937,0.0001366259296579374,8.744773973503271,0.0018903097489450238,0.001274996458211941,2,60,2232,30,30.0,2292
1552,682688364,13.080694826110575,2459288.4890225925,0.25,6.0,0.0022207588786743422,2.220758878674342,0.11974698050197065,0.00017754371989959318,8.743925419550523,0.0021550691532383837,0.0014535742298923404,2,72,2220,36,36.0,2292
2072,678336940,2.3935036030240293,2459282.9890225925,0.20833333333333337,5.000000000000001,0.0009097143357745282,0.9097143357745282,0.07255870593874506,8.648212804858072e-05,8.743632795080202,0.0015041331099664471,0.001014523883695162,7,209,2083,29,30.0,2292
12759,805382875,0.31552230680176097,2459282.966105926,0.020833333333333332,0.5,0.0019216064465023123,1.9216064465023124,0.08394186731332119,0.00028063542147818254,8.738342505883681,0.0027111726689674777,0.0018286609125640618,51,152,2140,2,3.0,2292
11706,811974715,11.33850618978828,2459292.8015225925,0.20833333333333337,5.000000000000001,0.002201503226501336,2.201503226501336,0.13897680557277214,0.0001284353360918385,8.738291314228029,0.0018341326506749957,0.0012371055245345985,2,53,2239,23,26.5,2292
5379,732280311,6.96258711950182,2459285.6140225925,0.20833333333333337,5.000000000000001,0.0012184547905575306,1.2184547905575305,0.13082314527827937,4.4538962298977874e-05,8.73271154834517,0.0010807765917403313,0.0007289738241874621,2,60,2232,30,30.0,2292
10611,811610963,11.33850618978828,2459292.780689259,0.16666666666666666,4.0,0.0028088740871438085,2.8088740871438085,0.1473839544968238,0.00018540968047955713,8.732069800488022,0.0022052813362071965,0.0014874418833179526,2,47,2245,23,23.5,2292
1649,682769924,1.7908466826595413,2459283.0640225927,0.16666666666666666,4.0,0.0016167669258560682,1.6167669258560682,0.07149515606300194,0.00028230501159454477,8.725595061913168,0.002723198113083561,0.001836771963498962,9,216,2075,24,24.0,2291
13449,810888471,2.163796720179622,2459284.3140225927,0.16666666666666666,4.0,0.0011125786723734956,1.1125786723734956,0.08173397935320782,9.964541982873978e-05,8.723137263014868,0.0016183444474863608,0.0010915583754798064,7,161,2131,17,24.0,2292
14674,868507725,1.6673275285697875,2459283.2306892592,0.16666666666666666,4.0,0.0013249085620085684,1.3249085620085685,0.07149353256085755,0.00018958133134983017,8.719740571096949,0.002233105381728575,0.0015062089449133786,9,216,2076,24,24.0,2292
13311,811140341,11.33850618978828,2459292.780689259,0.16666666666666666,4.0,0.0018845406568962196,1.8845406568962195,0.14739139499488904,8.346009695612862e-05,8.718113050050277,0.0014819445159659711,0.0009995578820760631,2,47,2234,23,23.5,2281
19149,901956703,11.33850618978828,2459292.5390225924,0.25,6.0,0.001595873345510282,1.595873345510282,0.11974698050197065,9.168522245676648e-05,8.717446839248613,0.0015533716034073772,0.0010477347925316183,2,72,2220,36,36.0,2292
11518,815630210,11.33850618978828,2459292.780689259,0.16666666666666666,4.0,0.0021169304128475256,2.1169304128475255,0.14738462790689816,0.0001053127677617117,8.714290682341444,0.0016654188220936801,0.001123309606160583,2,47,2244,23,23.5,2291
7418,734389868,0.9734797184745045,2459283.608467287,0.020833333333333332,0.5,0.004727278304229446,4.727278304229446,0.1458751613374441,0.0005363318439753223,8.709696428077265,0.0037603543462425754,0.0025363242588982704,16,48,2241,3,3.0,2289
10597,811610385,5.666431630140907,2459286.9306892594,0.16666666666666666,4.0,0.0019122225215026747,1.9122225215026747,0.1197486764706872,0.00013163741898271372,8.706464932614294,0.0018636434271187084,0.0012570102705508623,3,72,2218,24,24.0,2290
3395,729332681,3.05440544427489,2459284.4640225926,0.25,6.0,0.0006716157413945943,0.6716157413945943,0.07784649656378763,4.037055951596645e-05,8.703955827041293,0.0010323588943340115,0.0006963165346917655,5,179,2112,35,36.0,2291
13248,816094743,11.33850618978828,2459292.8015225925,0.20833333333333337,5.000000000000001,0.0020737353349309347,2.0737353349309346,0.13897680557277214,0.00011396002334253957,8.703210414572716,0.0017346496752856377,0.001170005176909239,2,53,2239,23,26.5,2292
3959,728961582,7.541532333305801,2459284.8640225925,0.25,6.0,0.001195658943747056,1.195658943747056,0.11246250698656012,5.861361270025535e-05,8.69995471065584,0.001244506734756551,0.0008394082926996838,3,82,2209,10,36.0,2291
18066,901944551,11.33850618978828,2459292.5390225924,0.25,6.0,0.0022648512205616107,2.2648512205616105,0.11974782810718432,0.00018466383784605903,8.698440502164734,0.002209350040673414,0.0014901861868834576,2,72,2219,36,36.0,2291
4939,732446014,11.33850618978828,2459292.780689259,0.16666666666666666,4.0,0.002131694079969896,2.131694079969896,0.14738530191434637,0.0001067868117885995,8.698332077508667,0.0016801104160855404,0.0011332189505500745,2,47,2243,23,23.5,2290
22388,952554584,11.33850618978828,2459292.780689259,0.20833333333333337,5.000000000000001,0.0016156548323738168,1.6156548323738167,0.1352973479069103,7.308953504644025e-05,8.697844902873129,0.001390051651997521,0.0009375769944675039,2,56,2231,26,28.0,2287
8050,733423372,11.33850618978828,2459292.5390225924,0.25,6.0,0.0023571810911119833,2.3571810911119835,0.11974782810718432,0.00020002689706665166,8.695504513184794,0.0023001937124858345,0.0015514594040778595,2,72,2219,36,36.0,2291
3211,731029459,1.7243554598747077,2459283.280689259,0.16666666666666666,4.0,0.0012819635614663505,1.2819635614663505,0.0684728821469023,0.00019556823817837123,8.69433003109547,0.002274720480414562,0.0015342779444317833,10,238,2054,22,24.0,2292
16208,939614030,1.8443296497471602,2459284.3973559258,0.16666666666666666,4.0,0.0013399198558716357,1.3399198558716356,0.07539728559387644,0.00017235698113527022,8.68880754290639,0.0021368264926846185,0.0014412697239205574,8,192,2099,24,24.0,2291
6225,727555601,0.6260727305620779,2459283.2015225925,0.0625,1.5,0.000645260444884173,0.645260444884173,0.06898849848111081,4.8714241882658144e-05,8.67412882505408,0.0011379340794353883,0.0007675260214726753,26,234,2058,9,9.0,2292
13112,807758502,0.3025329788831756,2459283.103605926,0.020833333333333332,0.5,0.001983556359678191,1.9835563596781909,0.08220785503669348,0.0003127924186455739,8.664506070505377,0.0028866843426847877,0.0019470419146666584,53,159,2133,3,3.0,2292
10126,806461333,11.290940193331583,2459292.7973559257,0.16666666666666666,4.0,0.00274978675700944,2.7497867570094403,0.15222649416526252,0.00016634919859853886,8.663880271995986,0.002105294773282323,0.0014200018705533002,2,44,2244,20,22.0,2288
3306,729099993,2.7038362442959003,2459283.0640225927,0.25,6.0,0.0005978360041932496,0.5978360041932497,0.07149353256085755,3.8600051894253126e-05,8.66267791993925,0.0010142774603916814,0.0006841207745795774,6,216,2076,36,36.0,2292
17922,941069996,4.611568497164992,2459283.3140225927,0.25,6.0,0.0009393770327792984,0.9393770327792984,0.08608132081163344,6.353490309935321e-05,8.654660527750401,0.0013024802483248457,0.0008785108918958895,4,144,2148,36,36.0,2292
5137,733172119,5.666431630140907,2459286.9306892594,0.16666666666666666,4.0,0.0017825658926292943,1.7825658926292944,0.1197495255934974,0.00011439148181634982,8.64973304856934,0.0017486751420128582,0.0011794652246140958,3,72,2217,24,24.0,2289
14432,859885863,0.8617486427127544,2459283.0390225924,0.08333333333333333,2.0,0.0009374430300295239,0.9374430300295239,0.06978868845530563,0.00010018313553880659,8.64455128742051,0.0016374568057732823,0.0011044494845361408,19,228,2064,12,12.0,2292
12631,814288979,5.666431630140907,2459286.905689259,0.20833333333333337,5.000000000000001,0.0012535088377767884,1.2535088377767885,0.10991458562715484,6.756522947453414e-05,8.643697385071667,0.001344859985768436,0.0009070956331906355,3,86,2206,26,30.0,2292
12841,807062953,11.386272570267936,2459292.747355926,0.16666666666666666,4.0,0.001992778461844303,1.992778461844303,0.1458731165496484,9.53079839517731e-05,8.642587361004779,0.0015974815873851975,0.0010774865691253188,2,48,2244,24,24.0,2292
9364,737343696,11.97540995748185,2459292.5390225924,0.25,6.0,0.0021000354544664294,2.1000354544664295,0.11974698050197065,0.00015876536076057682,8.635851182004352,0.002063420426252506,0.0013917580104225724,2,72,2220,36,36.0,2292
14152,871967720,11.33850618978828,2459292.5390225924,0.25,6.0,0.0012677689512170002,1.2677689512170003,0.11974698050197065,5.7860572092114694e-05,8.62996114896523,0.0012465150286208918,0.0008407628683534951,2,72,2220,36,36.0,2292
10219,812899196,11.33850618978828,2459292.5390225924,0.25,6.0,0.0015154919191272213,1.5154919191272214,0.11974698050197065,8.268176724983669e-05,8.625619451869301,0.001490834997525013,0.001005554429734934,2,72,2220,36,36.0,2292
12177,814629127,1.8288878685778152,2459283.630689259,0.16666666666666666,4.0,0.0007696870323120469,0.7696870323120469,0.0683478591698957,7.079396626126445e-05,8.624176771489338,0.0013797343299219395,0.0009306180560649802,10,239,2052,23,24.0,2291
14109,859761877,11.925172095626811,2459292.572355926,0.20833333333333337,5.000000000000001,0.0012392215727635946,1.2392215727635945,0.13082314527827937,4.6070103192080306e-05,8.62265071245896,0.0011132271672884854,0.0007508614375343892,2,60,2232,30,30.0,2292
20292,902374302,11.386272570267936,2459292.747355926,0.16666666666666666,4.0,0.0024021253580327672,2.4021253580327673,0.1458731165496484,0.0001384849496568972,8.620840919418232,0.0019304859955787733,0.0013020949653168579,2,48,2244,24,24.0,2292
2216,678366836,0.7596413095503878,2459282.9327725926,0.0625,1.5,0.0007878480223053574,0.7878480223053573,0.07435092446850082,6.144974611879583e-05,8.618463567187192,0.0012863086621039633,0.0008676033064238253,22,198,2094,9,9.0,2292
3270,725609992,0.42347861272587617,2459283.099439259,0.020833333333333332,0.5,0.001403414759741533,1.4034147597415332,0.09490404976580862,0.00011522001978983252,8.617092157023524,0.0017616443406143995,0.001188212829228652,39,117,2175,3,3.0,2292
12658,805684996,11.290940193331583,2459292.572355926,0.20833333333333337,5.000000000000001,0.0012241062556654194,1.2241062556654194,0.13082314527827937,4.495308375477639e-05,8.616201122654804,0.0011004717913826317,0.0007422580543522406,2,60,2232,30,30.0,2292
3294,729292063,1.2318789621308475,2459283.4806892592,0.08333333333333333,2.0,0.0006762675677720028,0.6762675677720028,0.08293624783087249,3.5672350211180314e-05,8.61408634594698,0.000980554277611813,0.0006613747994144159,13,156,2136,12,12.0,2292
18983,902575903,12.916760594277575,2459292.5390225924,0.25,6.0,0.0021973121760933394,2.1973121760933396,0.11974698050197065,0.0001738145087714897,8.610730161424376,0.002165299775008654,0.0014604746897400878,2,72,2220,36,36.0,2292
14355,844905368,6.96258711950182,2459285.6140225925,0.20833333333333337,5.000000000000001,0.001012809441769777,1.012809441769777,0.13082314527827937,3.077348896014022e-05,8.61005250067543,0.0009111661283245981,0.0006145731339030069,2,60,2232,30,30.0,2292
13445,807919381,11.33850618978828,2459292.780689259,0.20833333333333337,5.000000000000001,0.003052924994528489,3.052924994528489,0.13530330894789147,0.00026096982862206967,8.604740873048964,0.002655047845269219,0.0017908052376023331,2,56,2223,26,28.0,2279
6219,728206480,11.33850618978828,2459292.780689259,0.16666666666666666,4.0,0.0014043672998947064,1.4043672998947063,0.1473859765199637,4.634781655581838e-05,8.601333880713835,0.0011193446590608235,0.0007549876292060054,2,47,2242,23,23.5,2289
16514,942224789,11.33850618978828,2459292.5390225924,0.25,6.0,0.0019662003647724986,1.9662003647724986,0.11974698050197065,0.00013917397947953424,8.599840622947449,0.0019400084332617652,0.0013085177615417276,2,72,2220,36,36.0,2292
4906,725772504,7.200729855797949,2459285.2890225924,0.25,6.0,0.0016344703505988506,1.6344703505988505,0.11974698050197065,9.617375977152227e-05,8.59903333566435,0.0016128488262931145,0.001087851629767378,2,72,2220,36,36.0,2292
3455,730952621,11.33850618978828,2459292.780689259,0.16666666666666666,4.0,0.002322895057722388,2.3228950577223877,0.1473859765199637,0.00012680227405599073,8.588733577511656,0.0018541693073843312,0.00125062006433585,2,47,2242,23,23.5,2289
11529,808111530,2.738152225805015,2459284.072355926,0.20833333333333337,5.000000000000001,0.0016540849009715434,1.6540849009715433,0.0753957811122334,0.0002626556985237159,8.585964184765443,0.002669434930649914,0.0018005091937474127,7,192,2100,16,30.0,2292
2362,677676059,2.831805784784857,2459284.247355926,0.08333333333333333,2.0,0.002379477493570412,2.379477493570412,0.11974698050197065,0.0002038288731266927,8.581236697215816,0.0023528701944748494,0.0015869892044211853,6,72,2220,12,12.0,2292
7698,727718270,3.659597039518604,2459282.879425553,0.25,6.0,0.0012702378095570547,1.2702378095570546,0.08126914181642948,0.00013150058356550682,8.571789235244415,0.0018861275511717732,0.00127217560445958,5,162,2130,18,36.0,2292
4466,729676733,1.339931904318293,2459283.9015225926,0.125,3.0,0.0007344682030243883,0.7344682030243883,0.07351738784793083,5.475351943726821e-05,8.569002705471291,0.0012212110852266099,0.0008236955923557332,12,203,2089,6,18.0,2292
13595,855609835,5.642660468196827,2459286.8890225925,0.25,6.0,0.0013309470348895098,1.3309470348895098,0.10036146176002758,9.211384050342126e-05,8.568807460433407,0.00158400686065055,0.0010683979904563268,3,104,2188,32,36.0,2292
5269,732351885,6.933378475196105,2459285.630689259,0.16666666666666666,4.0,0.0013712028379593683,1.3712028379593684,0.1458731165496484,4.5124733347867814e-05,8.5627857461278,0.0011094487486866115,0.0007483129291019908,2,48,2244,24,24.0,2292
7923,731812137,11.33850618978828,2459292.8015225925,0.20833333333333337,5.000000000000001,0.003130084106600633,3.130084106600633,0.1389804018635737,0.0002596318026314379,8.561596515927828,0.0026615779214016785,0.0017952097136123557,2,53,2234,23,26.5,2287
10683,813224483,11.33850618978828,2459292.8015225925,0.20833333333333337,5.000000000000001,0.002172948379623115,2.172948379623115,0.13897680557277214,0.00012512517350342812,8.558068957465343,0.001848466408253334,0.0012467735115697653,2,53,2239,23,26.5,2292
5344,732300341,5.187632818367374,2459283.6806892594,0.16666666666666666,4.0,0.0015671066517071056,1.5671066517071055,0.11974698050197065,8.84096372816876e-05,8.548272308184687,0.001555558878306194,0.0010492100892393053,3,72,2220,24,24.0,2292
5536,730448813,5.90972126700581,2459286.4890225925,0.25,6.0,0.001383814799978722,1.383814799978722,0.09857552798303805,0.00010340694363456813,8.545418176148802,0.0016828930959882661,0.0011350958424310442,3,108,2184,36,36.0,2292
6162,726857041,0.5731712046912927,2459282.9952725926,0.020833333333333332,0.5,0.002336227511218693,2.336227511218693,0.10930584436704308,0.00023742121581161633,8.54487665691297,0.002550168999076401,0.0017200654249807101,29,87,2205,3,3.0,2292
4300,729984707,11.33850618978828,2459292.8015225925,0.20833333333333337,5.000000000000001,0.0014264708809648941,1.426470880964894,0.13897680557277214,5.392270811738017e-05,8.54369181698361,0.0012155008618920016,0.0008198440994819922,2,53,2239,23,26.5,2292
4252,732478971,0.7102264174135884,2459283.1640225924,0.0625,1.5,0.0012467862325561884,1.2467862325561885,0.07287341203313161,0.0001608882566530862,8.543330527281654,0.002099664772829927,0.00141620448727231,23,207,2085,9,9.0,2292
12446,814265441,0.46843475448047683,2459283.247355926,0.041666666666666664,1.0,0.0012722193879188986,1.2722193879188985,0.07351738784793083,0.00016428203035616883,8.541415747953998,0.002122169982497011,0.0014313840432328417,34,203,2089,5,6.0,2292
5502,732280496,2.3834626521267173,2459283.9890225925,0.20833333333333337,5.000000000000001,0.0007631344035265042,0.7631344035265042,0.07240471645336292,6.114928237380409e-05,8.539294041041291,0.001295056487846693,0.000873503634052808,7,210,2081,30,30.0,2291
4836,729463689,2.2949685628579837,2459283.3015225925,0.20833333333333337,5.000000000000001,0.00041249592315664604,0.412495923156646,0.07240312257519473,1.7866053095189633e-05,8.538762986682041,0.0007000585258138113,0.0004721830067542232,7,210,2082,30,30.0,2292
8733,736268702,2.014554273527598,2459283.6806892594,0.16666666666666666,4.0,0.001706986113983153,1.706986113983153,0.07557490271902442,0.0002782680521631397,8.536864030456965,0.0027634289788189114,0.0018639073106831994,8,191,2101,23,24.0,2292
10224,812840678,0.30895938791502675,2459282.9202725925,0.020833333333333332,0.5,0.0018588142702019208,1.8588142702019208,0.08293624783087249,0.0002695048583062914,8.536657428108091,0.0027196338835346764,0.001834367923603586,52,156,2136,3,3.0,2292
2379,683662734,1.2215649679037563,2459283.0556892594,0.08333333333333333,2.0,0.0009132972845897764,0.9132972845897764,0.08058823283652138,6.92312901932419e-05,8.536048344977926,0.0013785081698169648,0.0009297910224045358,14,166,2126,10,12.0,2292
3685,729770211,2.353591829194657,2459284.009855926,0.20833333333333337,5.000000000000001,0.00048579305462518745,0.48579305462518746,0.07255870593874506,2.4661466205856353e-05,8.536028426835353,0.0008227513276099919,0.0005549381678200405,7,209,2083,29,30.0,2292
12197,814532357,12.025859459281675,2459292.780689259,0.16666666666666666,4.0,0.002051162304781488,2.0511623047814878,0.14738462790689816,9.887076981307787e-05,8.535991273158164,0.001647384567409674,0.0011111456680221732,2,47,2244,23,23.5,2291
6448,728541626,5.079729153025271,2459283.597355926,0.16666666666666666,4.0,0.0016511187460712122,1.6511187460712122,0.11974698050197065,9.81429520905998e-05,8.524958342099938,0.0016434340885287059,0.0011084811065214528,3,72,2220,24,24.0,2292
8832,737244280,11.33850618978828,2459292.7640225925,0.16666666666666666,4.0,0.003612459957056563,3.612459957056563,0.14587447913667345,0.00031319680659209055,8.520584469053436,0.0029373403707950788,0.0019812089375388364,2,48,2242,24,24.0,2290
5106,730329766,9.583551090962384,2459284.968189259,0.20833333333333337,5.000000000000001,0.0012797035507948243,1.2797035507948242,0.13082698973197002,4.912923533750645e-05,8.516686671199023,0.0011638964145696538,0.0007850373766151719,2,60,2227,30,30.0,2287
4493,733050860,11.33850618978828,2459292.8015225925,0.20833333333333337,5.000000000000001,0.00310674624377804,3.1067462437780398,0.1389782421710869,0.0002557746139155675,8.511224872503693,0.0026573676987294054,0.0017923699573245688,2,53,2237,23,26.5,2290
4524,734605292,11.290940193331583,2459292.5390225924,0.25,6.0,0.0013750382560984993,1.3750382560984993,0.11974698050197065,6.806628740643847e-05,8.511010595846063,0.001370881444917086,0.0009246468669344976,2,72,2220,36,36.0,2292
2159,684768322,17.19109556447471,2459286.947355926,0.20833333333333337,5.000000000000001,0.00295784763261051,2.95784763261051,0.13082468100454214,0.00026246587853218794,8.510104651965896,0.002692257049758651,0.0018159025021979303,2,60,2230,30,30.0,2290
6852,728055826,1.8443296497471602,2459284.5806892593,0.16666666666666666,4.0,0.0006579826453435701,0.6579826453435701,0.0753957811122334,4.156235151103895e-05,8.50554324316366,0.0010719215360167752,0.0007230011709272732,8,192,2100,24,24.0,2292
15294,942594022,11.434240178939907,2459292.747355926,0.16666666666666666,4.0,0.003124615381687349,3.124615381687349,0.14587652755753258,0.00023431731080345228,8.496218011430237,0.00254795373090134,0.001718571247066869,2,48,2239,24,24.0,2287
13669,855989797,11.33850618978828,2459292.4890225925,0.25,6.0,0.0013084665155123148,1.3084665155123147,0.11974782810718432,6.163504639980979e-05,8.495834978297575,0.0013068411264170157,0.0008814522638722622,2,72,2219,36,36.0,2291
18583,902396454,13.135800625370544,2459292.5640225927,0.16666666666666666,4.0,0.0018483730259882484,1.8483730259882485,0.14894617118437384,7.857910539362194e-05,8.494453086192467,0.0014758190629762262,0.0009954263206368719,2,46,2243,22,23.0,2289
4666,729657833,4.630995918357564,2459283.1140225925,0.25,6.0,0.0008943822444668113,0.8943822444668112,0.08608132081163344,5.759421114365935e-05,8.493551868428531,0.0012636158699985036,0.0008522972278419694,4,144,2148,36,36.0,2292
5402,732300160,11.33850618978828,2459292.780689259,0.16666666666666666,4.0,0.0017008821026678036,1.7008821026678036,0.1473859765199637,6.798549828862775e-05,8.492308798493996,0.0013730848098649215,0.0009261330162315673,2,47,2242,23,23.5,2289
12018,815840086,9.911339173332385,2459285.7890225924,0.25,6.0,0.0025569762997145968,2.556976299714597,0.11974698050197065,0.00023537260070287744,8.486179111402764,0.002556705801929659,0.001724474438101753,2,72,2220,36,36.0,2292
12358,520387931,11.33850618978828,2459292.8015225925,0.20833333333333337,5.000000000000001,0.0017700774322875377,1.7700774322875377,0.13897752355282994,8.302911408178153e-05,8.485488135578983,0.0015186348756481415,0.0010243051906435596,2,53,2238,23,26.5,2291
3328,733351908,6.933378475196105,2459285.6140225925,0.25,6.0,0.0013396440326808865,1.3396440326808865,0.11974698050197065,6.460726083471029e-05,8.485391162660603,0.0013396266996668139,0.000903565830073394,2,72,2220,36,36.0,2292
13025,807594117,11.386272570267936,2459292.780689259,0.16666666666666666,4.0,0.0023285081033511826,2.3285081033511825,0.1473839544968238,0.00012741582470324485,8.484962921067446,0.0018813809134244715,0.0012689740411604422,2,47,2245,23,23.5,2292
13647,846429838,11.97540995748185,2459292.5515225925,0.20833333333333337,5.000000000000001,0.0014482746477254898,1.4482746477254897,0.13082314527827937,6.292498365733174e-05,8.483110851298681,0.0013224260980903087,0.0008919641832526026,2,60,2232,30,30.0,2292
2044,682588315,0.30637260346515754,2459283.0765225925,0.020833333333333332,0.5,0.0014198277931553348,1.419827793155335,0.08368665302072652,0.00015421718860955064,8.480060048682612,0.002071011264457913,0.0013968779606488013,51,153,2139,3,3.0,2292
4871,729517399,5.642660468196827,2459286.9140225924,0.16666666666666666,4.0,0.0008721715450410298,0.8721715450410298,0.11974698050197065,2.7384595343253253e-05,8.476913461481585,0.0008730325017360805,0.0005888523551437208,3,72,2220,24,24.0,2292
6149,727560077,2.855715465631904,2459283.5515225925,0.20833333333333337,5.000000000000001,0.0009260213471436595,0.9260213471436595,0.07764833995741317,7.717639818291822e-05,8.475023348226149,0.0014659405142022743,0.0009887633307718025,6,180,2111,30,30.0,2291
4098,729988738,3.9805946695588594,2459284.7973559257,0.16666666666666666,4.0,0.0009498096334336852,0.9498096334336852,0.09377493529654439,5.4128300385805884e-05,8.47324148332919,0.001227941308154338,0.0008282350655297033,5,120,2172,24,24.0,2292
13968,296200782,13.080694826110575,2459292.5390225924,0.25,6.0,0.001145597060706853,1.145597060706853,0.11974698050197065,4.7246134518006524e-05,8.473170601068658,0.0011472344721080337,0.0007737990503898784,2,72,2220,36,36.0,2292
18486,901154883,11.33850618978828,2459292.7515225927,0.125,3.0,0.0037457449901802014,3.7457449901802016,0.1679929475266774,0.0002525508995662814,8.47234947909518,0.0026526844763114523,0.0017892111670790856,2,36,2253,18,18.0,2289
1814,677709423,1.0904901288197273,2459283.597355926,0.08333333333333333,2.0,0.001319863657998365,1.319863657998365,0.08014481109357388,0.0001463313663592053,8.471906362926955,0.0020193079947555667,0.0013620045829998428,14,168,2124,12,12.0,2292
11207,815726631,3.225976752078601,2459283.7890225924,0.125,3.0,0.0016737536476089051,1.6737536476089052,0.11974698050197065,0.00010085224582382815,8.470836480905776,0.0016766078159026246,0.0011308564790925568,4,72,2220,18,18.0,2292
3863,729979894,11.925172095626811,2459292.6452725925,0.0625,1.5,0.0022395190208799936,2.2395190208799938,0.23663328018996466,4.513900900394957e-05,8.467992143190608,0.0011220457408198533,0.0007568094838930617,2,18,2274,9,9.0,2292
7022,725014044,11.33850618978828,2459292.5390225924,0.25,6.0,0.001579860737971403,1.579860737971403,0.11974698050197065,8.985455824980765e-05,8.465971204330224,0.001583464267743173,0.0010680320165541435,2,72,2220,36,36.0,2292
11281,815289760,0.6420652931722439,2459283.1515225926,0.041666666666666664,1.0,0.0012609690019833107,1.2609690019833106,0.0844601685689565,0.000119253211797209,8.465898472416164,0.001824219039709401,0.0012304188855452591,25,150,2142,6,6.0,2292
11143,812309272,7.447017834929425,2459285.3306892593,0.16666666666666666,4.0,0.001717457620322917,1.717457620322917,0.12056101149502675,0.00010471295405498663,8.462765023209588,0.0017100268172677534,0.0011533972867042719,3,71,2220,23,24.0,2291
4264,728943362,3.7216558075412167,2459285.9890225925,0.25,6.0,0.0007265762953716637,0.7265762953716637,0.08608132081163344,3.8009744135712795e-05,8.460303120129378,0.0010305677492471015,0.0006951084238817629,4,144,2148,36,36.0,2292
5054,725739002,6.455166100829971,2459286.3515225924,0.125,3.0,0.0014898384799849303,1.4898384799849302,0.14027614618914885,5.7710086107538995e-05,8.45571837116599,0.0012705458710787869,0.0008569714495337832,3,52,2239,16,18.0,2291
3462,729848371,5.690302934233069,2459283.2640225925,0.25,6.0,0.0008438101696191398,0.8438101696191398,0.09377493529654439,4.2720936141160885e-05,8.455577272622694,0.0010931811022508917,0.0007373405519026655,4,120,2172,12,36.0,2292
6260,728491827,6.933378475196105,2459285.634855926,0.20833333333333337,5.000000000000001,0.0014378667495794394,1.4378667495794395,0.13082314527827937,6.202382368638428e-05,8.451663723496157,0.0013178077494268615,0.0008888491497550666,2,60,2232,30,30.0,2292
5880,727584160,11.434240178939907,2459292.468189259,0.20833333333333337,5.000000000000001,0.0012307448114716483,1.2307448114716484,0.13082314527827937,4.544198372893149e-05,8.448436627874186,0.0011284109399682571,0.0007611027519008884,2,60,2232,30,30.0,2292
9101,736362218,11.33850618978828,2459292.780689259,0.16666666666666666,4.0,0.0034714149081427016,3.4714149081427017,0.1473839544968238,0.00028319195441517197,8.446351979401342,0.002817645019169102,0.0019004755289148134,2,47,2245,23,23.5,2292
13563,846229483,5.666431630140907,2459286.905689259,0.20833333333333337,5.000000000000001,0.001241339265637494,1.241339265637494,0.1099155208147294,6.625969641377762e-05,8.445588102407669,0.0013630438322843569,0.0009193604696373647,3,86,2205,26,30.0,2291
4910,734331699,12.862573686551338,2459292.49180062,0.25,6.0,0.0018081566530099343,1.8081566530099342,0.12056101149502675,0.00011606478210475511,8.44040577259408,0.0018051026434176283,0.0012175250528919657,2,71,2220,35,35.5,2291
6325,727541450,1.3120610875417364,2459283.8640225925,0.125,3.0,0.0009576448046111529,0.9576448046111529,0.07435092446850082,9.079127360807458e-05,8.438211143692083,0.0015969328832991887,0.0010771164732896188,11,198,2094,18,18.0,2292
2624,677570116,0.9983465344009117,2459283.8140225927,0.08333333333333333,2.0,0.0015399728839532352,1.5399728839532352,0.07612118041171508,0.00022292254943125694,8.437717671468478,0.0025024592188160892,0.0016878856190584712,16,188,2104,8,12.0,2292
2273,683663714,6.564631610631437,2459284.134855926,0.20833333333333337,5.000000000000001,0.0015444295778259715,1.5444295778259716,0.1075418231100453,0.00010733682243886689,8.436867402646993,0.0017366333682558763,0.0011713431594873036,3,90,2202,30,30.0,2292
14646,847419067,11.33850618978828,2459292.780689259,0.16666666666666666,4.0,0.0023020055102400978,2.3020055102400976,0.14738530191434637,0.00012453189017563065,8.433109455725825,0.0018714039879692002,0.001262244697132875,2,47,2243,23,23.5,2290
4945,733004520,5.738347658137348,2459286.6640225924,0.25,6.0,0.001018858876680169,1.0188588766801692,0.09857552798303805,5.6055964171858704e-05,8.413629731351898,0.0012584689817594712,0.0008488256992846832,3,108,2184,36,36.0,2292
4104,729158444,1.2164403991146802,2459283.497355926,0.08333333333333333,2.0,0.0006669041571878962,0.6669041571878962,0.08293624783087249,3.469137008021086e-05,8.410530855614361,0.0009903810349811163,0.0006680028564556295,13,156,2136,12,12.0,2292
11405,812457774,5.666431630140907,2459286.905689259,0.20833333333333337,5.000000000000001,0.001234856485335345,1.234856485335345,0.10991458562715484,6.556943319311473e-05,8.405866818447503,0.001362332783640711,0.0009188808738976872,3,86,2206,26,30.0,2292
4424,732387014,12.025859459281675,2459292.572355926,0.20833333333333337,5.000000000000001,0.0018260318873653588,1.8260318873653587,0.13082314527827937,0.00010003177361025282,8.398947253244044,0.0016840660802288385,0.001135887009462322,2,60,2232,30,30.0,2292
4236,729951858,6.991918812751892,2459285.593189259,0.20833333333333337,5.000000000000001,0.0012297651544476158,1.2297651544476158,0.13082314527827937,4.5369670052807054e-05,8.395215642385251,0.0011346605413863039,0.0007653180503077728,2,60,2232,30,30.0,2292
11818,816023191,11.33850618978828,2459292.5390225924,0.25,6.0,0.0018105236432541963,1.8105236432541962,0.11974782810718432,0.00011800785106016814,8.395133991034445,0.0018299651398214778,0.0012342945769738822,2,72,2219,36,36.0,2291
14403,872073581,1.3683947533067393,2459283.4515225925,0.125,3.0,0.0013700652101350484,1.3700652101350483,0.07435092446850082,0.00018583078932221707,8.382407741389445,0.002299879337248051,0.0015512473608849664,11,198,2094,18,18.0,2292
8152,731088149,1.1043301826230578,2459283.0890225926,0.08333333333333333,2.0,0.0018780706115710103,1.8780706115710104,0.08014619461643462,0.00029628053465192354,8.366261451316769,0.0029096123083689534,0.001962506615654225,14,168,2123,12,12.0,2291
14913,847111825,6.009937224453315,2459286.7306892592,0.16666666666666666,4.0,0.0016477482843883662,1.6477482843883662,0.12139344188716769,9.502760430466815e-05,8.36551969217646,0.0016479611238344666,0.0011115345500030127,3,70,2219,22,24.0,2289
16124,940899824,11.33850618978828,2459292.780689259,0.16666666666666666,4.0,0.0029936084797440093,2.9936084797440095,0.14738462790689816,0.0002105997556548881,8.364011946020852,0.002453744193385616,0.0016550277845579497,2,47,2244,23,23.5,2291
13174,809986455,11.196405993501577,2459292.5390225924,0.25,6.0,0.0011998478668014854,1.1998478668014854,0.11974698050197065,5.18268565248507e-05,8.362637402295316,0.0012174444814857218,0.0008211550529378941,2,72,2220,36,36.0,2292
9776,765202526,5.666431630140907,2459286.9306892594,0.16666666666666666,4.0,0.0017879750022920275,1.7879750022920275,0.1197495255934974,0.00011508676591756233,8.350694580240239,0.0018167915062361484,0.0012254090828518471,3,72,2217,24,24.0,2289
1415,679156486,1.7462402726850375,2459283.3306892593,0.16666666666666666,4.0,0.0008396677708377795,0.8396677708377794,0.07134579624420033,7.64970532441299e-05,8.349712644469061,0.0014813777635401548,0.0009991756128019391,10,217,2075,5,24.0,2292
5285,730451586,11.290940193331583,2459292.572355926,0.20833333333333337,5.000000000000001,0.0012582922639958138,1.2582922639958138,0.13082314527827937,4.749898264895132e-05,8.34525589628088,0.0011679318270609897,0.0007877592250512544,2,60,2232,30,30.0,2292
11800,815026154,11.33850618978828,2459292.780689259,0.16666666666666666,4.0,0.0023051771037189157,2.3051771037189157,0.14738462790689816,0.00012487527476848332,8.344967279224216,0.0018937759115238734,0.0012773343528422187,2,47,2244,23,23.5,2291
12604,807511994,11.33850618978828,2459292.780689259,0.16666666666666666,4.0,0.002243022629245848,2.243022629245848,0.14738530191434637,0.0001182320371097605,8.34103957467989,0.0018435817585223595,0.0012434788604629432,2,47,2243,23,23.5,2290
11637,814876055,13.246709644029433,2459292.4640225926,0.25,6.0,0.0011683458364766702,1.1683458364766701,0.12056101149502675,4.845863577323914e-05,8.333049183123567,0.0011813991239794002,0.0007968427923778498,2,71,2220,35,35.5,2291
11473,808176254,5.666431630140907,2459286.9265225925,0.20833333333333337,5.000000000000001,0.0012872490772598256,1.2872490772598255,0.10812357382297597,7.373695331732912e-05,8.33125088284898,0.001457630273999588,0.0009831581505460596,3,89,2199,29,30.0,2288
4615,729682120,10.25033865593638,2459290.3306892593,0.16666666666666666,4.0,0.0014812129091327294,1.4812129091327293,0.1458737975410098,5.265580037235464e-05,8.330927651566453,0.001231812889390485,0.0008308464112980474,2,48,2243,24,24.0,2291
20911,902393803,13.19113857201659,2459292.7973559257,0.16666666666666666,4.0,0.002838518646640328,2.838518646640328,0.17802601610817312,0.00012891500971719743,8.327714087183843,0.0019281505225091937,0.00130051971031242,2,32,2256,12,16.0,2288
17807,940762869,0.7469742585796195,2459283.0265225926,0.0625,1.5,0.0016562018786306335,1.6562018786306334,0.07435245884961565,0.0002715574616151843,8.327472530317388,0.002798547349641831,0.001887594327291131,22,198,2093,9,9.0,2291
380,684819028,12.025859459281675,2459292.1140225925,0.20833333333333337,5.000000000000001,0.0033997085555034917,3.3997085555034916,0.1308277606815907,0.0003467405478709091,8.319331186482364,0.003165402199354264,0.0021350345334913423,2,60,2226,30,30.0,2286
11041,812622283,2.413712583301578,2459285.2390225925,0.20833333333333337,5.000000000000001,0.0003861561412051028,0.38615614120510283,0.07593758269472299,1.4091515429394245e-05,8.316569247643432,0.000634950020069533,0.0004282679212663787,7,187,2105,7,30.0,2292
10901,815463517,2.3935036030240293,2459284.572355926,0.20833333333333337,5.000000000000001,0.0010538878442244064,1.0538878442244064,0.07764689564973222,9.996116293835701e-05,8.31374939384079,0.001700723523438655,0.0011471223009838494,6,180,2112,30,30.0,2292
17948,940771605,12.542192695400537,2459292.5390225924,0.25,6.0,0.001893748377392045,1.893748377392045,0.11974698050197065,0.0001291061850075001,8.310817011950327,0.0019335027845124302,0.0013041297615759007,2,72,2220,36,36.0,2292
13831,872367558,5.666431630140907,2459286.8890225925,0.25,6.0,0.0012716014210848844,1.2716014210848845,0.10036146176002758,8.408244905346508e-05,8.30989521849905,0.0015605300161162029,0.001052563075756241,3,104,2188,32,36.0,2292
14682,856464333,12.127396952822997,2459292.4806892592,0.16666666666666666,4.0,0.001614753504859877,1.6147535048598771,0.1458731165496484,6.257829315497417e-05,8.305170779906819,0.0013470331610200093,0.0009085614198165448,2,48,2244,24,24.0,2292
14064,855696542,5.666431630140907,2459286.8556892592,0.08333333333333333,2.0,0.0021336827735040555,2.1336827735040553,0.17278493713909857,7.73942370251153e-05,8.302988093551926,0.0014984245997924773,0.0010106735463324412,3,34,2258,10,12.0,2292
1371,677501258,11.33850618978828,2459292.8015225925,0.20833333333333337,5.000000000000001,0.0019166995254437961,1.9166995254437962,0.1389804018635737,9.735403237716654e-05,8.296365519744816,0.0016819151876509722,0.0011344362522939244,2,53,2234,23,26.5,2287
8769,736281222,5.959618597588408,2459286.6765225925,0.0625,1.5,0.002600835175143089,2.600835175143089,0.19359374509727786,9.131863871153135e-05,8.29514452586693,0.0016291863214966712,0.0010988711193151701,3,27,2265,9,9.0,2292
9005,737367519,2.681198183031806,2459284.2890225924,0.25,6.0,0.0007634924438901681,0.763492443890168,0.06689530448178806,7.315654934061137e-05,8.2873358576446,0.0014595758345373033,0.000984470413150751,7,251,2037,35,36.0,2288
12312,810483648,13.025820200358702,2459292.5390225924,0.25,6.0,0.0013622988791834332,1.3622988791834332,0.11974698050197065,6.681089650407977e-05,8.286431365036417,0.0013949900501746884,0.0009409078984046193,2,72,2220,36,36.0,2292
13692,872127256,11.386272570267936,2459292.780689259,0.16666666666666666,4.0,0.002641957244953214,2.641957244953214,0.1473839544968238,0.00016402854497777822,8.278823345630581,0.0021877923449092258,0.0014756457202949047,2,47,2245,23,23.5,2292
3736,725917250,11.33850618978828,2459292.780689259,0.16666666666666666,4.0,0.0020312431924951273,2.0312431924951273,0.14739003675993192,9.695979931585823e-05,8.277991158210693,0.0016822320139047542,0.00113464994867446,2,47,2236,23,23.5,2283
4819,732439284,5.984725027366823,2459286.9265225925,0.20833333333333337,5.000000000000001,0.0012681834166662924,1.2681834166662924,0.12490458534131138,5.30735428841439e-05,8.277827383534795,0.0012446225686721098,0.0008394864216053621,3,66,2224,7,29.0,2290
12378,809483963,11.33850618978828,2459292.8140225927,0.25,6.0,0.0018828378960088104,1.8828378960088104,0.13082544989436423,0.00010635235627940652,8.275750446074852,0.0017623053914848266,0.0011886587019322992,2,60,2229,24,30.0,2289
19865,902410220,11.33850618978828,2459292.7640225925,0.16666666666666666,4.0,0.0027057543031374625,2.7057543031374625,0.1458737975410098,0.0001757065523747255,8.274785579536948,0.002265438242857508,0.0015280171609722837,2,48,2243,24,24.0,2291
6443,724582921,0.6612403332665958,2459283.0015225927,0.0625,1.5,0.0015427099325835728,1.542709932583573,0.07149515606300194,0.00025703502509793726,8.272976261344473,0.002740623473278823,0.0018485252079312176,24,216,2075,9,9.0,2291
12514,805644436,0.5683722880135577,2459283.343189259,0.041666666666666664,1.0,0.001634242420828702,1.6342424208287019,0.08150044830703666,0.00021633061149292055,8.271485314278632,0.0025147249098980656,0.0016961587143518586,27,162,2130,6,6.0,2292
4912,729649060,4.168991756035848,2459284.1390225925,0.25,6.0,0.0007222827950331565,0.7222827950331565,0.07764689564973222,4.6952319240081785e-05,8.269268101808118,0.0011718619414355727,0.0007904100508805967,5,180,2112,36,36.0,2292
8969,736007393,13.025820200358702,2459292.4890225925,0.25,6.0,0.0021200975936414516,2.1200975936414514,0.11974698050197065,0.00016181329703631383,8.268534779323705,0.0021756726074223776,0.0014674710693527437,2,72,2220,36,36.0,2292
3723,729030785,6.991918812751892,2459285.5390225924,0.25,6.0,0.00079474475570397,0.79474475570397,0.11974698050197065,2.2738292161882667e-05,8.26418675304393,0.0008160068345944399,0.0005503890696036962,2,72,2220,36,36.0,2292
517,684929543,11.33850618978828,2459292.8015225925,0.20833333333333337,5.000000000000001,0.0024229933937049797,2.4229933937049797,0.1389804018635737,0.00015557877012735633,8.263621241305763,0.0021346160057531486,0.0014397787709113374,2,53,2234,23,26.5,2287
14078,871984034,0.7407201634715667,2459283.2327725925,0.0625,1.5,0.0012789016293562512,1.2789016293562512,0.0753957811122334,0.0001570165802467271,8.26013835562173,0.0021453612562506944,0.0014470263430801933,22,192,2100,3,9.0,2292
9008,737265162,0.6809880287692527,2459283.5077725924,0.0625,1.5,0.0019642125143627593,1.9642125143627593,0.07368305769377247,0.00038967121095950655,8.254652645017357,0.0033819357724302087,0.0022810844276475173,23,202,2089,5,9.0,2291
20834,901405122,5.666431630140907,2459287.1473559258,0.08333333333333333,2.0,0.0007529471433163986,0.7529471433163986,0.1679929475266774,1.0204729211309855e-05,8.253201021542253,0.0005473855353948697,0.00036920648549498836,3,36,2253,12,12.0,2289
14266,855746896,5.666431630140907,2459286.9265225925,0.20833333333333337,5.000000000000001,0.0017131208274343201,1.7131208274343201,0.10812740596991782,0.00013059784213782162,8.251651410596185,0.001958583652987941,0.0013210465756022804,3,89,2195,29,30.0,2284
7942,731814186,11.33850618978828,2459292.8015225925,0.20833333333333337,5.000000000000001,0.0026007335954903957,2.6007335954903956,0.13897680557277214,0.00017924110371987865,8.248590794826205,0.0022953770939624645,0.0015482106393919226,2,53,2239,23,26.5,2292
2106,683025605,3.028832217449949,2459285.6640225924,0.125,3.0,0.0019657188852899433,1.9657188852899434,0.1075418231100453,0.00017388228311934919,8.24450143156072,0.0022619253457804543,0.0015256477443548189,5,90,2202,18,18.0,2292
13370,358817158,5.595416892096017,2459286.9390225927,0.25,6.0,0.0013896326864361482,1.3896326864361481,0.09945771826271907,0.00010234718717022255,8.241020091350844,0.0017360889808275617,0.0011709759751973303,3,106,2184,34,36.0,2290
14162,859685310,2.1547194091650743,2459284.1765225925,0.20833333333333337,5.000000000000001,0.00102049742378095,1.02049742378095,0.06925158280350054,0.00012080413906545248,8.235069966464637,0.0018875071775427486,0.0012731061496983331,8,232,2060,23,30.0,2292
4691,732392911,11.97540995748185,2459292.5140225925,0.25,6.0,0.00200309312890465,2.00309312890465,0.11974782810718432,0.00014444575499034074,8.234213703023073,0.002064169018508683,0.00139226292898198,2,72,2219,36,36.0,2291
20108,901175347,13.025820200358702,2459292.5390225924,0.25,6.0,0.0015828575571925677,1.5828575571925676,0.11974698050197065,9.019576966901842e-05,8.224903095922766,0.0016329665640409602,0.0011014208579798734,2,72,2220,36,36.0,2292
13044,816235680,1.4271471188782192,2459283.1265225927,0.125,3.0,0.0013160093468479951,1.3160093468479952,0.07224870030442151,0.00018271340340458075,8.218212656329772,0.0023260702485061093,0.0015689128885107984,12,211,2081,13,18.0,2292
12912,816347075,11.33850618978828,2459292.509855926,0.20833333333333337,5.000000000000001,0.0019316785076795321,1.9316785076795322,0.13082314527827937,0.00011194145571093072,8.211514887761862,0.0018221628512467448,0.001229032005427455,2,60,2232,30,30.0,2292
13349,810046319,5.666431630140907,2459286.905689259,0.20833333333333337,5.000000000000001,0.0012900621063892488,1.2900621063892488,0.10991458562715484,7.156319024868301e-05,8.206920711374735,0.0014577384418455626,0.000983231108758642,3,86,2206,26,30.0,2292
12396,807222545,5.618989028296012,2459286.9140225924,0.25,6.0,0.0011782765166450607,1.1782765166450608,0.10036146176002758,7.219344858321534e-05,8.203668527077575,0.0014647239661014365,0.0009879427803193286,3,104,2188,32,36.0,2292
12386,810572498,11.33850618978828,2459292.7973559257,0.16666666666666666,4.0,0.0014056482846963308,1.4056482846963307,0.1522238896655974,4.346863620593421e-05,8.20241397857909,0.0011367404668234018,0.0007667209407954956,2,44,2248,20,22.0,2292
15891,942115318,11.33850618978828,2459292.8015225925,0.20833333333333337,5.000000000000001,0.0031803571793614094,3.180357179361409,0.13898112304315582,0.000268038802390365,8.201518808326497,0.0028230563501734723,0.0019041254216737302,2,53,2233,23,26.5,2286
21630,398243520,11.33850618978828,2459292.5390225924,0.25,6.0,0.0013300915073332607,1.3300915073332606,0.11974698050197065,6.368916304368236e-05,8.19982649803465,0.0013763950610312205,0.0009283657500547826,2,72,2220,36,36.0,2292
15297,936569959,11.243573740269838,2459292.6390225925,0.041666666666666664,1.0,0.0019118957931025206,1.9118957931025204,0.2894338090558209,2.1932073142098697e-05,8.198459626096536,0.0008078348381176176,0.0005448771334936042,2,12,2280,6,6.0,2292
12711,814693590,11.243573740269838,2459292.572355926,0.20833333333333337,5.000000000000001,0.0017443776812261919,1.744377681226192,0.13082314527827937,9.128560484280197e-05,8.198182456868897,0.001648156952941305,0.0011116666349260118,2,60,2232,30,30.0,2292
1943,679232526,0.66682335926949,2459282.8952725925,0.0625,1.5,0.0009741702848413507,0.9741702848413507,0.07194328434087267,0.00010106932472192905,8.196514989729952,0.0017305078398326447,0.0011672115471689226,24,212,2080,5,9.0,2292
4344,729499178,5.666431630140907,2459286.9306892594,0.16666666666666666,4.0,0.0007172836490527314,0.7172836490527313,0.11974698050197065,1.852184999514247e-05,8.19464126149833,0.000742723615730333,0.0005009602156551551,3,72,2220,24,24.0,2292
7724,731827166,10.121875954533486,2459292.5390225924,0.25,6.0,0.0013581411333975087,1.3581411333975086,0.11974698050197065,6.64037041761457e-05,8.192907471484618,0.0014066080573856238,0.0009487441369119276,2,72,2220,36,36.0,2292
3376,729065857,2.625428794259074,2459285.4390225927,0.25,6.0,0.0006694233374706822,0.6694233374706822,0.07630631012773782,4.1899931044161174e-05,8.192825188555126,0.0011203303079278984,0.000755652440258936,6,188,2104,8,36.0,2292
7739,727810416,5.959618597588408,2459286.905689259,0.20833333333333337,5.000000000000001,0.001674605480572764,1.674605480572764,0.12224239883787809,9.674847128696964e-05,8.191761332405383,0.0016980863188569685,0.0011453435308626525,3,69,2220,13,26.0,2289
4639,729685075,11.33850618978828,2459292.5390225924,0.25,6.0,0.001028824952247901,1.028824952247901,0.11974698050197065,3.810530816524425e-05,8.18885479422909,0.0010660671637276041,0.0007190524509156915,2,72,2220,36,36.0,2292
11449,809203240,11.33850618978828,2459292.780689259,0.16666666666666666,4.0,0.001783083577495908,1.783083577495908,0.1473839544968238,7.471559554188674e-05,8.182052646494304,0.0014940267019910923,0.0010077072049042846,2,47,2245,23,23.5,2292
2464,678349401,4.459054576697939,2459287.322355926,0.20833333333333337,5.000000000000001,0.0009649340528253848,0.9649340528253848,0.08965891221022336,6.145244993593349e-05,8.179428629589493,0.0013553817429693632,0.0009141924611961172,5,132,2160,12,30.0,2292
5643,732340757,1.002552326558585,2459283.7390225925,0.08333333333333333,2.0,0.0012474687970758618,1.2474687970758618,0.07557490271902442,0.00014861503716923923,8.176021795184049,0.002108649195519247,0.0014222643973554883,16,191,2101,11,12.0,2292
3961,729018594,11.434240178939907,2459292.4640225926,0.25,6.0,0.0008639762622500208,0.8639762622500208,0.11974698050197065,2.68723793423346e-05,8.175588697526337,0.0008967038285661928,0.000604818446355182,2,72,2220,36,36.0,2292
6851,728056819,1.8443296497471602,2459284.597355926,0.16666666666666666,4.0,0.0006279834868764348,0.6279834868764348,0.0753957811122334,3.78588729397906e-05,8.174766757590946,0.0010644455924805239,0.0007179587160937029,8,192,2100,24,24.0,2292
13362,810156886,5.666431630140907,2459286.905689259,0.20833333333333337,5.000000000000001,0.0013252626486628082,1.325262648662808,0.10991645684296394,7.552180678145274e-05,8.16757668316464,0.0015047278632059468,0.0010149250392593734,3,86,2204,26,30.0,2290
14086,855633091,5.618989028296012,2459286.9390225927,0.25,6.0,0.001138248876169238,1.138248876169238,0.09945666477436846,6.866735671732827e-05,8.165580615113704,0.0014351691557293385,0.0009680083338252654,3,106,2185,34,36.0,2291
13622,857268581,11.33850618978828,2459292.572355926,0.20833333333333337,5.000000000000001,0.00149119233347637,1.49119233347637,0.13082391279948533,6.670963726256104e-05,8.163606245258674,0.0014149048594548324,0.0009543402532408152,2,60,2231,30,30.0,2291
13528,805575161,0.5336381597703652,2459283.197355926,0.041666666666666664,1.0,0.001611817176662378,1.6118171766623781,0.07764689564973222,0.00023381591498854918,8.163171688255781,0.002649067969135627,0.0017867718664074106,30,180,2112,6,6.0,2292
4552,725339204,1.7389146464312113,2459283.880689259,0.16666666666666666,4.0,0.0014684251592782165,1.4684251592782165,0.07149353256085755,0.00023287742442733558,8.160934959944523,0.0026444707990084483,0.001783671117636887,9,216,2076,24,24.0,2292
13793,855923936,1.8443296497471602,2459283.097355926,0.16666666666666666,4.0,0.0005229252687645551,0.5229252687645551,0.07224870030442151,2.8849063273166875e-05,8.154207858284275,0.0009315347878479403,0.0006283116065344263,9,211,2081,20,24.0,2292
2015,682651915,13.080694826110575,2459292.4890225925,0.25,6.0,0.001156303113534372,1.156303113534372,0.11974698050197065,4.813332805329418e-05,8.15392784412968,0.0012032921384398788,0.0008116094283285302,2,72,2220,36,36.0,2292
14820,856785690,11.33850618978828,2459292.7640225925,0.16666666666666666,4.0,0.0018303665248431754,1.8303665248431753,0.14587447913667345,8.040579876639557e-05,8.140841984057216,0.001557719864215647,0.0010506676542665905,2,48,2242,24,24.0,2290
9434,737487040,11.386272570267936,2459292.7640225925,0.16666666666666666,4.0,0.002603805035997049,2.603805035997049,0.1458737975410098,0.00016271521597160623,8.133354328145854,0.0022179890035007076,0.0014960130874819288,2,48,2243,24,24.0,2291
9152,736597476,11.33850618978828,2459292.593189259,0.20833333333333337,5.000000000000001,0.002205403373610153,2.205403373610153,0.13082314527827937,0.00014591412120993133,8.129646721685463,0.0021013189945579655,0.0014173202445419975,2,60,2232,30,30.0,2292
18948,901334695,11.33850618978828,2459292.8015225925,0.20833333333333337,5.000000000000001,0.0027156206139386475,2.7156206139386474,0.13897752355282994,0.00019542677594948572,8.128676397082792,0.0024321323080549514,0.0016404507676075486,2,53,2238,23,26.5,2291
6473,728287956,1.0281617806519798,2459283.7890225924,0.08333333333333333,2.0,0.0005005419647033916,0.5005419647033915,0.07764689564973222,2.2548803258621817e-05,8.123955031354596,0.0008266263323824381,0.0005575518227319831,15,180,2112,12,12.0,2292
12170,809367774,11.290940193331583,2459292.847355926,0.16666666666666666,4.0,0.0021136530200519957,2.113653020051996,0.16574460482428913,8.264928814973606e-05,8.122359260556646,0.0015828959271548938,0.0010676486760791137,2,37,2251,13,18.5,2288
1927,677517837,0.9063363987733828,2459282.997355926,0.08333333333333333,2.0,0.0012717240826318084,1.2717240826318084,0.07149353256085755,0.00017466647137333717,8.122141046350915,0.0023011728643568615,0.0015521198329669916,18,216,2076,12,12.0,2292
1965,679024146,1.0324931772210884,2459283.405689259,0.08333333333333333,2.0,0.0009441509271037399,0.9441509271037398,0.07764689564973222,8.022788758357664e-05,8.11838310239431,0.0015603000947817585,0.0010524079959407517,15,180,2112,12,12.0,2292
15108,874610835,11.33850618978828,2459292.5140225925,0.25,6.0,0.0019126255689160898,1.9126255689160898,0.11974698050197065,0.00013169291640737746,8.10859167848934,0.002001477785454317,0.001349978271586616,2,72,2220,36,36.0,2292
5033,725774359,3.4215391683912486,2459285.6890225927,0.25,6.0,0.0009689630715393401,0.9689630715393401,0.08608132081163344,6.760003924850056e-05,8.103023887069357,0.0014349651464099842,0.0009678707314245139,4,144,2148,36,36.0,2292
3726,725621289,1.045597157483411,2459283.5473559257,0.08333333333333333,2.0,0.0013134052202454954,1.3134052202454953,0.07764689564973222,0.00015525299453113064,8.100711165621615,0.0021752633523849244,0.001467195030611712,15,180,2112,12,12.0,2292
6025,726803513,1.7535967600280613,2459282.9104258325,0.16666666666666666,4.0,0.0009041760665446609,0.9041760665446609,0.06925328500667415,9.48339856802123e-05,8.095909356856799,0.0017011059454919842,0.00114738024112504,10,232,2059,16,24.0,2291
2729,678774959,1.339931904318293,2459283.5515225925,0.125,3.0,0.0010035714971141421,1.003571497114142,0.07435092446850082,9.970841923217215e-05,8.094907271022292,0.0017444922129093046,0.0011766438775862031,11,198,2094,18,18.0,2292
17896,901285994,11.33850618978828,2459292.8015225925,0.20833333333333337,5.000000000000001,0.0033762624902224287,3.3762624902224285,0.13897968132560518,0.00030207743267639833,8.092311215763983,0.003037397016564773,0.002048696220534718,2,53,2235,23,26.5,2288
3860,729980026,11.33850618978828,2459292.5390225924,0.25,6.0,0.0011643716865954441,1.164371686595444,0.11974698050197065,4.880741128362429e-05,8.091687245610371,0.0012210088063300823,0.0008235591571091883,2,72,2220,36,36.0,2292
12043,814354945,11.290940193331583,2459292.5390225924,0.25,6.0,0.00131524601179469,1.31524601179469,0.11974698050197065,6.227539457550615e-05,8.085659626465366,0.001380250097332099,0.0009309659364171718,2,72,2220,36,36.0,2292
2625,678226384,0.6696325245826665,2459283.4390225927,0.0625,1.5,0.0009985362057798,0.9985362057798001,0.07194650325238633,0.0001061884400279572,8.082773903209452,0.0018029894588812922,0.0012160997294491382,24,213,2077,6,9.0,2290
10375,817590957,11.33850618978828,2459292.780689259,0.16666666666666666,4.0,0.0019632546345095857,1.9632546345095858,0.14738462790689816,9.057766585819913e-05,8.08028834798518,0.0016657073469649646,0.0011235042135201434,2,47,2244,23,23.5,2291
16125,939615581,0.4491503726689813,2459283.059855926,0.041666666666666664,1.0,0.001214926941741001,1.214926941741001,0.07149515606300194,0.0001594131271669593,8.078662559174765,0.002210230512954742,0.0014907800573011887,36,216,2075,6,6.0,2291
15404,941715871,11.290940193331583,2459292.572355926,0.20833333333333337,5.000000000000001,0.0019009576182356463,1.9009576182356462,0.13082314527827937,0.00010840919598984424,8.073046171799232,0.0018239403170988997,0.0012302308897200187,2,60,2232,30,30.0,2292
16889,940912081,11.33850618978828,2459292.780689259,0.16666666666666666,4.0,0.0038337772457990517,3.8337772457990518,0.14738462790689816,0.00034539942730455424,8.069960985553829,0.003256899588377793,0.002196748676903948,2,47,2244,23,23.5,2291
2759,678879536,0.854533590910288,2459283.5140225925,0.08333333333333333,2.0,0.0008021273410883389,0.8021273410883389,0.07149353256085755,6.948809330271642e-05,8.060892508458005,0.0014624703348967126,0.0009864227268964743,18,216,2076,12,12.0,2292
4550,730600512,11.434240178939907,2459292.4890225925,0.20833333333333337,5.000000000000001,0.0019009452590700877,1.9009452590700877,0.13082314527827937,0.0001084077863394313,8.060287733418344,0.001826815511785223,0.00123217018196764,2,60,2232,30,30.0,2292
9028,735195791,5.666431630140907,2459286.780689259,0.20833333333333337,5.000000000000001,0.0009639106380485034,0.9639106380485034,0.10991458562715484,3.995231988015213e-05,8.059326656188837,0.0011091422276757283,0.0007481061835125646,3,86,2206,26,30.0,2292
9796,764880929,8.591269963855224,2459286.9306892594,0.16666666666666666,4.0,0.00132006696643152,1.32006696643152,0.1458731165496484,4.182184310072918e-05,8.054561849607206,0.0011354673775901111,0.000765862253871652,2,48,2244,24,24.0,2292
12849,814741641,5.456046245639317,2459283.780689259,0.16666666666666666,4.0,0.0017835103264431998,1.7835103264431997,0.10426907534288267,0.0001526836360574174,8.050856852832224,0.002170546728443508,0.0014640137113473006,4,96,2196,24,24.0,2292
9847,764705319,1.2422800401231995,2459283.722355926,0.08333333333333333,2.0,0.002005206809266677,2.005206809266677,0.08608258029252716,0.0002895015130509202,8.050651730527996,0.0029888861817181107,0.0020159761106961493,12,144,2147,12,12.0,2291
15346,942588965,11.33850618978828,2459292.8015225925,0.20833333333333337,5.000000000000001,0.003366207737108953,3.3662077371089527,0.13897680557277214,0.0003002808950283627,8.043195109462737,0.003046844183534476,0.0020550682473590154,2,53,2239,23,26.5,2292
18047,940980830,11.386272570267936,2459292.747355926,0.16666666666666666,4.0,0.0019210153183850003,1.9210153183850003,0.1458737975410098,8.856719648327577e-05,8.041606309023196,0.0016550405507056393,0.001116309558010009,2,48,2243,24,24.0,2291
3776,730578476,2.4340921933134387,2459284.1140225925,0.20833333333333337,5.000000000000001,0.0010246571925806008,1.0246571925806007,0.07575699123834057,9.974262441918004e-05,8.03560494195199,0.0017576678792374718,0.0011855307427744988,7,190,2101,10,30.0,2291
2025,677158525,11.290940193331583,2459292.5390225924,0.25,6.0,0.0013902615213493583,1.3902615213493583,0.11974698050197065,6.958177551880676e-05,8.034601755285493,0.0014682445442508573,0.000990317377749128,2,72,2220,36,36.0,2292
10674,811292781,11.33850618978828,2459292.8015225925,0.20833333333333337,5.000000000000001,0.0018505556548111769,1.8505556548111768,0.13898112304315582,9.075074013617102e-05,8.03287847920526,0.0016771383456292148,0.0011312143164907695,2,53,2233,23,26.5,2286
7303,727148858,1.0324931772210884,2459283.7890225924,0.08333333333333333,2.0,0.001163582099515428,1.163582099515428,0.07764689564973222,0.00012185309720814583,8.031190980646615,0.001943807844830212,0.0013110804295360934,15,180,2112,12,12.0,2292
837,675213618,13.135800625370544,2459292.7202725927,0.0625,1.5,0.0021809203024436273,2.1809203024436274,0.23663903615350904,4.280772029049723e-05,8.030092559771697,0.0011522732946897558,0.000777197689659892,2,18,2260,9,9.0,2278
2407,678365020,7.734175171956039,2459286.6765225925,0.125,3.0,0.002390695810227771,2.390695810227771,0.16799119080810546,0.00010287767622673114,8.028656894546472,0.0017866219779686962,0.0012050600148176827,2,36,2256,18,18.0,2292
9673,764868586,11.33850618978828,2459292.8015225925,0.20833333333333337,5.000000000000001,0.0024860105113084082,2.4860105113084083,0.1389782421710869,0.00016377657895190118,8.026781173270237,0.002254755588516695,0.0015208118093327228,2,53,2237,23,26.5,2290
7598,734388604,12.75488087351786,2459292.54180062,0.25,6.0,0.0024819519268886236,2.4819519268886236,0.12056185337722872,0.0002186830305422084,8.02403358888644,0.0026063323930688473,0.0017579471152494586,2,71,2219,35,35.5,2290
2321,685284576,11.33850618978828,2459292.5390225924,0.25,6.0,0.0023598112032084118,2.3598112032084115,0.11974698050197065,0.00020047352093236555,8.022020986260777,0.0024960869690565683,0.0016835875954785973,2,72,2220,36,36.0,2292
2791,678773991,1.989306806806073,2459283.630689259,0.16666666666666666,4.0,0.0010308631182003125,1.0308631182003125,0.07539728559387644,0.00010201716177270447,8.018224618999472,0.0017814490176700697,0.0012015709008971198,8,192,2099,24,24.0,2291
17519,902780948,13.135800625370544,2459292.5140225925,0.25,6.0,0.0018116881807414328,1.8116881807414327,0.11974698050197065,0.0001181597063125753,8.015446446946276,0.0019178824383300722,0.0012935939824160747,2,72,2220,36,36.0,2292
2608,678907858,0.6809880287692527,2459283.4140225924,0.0625,1.5,0.0008726569548749338,0.8726569548749338,0.07351738784793083,7.72953113304966e-05,8.015173620286927,0.0015512387288565226,0.001046296188355944,23,203,2089,5,9.0,2292
5890,727625016,3.881446015745025,2459283.8015225925,0.125,3.0,0.0011258851775752517,1.1258851775752516,0.11974698050197065,4.563422759101161e-05,8.010148369307108,0.0011926686106610727,0.0008044439570086825,4,72,2220,18,18.0,2292
7612,734408135,2.4649846938757185,2459283.1279117935,0.20833333333333337,5.000000000000001,0.0021831974142540135,2.1831974142540136,0.07256666554980354,0.0004980836742337654,8.009474217017884,0.00394059810034131,0.0026578970054912388,7,209,2078,29,30.0,2287
12181,814513868,11.33850618978828,2459292.8015225925,0.20833333333333337,5.000000000000001,0.0016634295741038935,1.6634295741038934,0.13897752355282994,7.33254456220917e-05,8.004695981730354,0.0015128557187174597,0.0010204072026962496,2,53,2238,23,26.5,2291
14353,872281616,11.33850618978828,2459292.780689259,0.20833333333333337,5.000000000000001,0.0023348431906087164,2.3348431906087166,0.1352973479069103,0.00015264179629249295,8.002536977946612,0.0021833534278379745,0.001472651711748263,2,56,2231,26,28.0,2287
7260,727041637,2.8677459032565604,2459283.8140225927,0.25,6.0,0.0006486458921144752,0.6486458921144752,0.07164235088404161,4.522971053587571e-05,8.000431648634187,0.0011888128281922034,0.0008018432673628784,6,215,2077,35,36.0,2292
14972,855078593,1.0238485546593485,2459283.3890225925,0.08333333333333333,2.0,0.0009487855082388302,0.9487855082388302,0.0753957811122334,8.641861830182548e-05,7.998248285795176,0.0016437046183457747,0.0011086635763832287,16,192,2100,12,12.0,2292
4351,730621522,2.1729122717070197,2459283.218189259,0.20833333333333337,5.000000000000001,0.0012187337856882363,1.2187337856882363,0.0682202030293411,0.00017823744484535758,7.994286681228916,0.002361754509762094,0.0015929815929867086,8,240,2052,30,30.0,2292
11474,815511269,0.6028276689884702,2459283.0556892594,0.041666666666666664,1.0,0.0011594322418833234,1.1594322418833234,0.08150044830703666,0.00010888693300500573,7.993554079817914,0.001846132904432981,0.001245199584805734,27,162,2130,6,6.0,2292
13939,871962722,11.33850618978828,2459292.780689259,0.20833333333333337,5.000000000000001,0.0017765439592992724,1.7765439592992724,0.13529586427965115,8.837103630103658e-05,7.9922317839670285,0.0016634199327340655,0.0011219613737583067,2,56,2233,26,28.0,2289
9416,736235629,11.33850618978828,2459292.8015225925,0.20833333333333337,5.000000000000001,0.003241169754424192,3.2411697544241918,0.13897680557277214,0.00027838730649034564,7.991445604621317,0.0029526662821023593,0.001991546123096155,2,53,2239,23,26.5,2292
11621,806054842,12.916760594277575,2459292.572355926,0.20833333333333337,5.000000000000001,0.0018370229325360618,1.8370229325360619,0.13082314527827937,0.00010123959763990177,7.99011996777184,0.0017808892114287822,0.001201193316760274,2,60,2232,30,30.0,2292
12648,805030257,1.345576712910111,2459284.0765225925,0.125,3.0,0.0009920810228534246,0.9920810228534246,0.0720970291556868,0.0001043278241260251,7.9900188941822385,0.0018078702844374064,0.0012193918011853544,12,212,2079,14,18.0,2291
4570,728678831,11.33850618978828,2459292.780689259,0.16666666666666666,4.0,0.0015073749443111578,1.507374944311158,0.1473873275288938,5.339621173432105e-05,7.989689858385359,0.0012934221671508624,0.0008724012998454489,2,47,2240,23,23.5,2287
14873,872684119,11.386272570267936,2459292.7640225925,0.16666666666666666,4.0,0.002589616855197297,2.589616855197297,0.14587447913667345,0.00016094677096132652,7.988038144454417,0.0022460323219424504,0.0015149280466359438,2,48,2242,24,24.0,2290
7748,731299350,11.290940193331583,2459292.822355926,0.20833333333333337,5.000000000000001,0.002615258913091934,2.6152589130919344,0.14299031212600388,0.00017098947956267012,7.983899505258576,0.002316245727777324,0.001562286340062946,2,50,2241,20,25.0,2291
14363,860223739,11.386272570267936,2459292.5390225924,0.25,6.0,0.0011332331729914803,1.1332331729914802,0.11974782810718432,4.6231827277260176e-05,7.98388168499636,0.0012044019080999528,0.0008123579577093976,2,72,2219,36,36.0,2291
6879,727077806,1.3857618587114058,2459284.1015225924,0.125,3.0,0.0007875465518758597,0.7875465518758596,0.0746951657425049,6.07824979944125e-05,7.981965647030339,0.0013813203681682204,0.0009316878242062732,11,196,2095,16,18.0,2291
4679,730349468,2.3240953633190604,2459284.718189259,0.20833333333333337,5.000000000000001,0.0006911393463819471,0.6911393463819471,0.07240312257519473,5.015572759231283e-05,7.980945763934849,0.0012549340577899053,0.0008464414257317587,7,210,2082,30,30.0,2292
1087,679647636,11.33850618978828,2459292.780689259,0.16666666666666666,4.0,0.002691940859646096,2.691940859646096,0.14738530191434637,0.0001702938214080558,7.979129407562827,0.0023129110703416027,0.0015600371444365324,2,47,2243,23,23.5,2290
19401,900973029,10.871725959575887,2459292.7890225924,0.25,6.0,0.001689749571081138,1.689749571081138,0.12775856985466288,8.994048880852002e-05,7.97397274756627,0.001681968556171666,0.0011344722488679793,2,63,2226,27,31.5,2289
5935,727612605,9.543347280195333,2459286.9890225925,0.25,6.0,0.0014548761209388817,1.4548761209388816,0.1575902546063159,4.339162280920243e-05,7.972763129289003,0.0011684471746342725,0.0007881068222273524,2,41,2250,5,20.5,2291
21056,902349523,0.769282365730134,2459282.900990227,0.0625,1.5,0.0014566747005642366,1.4566747005642366,0.08150044830703666,0.0001718739958443766,7.969161944931665,0.0024659576798800073,0.0016632656683394087,21,182,2110,5,9.0,2292
6509,734236273,6.96258711950182,2459285.6140225925,0.20833333333333337,5.000000000000001,0.0012900322407409532,1.2900322407409532,0.13082314527827937,4.992549546453374e-05,7.9684353329453455,0.0012540161714818343,0.0008458223198987147,2,60,2232,30,30.0,2292
14421,859885916,0.5707667028076159,2459283.3515225924,0.041666666666666664,1.0,0.0009527053968972154,0.9527053968972153,0.08150180116168226,7.351945343544354e-05,7.965762421016363,0.0015222598162293159,0.0010267501795692136,27,162,2129,6,6.0,2291
6076,727597914,1.5523277980436354,2459283.2265225924,0.125,3.0,0.0005487475327787044,0.5487475327787045,0.07435092446850082,2.9811261618340815e-05,7.964922002320151,0.000969446056782366,0.0006538824071107285,11,198,2094,18,18.0,2292
1962,679212613,3.2669195269255273,2459284.8390225926,0.25,6.0,0.0008732427809096652,0.8732427809096651,0.07764689564973222,6.862976589697609e-05,7.9593702401408795,0.0014719482773605007,0.0009928155115071502,5,180,2112,36,36.0,2292
12612,809010528,0.36095542349250487,2459282.9494392592,0.020833333333333332,0.5,0.0013550339104548752,1.3550339104548752,0.0896625029604858,0.00012118371529985363,7.954591505640204,0.0019571280766013267,0.0013200648027797968,44,132,2157,3,3.0,2289
6753,728066932,3.336315469251116,2459284.5890225926,0.25,6.0,0.0007945887092506684,0.7945887092506685,0.07764689564973222,5.68234095181779e-05,7.953361104242034,0.001340380006453363,0.0009040739285399724,5,180,2112,36,36.0,2292
15028,867299613,0.4164170889448644,2459282.880689259,0.020833333333333332,0.5,0.0020936002239449946,2.0936002239449945,0.09772002984537298,0.00024107390437363925,7.950686441017177,0.0027617570579523466,0.0018627796155081255,37,110,2182,2,3.0,2292
10098,813614148,13.135800625370544,2459292.5140225925,0.25,6.0,0.0014001069455943198,1.4001069455943198,0.11974698050197065,7.05707805276524e-05,7.948718580203847,0.0014946184428998694,0.001008106328679259,2,72,2220,36,36.0,2292
13892,871524638,11.290940193331583,2459292.5390225924,0.25,6.0,0.0014105563491378678,1.4105563491378679,0.11974698050197065,7.162809170735342e-05,7.942907851861352,0.001506874779347803,0.0010163731143584265,2,72,2220,36,36.0,2292
5496,725280579,1.8443296497471602,2459284.2640225925,0.16666666666666666,4.0,0.0008291404602019147,0.8291404602019147,0.0753957811122334,6.599749466340892e-05,7.941729198448168,0.0014466505898603308,0.000975752455052159,8,192,2100,24,24.0,2292
6353,728320205,6.620058521449959,2459285.7723559258,0.08333333333333333,2.0,0.0017059055065383303,1.7059055065383304,0.16799119080810546,5.238204475028035e-05,7.940200105756366,0.0012890648727869785,0.0008694623450606898,3,36,2256,12,12.0,2292
3198,730936244,3.185547093884336,2459285.5390225924,0.25,6.0,0.0006390622770263173,0.6390622770263172,0.07764689564973222,3.675605345262554e-05,7.940051414052806,0.001079831818789639,0.0007283365835624167,5,180,2112,36,36.0,2292
7000,731332055,9.305641581862035,2459286.9390225927,0.25,6.0,0.0014565288858951419,1.456528885895142,0.12139427875030483,7.425167384064301e-05,7.937026655072566,0.0015353602164632461,0.0010355862784724446,2,70,2218,34,35.0,2288
12390,808602373,0.6002987557183137,2459283.134855926,0.041666666666666664,1.0,0.0012602825130180607,1.2602825130180606,0.08150044830703666,0.0001286532730221486,7.9347246048572275,0.0020215922290695203,0.0013635452779370838,27,162,2130,6,6.0,2292
965,684950841,12.971175778322415,2459292.5390225924,0.25,6.0,0.001975993134789395,1.975993134789395,0.11974698050197065,0.00014056375927445352,7.9344468139086874,0.002113172869576777,0.0014253155737061762,2,72,2220,36,36.0,2292
8868,737125863,0.496831807376781,2459282.8890225925,0.041666666666666664,1.0,0.0012276623522675893,1.2276623522675894,0.07486706117988098,0.00014694759798958106,7.930111520188387,0.0021618071493848786,0.00145811894603054,33,195,2097,3,6.0,2292
4968,729531392,1.5458156510901084,2459283.9890225925,0.125,3.0,0.0007317369961590003,0.7317369961590003,0.07764833995741317,4.8189512839301714e-05,7.929551707089352,0.0012380626740350405,0.0008350618332895188,10,180,2111,18,18.0,2291
12629,810645195,11.243573740269838,2459292.5390225924,0.25,6.0,0.0009884687655466965,0.9884687655466965,0.11974698050197065,3.517453801661076e-05,7.92882086394966,0.0010578414810007274,0.0007135043039260269,2,72,2220,36,36.0,2292
12948,810957961,0.9532311709312619,2459283.405689259,0.08333333333333333,2.0,0.0007130782245480555,0.7130782245480555,0.0753957811122334,4.881413321516229e-05,7.928292060391226,0.0012462585437371435,0.0008405898716694615,16,192,2100,12,12.0,2292
6170,725094239,1.6395247715003234,2459283.2265225924,0.125,3.0,0.001074957674621347,1.074957674621347,0.08150044830703666,9.359825418041403e-05,7.921370390744624,0.0017272235518522253,0.0011649963252746698,9,162,2130,18,18.0,2292
15154,874646398,11.386272570267936,2459292.7390225925,0.125,3.0,0.005409235692244494,5.4092356922444935,0.1679947089113887,0.0005266769539365318,7.921232290467944,0.004097268324339176,0.002763569623862927,2,36,2250,18,18.0,2286
12784,809926653,5.666431630140907,2459286.8640225925,0.25,6.0,0.0010732711390088118,1.0732711390088119,0.10036146176002758,5.9899368767122155e-05,7.921093075731011,0.0013817866874836174,0.0009320023522754739,3,104,2188,32,36.0,2292
3810,730795077,11.386272570267936,2459292.747355926,0.16666666666666666,4.0,0.002585031716416043,2.5850317164160432,0.14587721157846706,0.00016037733539704498,7.916459079173063,0.0022623277539772333,0.0015259191649650838,2,48,2238,24,24.0,2286
8142,734559694,11.196405993501577,2459292.9251339533,0.16666666666666666,4.0,0.004992178049705376,4.992178049705376,0.19723902903485577,0.00032398394183948224,7.916245915652359,0.0032155662623423666,0.0021688697304346194,2,26,2264,2,13.0,2290
15059,849373375,11.33850618978828,2459292.7640225925,0.16666666666666666,4.0,0.002048073143255969,2.048073143255969,0.1458737975410098,0.00010067048640303322,7.913964628700394,0.0017929656793622374,0.001209338782788505,2,48,2243,24,24.0,2291
9284,735183399,11.33850618978828,2459292.780689259,0.16666666666666666,4.0,0.0027774526356220105,2.7774526356220104,0.14738530191434637,0.00018128471386340584,7.9087518646949855,0.002407618327716038,0.0016239163143909607,2,47,2243,23,23.5,2290
5954,727578915,7.478390317458249,2459285.2515225927,0.125,3.0,0.001148347223273109,1.1483472232731091,0.13771472703779372,3.5604936320374614e-05,7.907675215598409,0.001067139709663011,0.0007197758732382376,3,54,2238,18,18.0,2292
7947,731279235,2.2949685628579837,2459283.9806892592,0.16666666666666666,4.0,0.0014392131558586822,1.4392131558586823,0.08126914181642948,0.00016881376240173167,7.907555550674645,0.0023236818775230266,0.0015673019543525069,7,163,2129,19,24.0,2292
5245,725673673,1.7535967600280613,2459283.697355926,0.16666666666666666,4.0,0.0009476152671921376,0.9476152671921376,0.07149353256085755,9.698126701848766e-05,7.906505936662497,0.0017614662373136964,0.0011880927001980957,9,216,2076,24,24.0,2292
3591,725957127,2.9041421589826975,2459283.6765225925,0.20833333333333337,5.000000000000001,0.0008292132679291952,0.8292132679291951,0.07764689564973222,6.188351793388337e-05,7.905548849136918,0.0014072474437775602,0.0009491753971250239,6,180,2112,30,30.0,2292
2651,682914871,1.0950840996242261,2459283.572355926,0.08333333333333333,2.0,0.0009762157553224535,0.9762157553224534,0.07907128137401555,8.24342578812917e-05,7.903734660568586,0.0016245628292297651,0.0010957526165046305,15,173,2119,6,12.0,2292
14291,859410667,1.0500020050723977,2459283.3327725925,0.0625,1.5,0.0009556150717202104,0.9556150717202104,0.08608132081163344,6.575041190151524e-05,7.903432672989659,0.0014509367429462417,0.000978643425702308,16,144,2148,9,9.0,2292
9095,735252697,11.33850618978828,2459292.8015225925,0.20833333333333337,5.000000000000001,0.0022651159678893987,2.2651159678893986,0.13897680557277214,0.00013596488422166946,7.902327080705128,0.002086764188546773,0.0014075031623814738,2,53,2239,23,26.5,2292
18998,940955789,11.33850618978828,2459292.780689259,0.16666666666666666,4.0,0.003641534865363067,3.641534865363067,0.14738530191434637,0.000311628240127888,7.901203435450085,0.003159658583176955,0.0021311605174537673,2,47,2243,23,23.5,2290
6309,727531264,0.945250175154646,2459283.097355926,0.08333333333333333,2.0,0.0006516907440420916,0.6516907440420916,0.07164235088404161,4.565533878103951e-05,7.900072825755836,0.001209566326663442,0.0008158413103085405,18,215,2077,11,12.0,2292
11797,815959400,0.42170208397903397,2459283.2515225927,0.041666666666666664,1.0,0.0012244296814253506,1.2244296814253506,0.07062291619541151,0.0001664143129678478,7.899616922395682,0.002309427348868797,0.0015576874064945345,37,222,2070,6,6.0,2292
14948,848748649,9.073856657169385,2459285.447355926,0.16666666666666666,4.0,0.0020293316095285788,2.0293316095285787,0.1458731165496484,9.883648275436444e-05,7.890568220944259,0.0017818262790146172,0.0012018253601879247,2,48,2244,24,24.0,2292
5768,730431632,18.310051746758216,2459285.6390225925,0.25,6.0,0.0013716011261724432,1.3716011261724432,0.11974698050197065,6.772642737543053e-05,7.890528505832024,0.0014749863054412038,0.0009948646333746147,2,72,2220,36,36.0,2292
14277,860188786,11.33850618978828,2459292.7640225925,0.16666666666666666,4.0,0.0019175067350304955,1.9175067350304955,0.14587447913667345,8.824396989329545e-05,7.884357288384811,0.0016849663035038412,0.001136494201742777,2,48,2242,24,24.0,2290
6739,725065730,0.5426874967349505,2459283.0806892593,0.041666666666666664,1.0,0.0010125998783309053,1.0125998783309054,0.0780449513099204,9.125690771002301e-05,7.882925652820539,0.001713801195528502,0.0011559430699639162,30,178,2114,4,6.0,2292
7928,727785124,2.314345585882221,2459283.697355926,0.20833333333333337,5.000000000000001,0.0011608209479492377,1.1608209479492377,0.07764833995741317,0.00012127547458779901,7.8810368220212865,0.0019761419274687635,0.001332889469491949,6,180,2111,30,30.0,2291
7703,727743088,0.7469742585796195,2459283.3140225927,0.0625,1.5,0.0010830587191321297,1.0830587191321297,0.07593758269472299,0.00011085002986882823,7.880260781301366,0.0018894800693455983,0.0012744368469888023,21,189,2103,9,9.0,2292
8139,731750399,3.8489483329126855,2459286.3015225925,0.20833333333333337,5.000000000000001,0.0019345110345045464,1.9345110345045464,0.09377606603189123,0.00022453997655719104,7.878523502784513,0.0026897814824473347,0.001814232754921985,4,120,2171,30,30.0,2291
3977,729812992,2.285340974822846,2459283.322355926,0.20833333333333337,5.000000000000001,0.0004494381352749222,0.4494381352749222,0.07240312257519473,2.1209436931136925e-05,7.877285080927881,0.0008268048287528238,0.0005576722168844084,7,210,2082,30,30.0,2292
12160,808542684,11.33850618978828,2459292.7640225925,0.16666666666666666,4.0,0.002769006745801577,2.769006745801577,0.1458731165496484,0.0001840175605990713,7.876557729801519,0.0024356123752298816,0.0016427980407593967,2,48,2244,24,24.0,2292
3114,682243279,12.862573686551338,2459292.5390225924,0.25,6.0,0.0015264886674837394,1.5264886674837395,0.12056101149502675,8.272095164444803e-05,7.8755487804653175,0.0016332096337436986,0.0011015848062482791,2,71,2220,35,35.5,2291
15639,928090715,0.5381438070702153,2459283.3515225924,0.041666666666666664,1.0,0.0008301849068161458,0.8301849068161458,0.07764689564973222,6.202862815547994e-05,7.875251623677752,0.0014143166270044688,0.0009539434958886206,30,180,2112,6,6.0,2292
4482,732387819,11.33850618978828,2459292.8140225927,0.25,6.0,0.0018844366354903122,1.8844366354903122,0.13082314527827937,0.00010653304299534144,7.875146926663684,0.0018535252165330937,0.001250185631008427,2,60,2232,24,30.0,2292
16780,901318575,11.290940193331583,2459292.8140225927,0.16666666666666666,4.0,0.003107789953129017,3.107789953129017,0.15573685579838914,0.00020282552624816276,7.874499034586825,0.002557722179262806,0.0017251599752211022,2,42,2250,18,21.0,2292
1762,679057922,0.719240320033862,2459283.0202725925,0.0625,1.5,0.0008948539064099734,0.8948539064099734,0.07435092446850082,7.927558786790174e-05,7.872869439529958,0.0015993800853436322,0.0010787670884551681,22,198,2094,9,9.0,2292
3770,731007655,5.714274802347925,2459286.7515225927,0.125,3.0,0.0016826691526918502,1.6826691526918502,0.14027543549102886,7.361576241293844e-05,7.871743036561193,0.001541450192541444,0.0010396939110626224,3,52,2240,16,18.0,2292
7512,731361482,12.076521492614097,2459292.4890225925,0.25,6.0,0.001950773012730709,1.9507730127307088,0.11974698050197065,0.00013699855249914408,7.871454294755849,0.002102897036614829,0.0014183846193274174,2,72,2220,36,36.0,2292
11330,807128181,13.025820200358702,2459292.5390225924,0.25,6.0,0.001633571483852449,1.633571483852449,0.11974698050197065,9.606800854281213e-05,7.870548235621716,0.0017611624083167193,0.0011878877703471735,2,72,2220,36,36.0,2292
16065,940140445,0.42885322972587536,2459283.0140225925,0.020833333333333332,0.5,0.0015881087200770418,1.5881087200770418,0.0973011525205105,0.00013997595652655306,7.869763478783276,0.002126082142332021,0.0014340227588911514,37,111,2181,3,3.0,2292
7665,727957599,3.8651630200539264,2459284.7890225924,0.25,6.0,0.0012362697456624809,1.236269745662481,0.07764689564973222,0.00013755265956363376,7.869416941474026,0.0021076909842648785,0.0014216180927187905,5,180,2112,36,36.0,2292
13895,847179920,7.292118568078506,2459285.280689259,0.20833333333333337,5.000000000000001,0.001225885189534682,1.2258851895346818,0.13082314527827937,4.508383493761449e-05,7.866177122078805,0.0012071512882932465,0.0008142123892440623,2,60,2232,30,30.0,2292
5108,728791977,0.6393717747361464,2459283.0515225925,0.0625,1.5,0.000488788753087058,0.488788753087058,0.07020140583398292,2.6877875078745103e-05,7.8641122421383685,0.0009323151896306398,0.0006288379803255362,25,225,2067,9,9.0,2292
3960,725726526,9.543347280195333,2459286.9890225925,0.25,6.0,0.0017370732346606572,1.7370732346606572,0.15759150916242368,6.1857180162776e-05,7.863528718192842,0.0014144662186224835,0.0009540443940526666,2,41,2248,5,20.5,2289
3639,373522376,1.989306806806073,2459283.130689259,0.16666666666666666,4.0,0.000552301325812638,0.552301325812638,0.0753957811122334,2.928352843146218e-05,7.863034017245712,0.000973277190760751,0.000656466471577466,8,192,2100,24,24.0,2292
9392,735858140,5.984725027366823,2459286.6140225925,0.25,6.0,0.0012728240685267258,1.2728240685267258,0.09857552798303805,8.748437990873006e-05,7.863025805316513,0.001682250072963669,0.0011346621293428227,3,108,2184,36,36.0,2292
706,679859104,11.243573740269838,2459292.884855926,0.20833333333333337,5.000000000000001,0.002055871136106879,2.0558711361068793,0.15759718227604594,8.66454256296865e-05,7.859724000832862,0.0016748677560751027,0.001129682824817957,2,41,2239,11,20.5,2280
5762,726786818,11.386272570267936,2459292.7890225924,0.125,3.0,0.0015371752083363,1.5371752083363,0.16799588576935157,4.253233718022745e-05,7.8576846349812985,0.0011737619513206325,0.0007916915899909838,2,36,2248,18,18.0,2284
8032,731793483,6.846485684755803,2459285.6473559258,0.16666666666666666,4.0,0.0013909546869927145,1.3909546869927145,0.1458731165496484,4.643411859040801e-05,7.857065400601322,0.0012265160418357026,0.0008272737365679905,2,48,2244,24,24.0,2292
15187,841449813,11.33850618978828,2459292.8015225925,0.20833333333333337,5.000000000000001,0.002649824510579139,2.649824510579139,0.13897896142839436,0.0001860716033269483,7.8562526082632305,0.0024554981345730597,0.0016562108016815458,2,53,2236,23,26.5,2289
14169,871893612,1.0996974237151,2459283.1640225924,0.08333333333333333,2.0,0.0013037127347705641,1.3037127347705642,0.08014619461643462,0.00014277201916344722,7.855886068304203,0.002151004764019965,0.0014508328369216006,14,168,2123,12,12.0,2291
11787,809271445,6.267975358565903,2459286.3702725926,0.0625,1.5,0.0015038985310606076,1.5038985310606077,0.19359374509727786,3.053309568830442e-05,7.851434665536415,0.0009952940231390986,0.0006713166215696065,3,27,2265,9,9.0,2292
13613,855841412,5.642660468196827,2459286.9140225924,0.16666666666666666,4.0,0.0012575165430503065,1.2575165430503066,0.11974698050197065,5.692852281762696e-05,7.846199179913289,0.0013599427513716982,0.0009172688192173872,3,72,2220,24,24.0,2292
9989,812788884,11.149436119437011,2459283.2640225925,0.25,6.0,0.004688846594093572,4.688846594093572,0.1197486764706872,0.0007914701657859441,7.844203215635415,0.005072048948479631,0.003421050147362492,2,72,2218,36,36.0,2290
6084,726737002,2.0922355753996578,2459283.3640225925,0.20833333333333337,5.000000000000001,0.0008288046749357036,0.8288046749357036,0.068221944469025,8.243006270343327e-05,7.842104632721907,0.0016372883829634368,0.001104335884907215,8,240,2051,30,30.0,2291
12253,814000708,11.33850618978828,2459292.8140225927,0.25,6.0,0.0017557295821540254,1.7557295821540255,0.13082544989436423,9.247759096952247e-05,7.836287328469427,0.0017354931352305063,0.0011705740828480415,2,60,2229,24,30.0,2289
12485,815945567,11.97540995748185,2459292.5640225927,0.16666666666666666,4.0,0.0017536898992152133,1.7536898992152132,0.1458731165496484,7.381027830262715e-05,7.833270396534001,0.0015510660821845708,0.0010461797397710582,2,48,2244,24,24.0,2292
13009,807580954,0.5336381597703652,2459283.3681892594,0.041666666666666664,1.0,0.0012042517686461605,1.2042517686461605,0.07886234823041491,0.0001261693420390043,7.831981141043811,0.002028244392347737,0.0013680321005987706,29,174,2118,6,6.0,2292
5131,729408153,0.6313588272482306,2459283.0827725925,0.0625,1.5,0.0004716155989881077,0.4716155989881077,0.0691195930991471,2.5912078328838202e-05,7.83168640143018,0.0009192017293367977,0.0006199930725325764,26,233,2059,8,9.0,2292
2936,681694370,5.959618597588408,2459286.905689259,0.20833333333333337,5.000000000000001,0.0012577107382016964,1.2577107382016963,0.12224074045787213,5.457335238408103e-05,7.828886343822853,0.0013344592796186996,0.0009000804530006068,3,69,2222,13,26.0,2291
12890,807674692,17.409277904014132,2459286.7390225925,0.20833333333333337,5.000000000000001,0.0018015002665514332,1.8015002665514332,0.1352966057629606,9.087128989077678e-05,7.8207848004686635,0.0017237648015103195,0.0011626634301297178,2,56,2232,26,28.0,2288
11151,812476992,11.386272570267936,2459292.747355926,0.16666666666666666,4.0,0.0017525273539620127,1.7525273539620128,0.14587447913667345,7.371245103324225e-05,7.82034498595538,0.0015525997506083784,0.0010472141849510175,2,48,2242,24,24.0,2290
18156,941039136,11.33850618978828,2459292.780689259,0.16666666666666666,4.0,0.003067818411619867,3.067818411619867,0.14738462790689816,0.00022117048045683534,7.810220548320379,0.002692869334059941,0.0018163154823013228,2,47,2244,23,23.5,2291
5445,728592746,3.3786586178766744,2459285.847355926,0.16666666666666666,4.0,0.0013692533647537196,1.3692533647537195,0.10426907534288267,8.999302929069037e-05,7.809978561104822,0.0017177881070962258,0.0011586322049751963,4,96,2196,24,24.0,2292
17048,940094143,4.116743731742854,2459286.0640225927,0.125,3.0,0.003382559600180822,3.382559600180822,0.13771545224549753,0.00030892615511693693,7.809710636116535,0.003182785674546747,0.002146759526876263,3,54,2237,18,18.0,2291
10622,805222709,0.46646963090080446,2459283.2431892594,0.041666666666666664,1.0,0.0013406658587732866,1.3406658587732867,0.0733545362426814,0.00018333326437779203,7.804881693430893,0.0024534053565677246,0.0016547992422553115,34,204,2088,6,6.0,2292
22024,952261207,0.6393717747361464,2459283.3890225925,0.0625,1.5,0.0013242963174836992,1.3242963174836992,0.07062456925473273,0.00019466744175159845,7.804165435768082,0.0025283383461262316,0.0017053408512924806,25,222,2069,6,9.0,2291
4049,730844011,3.3786586178766744,2459285.3640225925,0.16666666666666666,4.0,0.0010961982121690176,1.0961982121690177,0.09377493529654439,7.209903122175304e-05,7.8017945977729815,0.0015391650748487855,0.0010381526202946079,5,120,2172,24,24.0,2292
9093,735471074,11.33850618978828,2459292.8015225925,0.20833333333333337,5.000000000000001,0.00297550816838126,2.9755081683812596,0.13897896142839436,0.0002346216947927454,7.801090743681849,0.002776794573221902,0.0018729222806029289,2,53,2236,23,26.5,2289
14991,849912505,4.014203877027106,2459286.030689259,0.20833333333333337,5.000000000000001,0.0011346763386322124,1.1346763386322123,0.1075418231100453,5.793706770533114e-05,7.79808814969212,0.001380400516754852,0.0009310673929278646,3,90,2202,30,30.0,2292
3017,676857095,1.6884885662475473,2459283.0515225925,0.125,3.0,0.000959982129894537,0.959982129894537,0.08150044830703666,7.464682086706498e-05,7.7909645328052894,0.0015683010336069957,0.0010578045552455118,9,162,2130,18,18.0,2292
6491,728487453,0.6867377897578122,2459282.9390225927,0.0625,1.5,0.001094369885239101,1.094369885239101,0.07149353256085755,0.00012934570813757026,7.787899111774581,0.0020652407820623336,0.0013929858235952608,24,216,2076,9,9.0,2292
20237,902471999,11.33850618978828,2459292.780689259,0.16666666666666666,4.0,0.0028400519128529886,2.8400519128529886,0.14738462790689816,0.00018954852939094812,7.781444865564754,0.0025021593416270096,0.001687683354665459,2,47,2244,23,23.5,2291
18864,901956419,11.33850618978828,2459292.572355926,0.20833333333333337,5.000000000000001,0.0019312367031039356,1.9312367031039355,0.13082314527827937,0.00011189025610247275,7.781160155491356,0.0019225018992643375,0.0012967097661299998,2,60,2232,30,30.0,2292
2455,678749140,11.33850618978828,2459292.5390225924,0.25,6.0,0.000921448814049982,0.921448814049982,0.11974698050197065,3.056644500890826e-05,7.778998609258081,0.0010051104071245286,0.0006779376818592531,2,72,2220,36,36.0,2292
13209,814746300,5.666431630140907,2459286.905689259,0.20833333333333337,5.000000000000001,0.0012449497143735679,1.244949714373568,0.10991458562715484,6.664569102670962e-05,7.7780440956518255,0.0014843305791530472,0.0010011672596472732,3,86,2206,26,30.0,2292
4544,728917862,12.025859459281675,2459292.572355926,0.20833333333333337,5.000000000000001,0.0009341222415651833,0.9341222415651833,0.13082314527827937,2.617753086560288e-05,7.768639700325086,0.0009313959777932563,0.0006282179804352195,2,60,2232,30,30.0,2292
3105,680565135,1.3683947533067393,2459283.1890225927,0.125,3.0,0.000491061250683624,0.49106125068362405,0.07149353256085755,2.6043244407680222e-05,7.767220990332016,0.0009291736373601486,0.0006267190323486771,12,216,2076,18,18.0,2292
9877,817392286,11.925172095626811,2459292.572355926,0.20833333333333337,5.000000000000001,0.0018264245729211102,1.8264245729211102,0.13082314527827937,0.00010007480161710179,7.762460231127534,0.001822543818172957,0.0012292889640988514,2,60,2232,30,30.0,2292
2348,678761443,11.33850618978828,2459292.7640225925,0.16666666666666666,4.0,0.001365299463730991,1.365299463730991,0.14587584414412794,4.473702301593916e-05,7.761524517228743,0.0012187131708361644,0.000822010772181414,2,48,2240,24,24.0,2288
6646,728259451,13.246709644029433,2459287.3015225925,0.20833333333333337,5.000000000000001,0.001341306927731826,1.3413069277318261,0.13082314527827937,5.39731282314417e-05,7.761328401411668,0.0013386521287549516,0.0009029084909988883,2,60,2232,30,30.0,2292
7621,731289387,1.5523277980436354,2459283.0890225926,0.125,3.0,0.0013164558925287742,1.3164558925287742,0.07435092446850082,0.00017157255558039944,7.758499538326149,0.0023875977957826403,0.0016104126506020777,11,198,2094,18,18.0,2292
4946,729649068,4.151502481542688,2459284.1640225924,0.25,6.0,0.0007129399256788093,0.7129399256788094,0.07764689564973222,4.574550038642155e-05,7.7550328505521255,0.0012334045529501269,0.0008319199736612215,5,180,2112,36,36.0,2292
5756,732540825,6.846485684755803,2459285.6140225925,0.20833333333333337,5.000000000000001,0.001821501202172834,1.8215012021728338,0.13082314527827937,9.953599888551238e-05,7.754350020630402,0.0018195319536372068,0.0012272574893006927,2,60,2232,30,30.0,2292
3531,734606494,11.196405993501577,2459292.947355926,0.20833333333333337,5.000000000000001,0.004235685599229202,4.235685599229202,0.17802601610817312,0.00028705651992828234,7.754218708917768,0.003090015510390151,0.0020841869083975118,2,32,2256,2,16.0,2288
11780,814080888,11.33850618978828,2459292.8015225925,0.20833333333333337,5.000000000000001,0.00176855584230766,1.76855584230766,0.13897752355282994,8.288642883505475e-05,7.753682602461715,0.0016605375197123833,0.001120017212810187,2,53,2238,23,26.5,2291
12511,814733348,11.386272570267936,2459292.4890225925,0.25,6.0,0.001050304438729546,1.050304438729546,0.11974698050197065,3.971301890453951e-05,7.751682385757958,0.001149702509432794,0.0007754637187594726,2,72,2220,36,36.0,2292
3905,729241875,2.715226851545033,2459285.5327725927,0.0625,1.5,0.000988782838762471,0.9887828387624711,0.15055650118954553,2.1998058800201343e-05,7.751547834785631,0.0008556945101478216,0.0005771580400295573,5,45,2247,9,9.0,2292
3512,732750022,6.846485684755803,2459285.6140225925,0.20833333333333337,5.000000000000001,0.0013903449863455891,1.3903449863455892,0.13082314527827937,5.799177543168949e-05,7.750593973158701,0.0013895149187914213,0.0009372149728796852,2,60,2232,30,30.0,2292
5145,732289408,5.320147043307039,2459283.8640225925,0.125,3.0,0.002117073576257056,2.1170735762570563,0.13771472703779372,0.00012101401423671771,7.74981909048308,0.0020074339604109555,0.0013539956565566946,3,54,2238,18,18.0,2292
5665,726933973,1.4697683343776953,2459284.0765225925,0.125,3.0,0.0007455169058882215,0.7455169058882215,0.0770625670686628,5.0855284312310985e-05,7.749115500528238,0.0013014602466717361,0.0008778229102062163,11,183,2109,3,18.0,2292
5226,730289679,4.014203877027106,2459284.7890225924,0.25,6.0,0.0007394360479475941,0.7394360479475941,0.08036549127200011,4.565493336186379e-05,7.748363277714313,0.0012332436281733746,0.0008318114313863312,5,167,2125,23,36.0,2292
5972,726957333,3.003473104285479,2459285.0640225927,0.25,6.0,0.0006779131517486777,0.6779131517486777,0.07824660218114893,4.0671612356273575e-05,7.7477016245207,0.0011640933427627994,0.0007851702028617291,6,177,2115,3,36.0,2292
10284,813637926,1.7609842384705776,2459283.5473559257,0.16666666666666666,4.0,0.0007987774572664328,0.7987774572664328,0.07149678109380339,6.890890603359902e-05,7.747217268260182,0.001515329017315624,0.001022075419746138,9,216,2074,24,24.0,2290
14284,856346966,0.9255888070247885,2459283.4806892592,0.08333333333333333,2.0,0.0009149431638112282,0.9149431638112282,0.07149353256085755,9.04090672445292e-05,7.740130678663781,0.001737291517180503,0.0011717870748553239,18,216,2076,12,12.0,2292
7097,728443254,11.33850618978828,2459292.7640225925,0.16666666666666666,4.0,0.0023491003337526174,2.3491003337526175,0.1458731165496484,0.0001324385370728798,7.738500059481671,0.002103126496795074,0.0014185393880986608,2,48,2244,24,24.0,2292
2489,683655583,3.613733021019045,2459283.4890225925,0.25,6.0,0.0008432430069450422,0.8432430069450423,0.07784505729623038,6.363975980417363e-05,7.736593121162726,0.001458241677409633,0.0009835705364964475,5,179,2113,35,36.0,2292
5015,728793585,11.97540995748185,2459292.5140225925,0.25,6.0,0.0008333537053160292,0.8333537053160293,0.11974698050197065,2.5001222333902387e-05,7.734617239755477,0.0009142327867919617,0.0006166415667017144,2,72,2220,36,36.0,2292
4254,729985222,0.769282365730134,2459283.3015225925,0.0625,1.5,0.0006432172582790455,0.6432172582790454,0.07593907218266745,3.9097337707387156e-05,7.732816593404949,0.0011435387373132265,0.0007713063114213048,21,189,2102,9,9.0,2291
13196,810099977,5.666431630140907,2459286.9265225925,0.20833333333333337,5.000000000000001,0.0015068316130113766,1.5068316130113766,0.10812166292203734,0.00010103909719368579,7.726763120235591,0.0018397640493348411,0.0012409038508935932,3,89,2201,29,30.0,2290
12992,816288612,1.4759601124039812,2459283.5390225924,0.125,3.0,0.0011794910431637301,1.1794910431637302,0.07435092446850082,0.00013772871296944297,7.724201511440933,0.0021486894286346877,0.0014492711645991418,11,198,2094,18,18.0,2292
2339,678750778,1.1861413011082127,2459283.722355926,0.08333333333333333,2.0,0.000788094682510804,0.788094682510804,0.08293756980523279,4.844527183094078e-05,7.717862297715811,0.001275391947919312,0.0008602400835824309,13,156,2135,12,12.0,2291
9356,737511524,11.386272570267936,2459292.747355926,0.16666666666666666,4.0,0.003175580037106954,3.175580037106954,0.1458737975410098,0.00024202340572973292,7.717499662359789,0.0028508020516525073,0.0019228396409365356,2,48,2243,24,24.0,2291
11400,812127534,11.33850618978828,2459292.8015225925,0.20833333333333337,5.000000000000001,0.001775302866316039,1.775302866316039,0.13897968132560518,8.35200570794735e-05,7.710961161577144,0.0016761075153557097,0.0011305190309967017,2,53,2235,23,26.5,2288
21264,952475701,13.025820200358702,2459292.572355926,0.20833333333333337,5.000000000000001,0.0020640415030344474,2.0640415030344474,0.13082314527827937,0.00012780801978746104,7.7089880370149,0.0020739423459343706,0.0013988549480199453,2,60,2232,30,30.0,2292
5368,732305041,11.97540995748185,2459292.5390225924,0.25,6.0,0.0009280816859898565,0.9280816859898565,0.11974698050197065,3.100808217131189e-05,7.707066881807055,0.0010217939411543318,0.0006891905713977686,2,72,2220,36,36.0,2292
11668,812226089,3.9142180850585837,2459285.8140225927,0.125,3.0,0.001217484920646646,1.217484920646646,0.11974782810718432,5.336170315207091e-05,7.7051280766822074,0.0013407567035573094,0.0009043280072557058,4,72,2219,18,18.0,2291
11427,814431430,5.666431630140907,2459286.905689259,0.20833333333333337,5.000000000000001,0.0013345820239139047,1.3345820239139046,0.1099155208147294,7.658769467782776e-05,7.704115813147386,0.0016064665746072042,0.0010835468599805775,3,86,2205,26,30.0,2291
18314,941097142,0.4510425344083125,2459283.0390225924,0.020833333333333332,0.5,0.0026858127213491975,2.6858127213491976,0.09990523957549545,0.00037871347364346205,7.702654671888581,0.00357297475929884,0.0024099384589901796,35,105,2187,3,3.0,2292
2768,678313011,1.8212155286398768,2459284.5806892593,0.16666666666666666,4.0,0.0008858742336731429,0.8858742336731429,0.0753957811122334,7.533822315705391e-05,7.700770710864404,0.001594000641700233,0.0010751387034265703,8,192,2100,24,24.0,2292
12739,816603299,3.7530787261110476,2459284.322355926,0.20833333333333337,5.000000000000001,0.0011377608794269811,1.1377608794269811,0.09377606603189123,7.766998912526746e-05,7.697483747757091,0.0016191714568820125,0.0010921161856751738,4,120,2171,30,30.0,2291
8781,736372828,1.7389146464312113,2459283.8140225927,0.16666666666666666,4.0,0.001086926741245283,1.086926741245283,0.07149353256085755,0.00012759225201008177,7.695988765607628,0.002075691104749313,0.0014000344696811773,9,216,2076,24,24.0,2292
13661,860311393,11.33850618978828,2459292.572355926,0.20833333333333337,5.000000000000001,0.0009290226236993431,0.9290226236993431,0.13082314527827937,2.5892491060356337e-05,7.694396849955863,0.000935249174172272,0.0006308169257873142,2,60,2232,30,30.0,2292
17998,942198058,11.33850618978828,2459292.780689259,0.20833333333333337,5.000000000000001,0.0019644837989226875,1.9644837989226875,0.1352966057629606,0.000108057504694432,7.686610940816476,0.001912526957337076,0.0012899817599737462,2,56,2232,26,28.0,2288
10585,806173771,11.33850618978828,2459292.5806892593,0.16666666666666666,4.0,0.0020944900552870094,2.0944900552870096,0.1458731165496484,0.00010528532620070831,7.685522910239797,0.0018881022067458292,0.0012735074913974298,2,48,2244,24,24.0,2292
1780,679028594,6.904292363633968,2459285.6473559258,0.16666666666666666,4.0,0.0011512336110664834,1.1512336110664834,0.1458731165496484,3.1808131853980206e-05,7.682587528557219,0.0010381893331308947,0.0007002491117839571,2,48,2244,24,24.0,2292
11597,816016463,1.7099181711431612,2459283.8640225925,0.16666666666666666,4.0,0.0008357389707612876,0.8357389707612876,0.07149353256085755,7.543363974290672e-05,7.677965758846629,0.0015997471993139977,0.0010790147034358544,9,216,2076,24,24.0,2292
11798,807264373,11.33850618978828,2459292.780689259,0.20833333333333337,5.000000000000001,0.0010867931568768934,1.0867931568768934,0.1352936437847547,3.307134224336443e-05,7.6757665617249655,0.0010595443753073073,0.0007146528904001803,2,56,2236,26,28.0,2292
4884,732459432,1.8059672720934798,2459283.1015225924,0.125,3.0,0.0008913671281442496,0.8913671281442496,0.08150180116168226,6.435736392802629e-05,7.675680143327242,0.001478077658686604,0.0009969497225729151,9,162,2129,18,18.0,2291
9550,737505648,5.690302934233069,2459286.780689259,0.20833333333333337,5.000000000000001,0.001128209844676457,1.128209844676457,0.10991458562715484,5.473287050586964e-05,7.674987049349179,0.001363205907074349,0.0009194697875855584,3,86,2206,26,30.0,2292
5594,729380011,1.7243554598747077,2459283.030689259,0.16666666666666666,4.0,0.0004886818155507248,0.48868181555072476,0.068221944469025,2.8657190021994308e-05,7.672900832174951,0.0009866706606116121,0.0006655002432292001,10,240,2051,24,24.0,2291
3482,725954012,0.5565500455182143,2459283.1056892592,0.041666666666666664,1.0,0.0008311286116233868,0.8311286116233868,0.07886234823041491,6.0097404908134613e-05,7.672568945855502,0.001428900728363752,0.0009637803374907272,29,174,2118,6,6.0,2292
15751,941157197,5.618989028296012,2459286.9640225926,0.16666666666666666,4.0,0.001225648659206546,1.225648659206546,0.11974698050197065,5.4079726889332954e-05,7.667637945409771,0.0013563464802810261,0.0009148431675981561,3,72,2220,24,24.0,2292
4705,728713271,0.5269503222386684,2459283.3015225925,0.041666666666666664,1.0,0.0006867131262747192,0.6867131262747193,0.0764929924515223,4.3856467355213864e-05,7.6655605671242055,0.0012217656240309843,0.0008240696236550549,31,186,2106,6,6.0,2292
9903,806590905,0.4077555410324622,2459282.966105926,0.020833333333333332,0.5,0.001993816356808388,1.9938163568083882,0.0937771977957376,0.00023851821988060044,7.665303604995011,0.002849354051508398,0.0019218629782196128,40,120,2170,3,3.0,2290
1786,678965724,0.42347861272587617,2459282.886377313,0.041666666666666664,1.0,0.0007507349637743926,0.7507349637743926,0.07452160157265436,5.551489410458385e-05,7.662728144209561,0.0014695842322326712,0.0009912209849134435,38,225,2067,3,6.0,2292
19269,901470301,13.135800625370544,2459292.5140225925,0.25,6.0,0.0013115844573057442,1.3115844573057442,0.11974698050197065,6.192913639125613e-05,7.660190015501263,0.0014528573238778817,0.000979938839793526,2,72,2220,36,36.0,2292
10455,813143065,11.33850618978828,2459292.8140225927,0.25,6.0,0.001792413294120539,1.792413294120539,0.13082391279948533,9.638236250820125e-05,7.657557469392495,0.0018131073427517768,0.0012229241486252374,2,60,2231,24,30.0,2291
6698,724792190,11.243573740269838,2459292.5515225925,0.125,3.0,0.0017436251981627086,1.7436251981627087,0.16799119080810546,5.472411897002301e-05,7.656003782509225,0.0013664767529082194,0.0009216759428761767,2,36,2256,18,18.0,2292
12882,809976276,2.5708194184774613,2459283.3973559258,0.08333333333333333,2.0,0.0012691314417996992,1.2691314417996993,0.11974698050197065,5.7985006196324996e-05,7.655379549990008,0.001406715018405271,0.0009488162811313039,6,72,2220,12,12.0,2292
4032,729758723,1.4513484150942235,2459283.2640225925,0.125,3.0,0.0006919561321426388,0.6919561321426388,0.07435245884961565,4.740152559217031e-05,7.652069615598967,0.0012724251517623902,0.0008582390069893364,11,198,2093,18,18.0,2291
343,684829164,11.33850618978828,2459292.8140225927,0.16666666666666666,4.0,0.003246447831874381,3.246447831874381,0.15573685579838914,0.00022132789402671925,7.6517046133233375,0.0027496339250540278,0.0018546026743923028,2,42,2250,18,21.0,2292
11769,814314741,13.080694826110575,2459292.5390225924,0.25,6.0,0.0012725613304812142,1.2725613304812142,0.11974698050197065,5.829884423410025e-05,7.648076570530885,0.001411863604597641,0.0009522889549424263,2,72,2220,36,36.0,2292
10065,806106585,11.33850618978828,2459292.8015225925,0.20833333333333337,5.000000000000001,0.0023798210371602487,2.379821037160249,0.13897752355282994,0.00015008402647612778,7.642285127175893,0.002267039030739554,0.001529096877606606,2,53,2238,23,26.5,2291
5111,732307149,13.64231767835805,2459286.8640225925,0.16666666666666666,4.0,0.0016253842475600043,1.6253842475600042,0.152224539925362,5.812122694875643e-05,7.641831431483025,0.00141086328261614,0.0009516142470094024,2,44,2247,20,22.0,2291
3019,675956743,0.8438241209881131,2459282.9390225927,0.08333333333333333,2.0,0.0008664190117864311,0.8664190117864311,0.06978868845530563,8.557773705428724e-05,7.640541469973377,0.0017122661047689449,0.001154907665431637,19,228,2064,12,12.0,2292
19662,901170458,11.386272570267936,2459292.5390225924,0.25,6.0,0.0015464624613022544,1.5464624613022544,0.11974698050197065,8.609566119181297e-05,7.640425441897374,0.001717465763999194,0.0011584147875348672,2,72,2220,36,36.0,2292
2419,678749306,11.33850618978828,2459292.5390225924,0.25,6.0,0.0009793163779694201,0.9793163779694202,0.11974698050197065,3.452618045372919e-05,7.6381336723361475,0.0010879326518684934,0.0007338005206181664,2,72,2220,36,36.0,2292
15974,902292222,11.386272570267936,2459292.4890225925,0.25,6.0,0.0015698055183821925,1.5698055183821924,0.11974782810718432,8.871441715955463e-05,7.637263477382157,0.0017441118230048483,0.001176387308110649,2,72,2219,36,36.0,2291
1746,679247204,16.76289974844817,2459287.8015225925,0.20833333333333337,5.000000000000001,0.0016853437679661208,1.6853437679661207,0.13082314527827937,8.521150848666725e-05,7.636581489961935,0.001709484369294612,0.0011530314105588912,2,60,2232,30,30.0,2292
11434,807137433,11.33850618978828,2459292.8015225925,0.20833333333333337,5.000000000000001,0.0023822746799346717,2.382274679934672,0.1389782421710869,0.00015039366524243283,7.633774016427019,0.002271906585006883,0.0015323799979811703,2,53,2237,23,26.5,2290
4305,729951152,8.342135212494096,2459286.7140225926,0.25,6.0,0.0010921170185754989,1.092117018575499,0.12310776840114908,4.055246579691604e-05,7.628839761726897,0.0011804976808431817,0.0007962347773122769,2,68,2224,32,34.0,2292
13100,816749358,1.045597157483411,2459283.0640225927,0.08333333333333333,2.0,0.0009807437638567889,0.9807437638567889,0.07764689564973222,8.656724973095828e-05,7.627605781564483,0.0017250574719998002,0.0011635353244299207,15,180,2112,12,12.0,2292
3996,729747024,1.3120610875417364,2459282.8936281716,0.08333333333333333,2.0,0.0006428034247181937,0.6428034247181937,0.08810963168668076,2.830394263381654e-05,7.627018603865096,0.0009828626471355848,0.0006629317733276574,12,136,2156,8,12.0,2292
6178,726741211,3.4649639412793714,2459285.634855926,0.20833333333333337,5.000000000000001,0.0008906524521236552,0.8906524521236552,0.09377493529654439,4.759570742843279e-05,7.626533034220461,0.0012792980420762814,0.0008628747079969523,4,120,2172,30,30.0,2292
5107,724858887,0.5588946560678948,2459283.2265225924,0.041666666666666664,1.0,0.0013318331864907611,1.331833186490761,0.07970951308079845,0.00015077126911424143,7.626489745357916,0.0022769295973902354,0.0015357679734184781,29,170,2122,2,6.0,2292
16123,902176992,11.33850618978828,2459292.5390225924,0.25,6.0,0.0016682140867171288,1.668214086717129,0.11974782810718432,0.00010018577660837272,7.622936692208288,0.0018569307984325685,0.0012524826645302634,2,72,2219,36,36.0,2291
11053,812334978,11.33850618978828,2459292.572355926,0.20833333333333337,5.000000000000001,0.0015267711081032214,1.5267711081032214,0.13082314527827937,6.993090049616215e-05,7.618855646868175,0.0015522433680929754,0.001046973808237539,2,60,2232,30,30.0,2292
19233,901958885,11.33850618978828,2459292.4890225925,0.25,6.0,0.0013913354592715412,1.3913354592715412,0.11974698050197065,6.968931696814862e-05,7.6179193052473915,0.0015497503169589009,0.0010452922682847032,2,72,2220,36,36.0,2292
16483,942447490,13.080694826110575,2459292.468189259,0.20833333333333337,5.000000000000001,0.002415160063223746,2.415160063223746,0.13082314527827937,0.00017498994392972788,7.617555556639322,0.002455873051070341,0.0016564636793945375,2,60,2232,30,30.0,2292
13711,872213456,11.33850618978828,2459292.7515225927,0.125,3.0,0.002216493709541389,2.216493709541389,0.1679917758636479,8.843119855985787e-05,7.614696449360895,0.0017464861988509763,0.001177988802678387,2,36,2255,18,18.0,2291
487,675201170,0.4723898722846254,2459283.005689259,0.041666666666666664,1.0,0.0020429832135307325,2.0429832135307326,0.07368305769377247,0.0004215518214876042,7.612619106373389,0.003814225649302753,0.0025726599550133233,34,202,2089,5,6.0,2291
14170,871515293,11.33850618978828,2459292.5390225924,0.25,6.0,0.0014133329610926477,1.4133329610926477,0.11974698050197065,7.191036212079282e-05,7.6122611895943,0.001575422538936297,0.001062607944783689,2,72,2220,36,36.0,2292
20458,901507608,11.290940193331583,2459292.5390225924,0.25,6.0,0.0017281204732030257,1.7281204732030258,0.11974698050197065,0.00010751041331652417,7.607951680052974,0.0019274029437063769,0.0013000154753179394,2,72,2220,36,36.0,2292
8039,733528345,12.025859459281675,2459292.5390225924,0.25,6.0,0.002448691985740746,2.448691985740746,0.11974698050197065,0.0002158593278771145,7.605720447714678,0.002731870128634088,0.0018426211578538298,2,72,2220,36,36.0,2292
3508,729036418,11.33850618978828,2459292.8015225925,0.20833333333333337,5.000000000000001,0.0012351456770363582,1.2351456770363582,0.13897680557277214,4.0427998352792497e-05,7.604982315722278,0.0011823822705681682,0.0007975059156671849,2,53,2239,23,26.5,2292
7356,727152026,11.386272570267936,2459292.747355926,0.16666666666666666,4.0,0.0016874967806060237,1.6874967806060237,0.14587584414412794,6.834348922933667e-05,7.602140957999769,0.00153789843033249,0.0010372982802728248,2,48,2240,24,24.0,2288
3490,728997344,1.731619751801693,2459283.1473559258,0.16666666666666666,4.0,0.0006543553260311383,0.6543553260311383,0.0682202030293411,5.1381707124638075e-05,7.601084479499261,0.001333655631406784,0.0008995383997077999,10,240,2052,24,24.0,2292
4654,730349034,0.46646963090080446,2459283.0390225924,0.041666666666666664,1.0,0.0008645758087161785,0.8645758087161785,0.07240312257519473,7.848658954680957e-05,7.600827680313887,0.0016483591388602773,0.001111803007460055,35,210,2082,6,6.0,2292
6074,734422823,12.701373064968816,2459292.51680062,0.25,6.0,0.002260991442462325,2.260991442462325,0.12056185337722872,0.00018147892175251923,7.600430236480123,0.0025066281693654005,0.0016906975376806965,2,71,2219,35,35.5,2290
9259,737446633,11.97540995748185,2459292.5390225924,0.25,6.0,0.0021528798391060463,2.1528798391060464,0.11974782810718432,0.00016685609765865393,7.598724325987082,0.0024040602627556514,0.0016215164324535625,2,72,2219,36,36.0,2291
20603,902439343,12.971175778322415,2459292.4390225927,0.08333333333333333,2.0,0.0029905727489188357,2.9905727489188356,0.20520132498171262,0.00010732230439891154,7.591999590791602,0.0019297622940887904,0.001301606835349245,2,24,2268,12,12.0,2292
2358,678752100,11.33850618978828,2459292.8015225925,0.20833333333333337,5.000000000000001,0.0010245918795735796,1.0245918795735796,0.13897680557277214,2.7819395771735197e-05,7.591844282436894,0.0009825203465008152,0.0006627008947125423,2,53,2239,23,26.5,2292
10980,815237245,12.971175778322415,2459292.572355926,0.20833333333333337,5.000000000000001,0.0010714840348697396,1.0714840348697396,0.13082314527827937,3.444234110942212e-05,7.589242665197507,0.0010936110507594715,0.0007376305481987533,2,60,2232,30,30.0,2292
13900,857527056,11.386272570267936,2459292.747355926,0.16666666666666666,4.0,0.0015577127527351055,1.5577127527351056,0.1458731165496484,5.823525648080592e-05,7.587142782460715,0.0014224261800224786,0.0009594133144627537,2,48,2244,24,24.0,2292
11453,811782813,11.33850618978828,2459292.8015225925,0.20833333333333337,5.000000000000001,0.0016977514815881682,1.6977514815881682,0.13897968132560518,7.638254247072274e-05,7.58480175365139,0.0016295504816194505,0.0010991167419529546,2,53,2235,23,26.5,2288
14935,858008816,7.021374073321715,2459285.5640225927,0.16666666666666666,4.0,0.0012878087939181204,1.2878087939181204,0.1458737975410098,3.980283575262825e-05,7.58030082047213,0.001177024666607495,0.0007938922613027755,2,48,2243,24,24.0,2291
6983,727243992,0.6340185890772351,2459282.9515225925,0.0625,1.5,0.0006327902773947715,0.6327902773947714,0.06899021049885182,4.6849553614346164e-05,7.5802971501225835,0.0012769723568404779,0.0008613060547959517,26,234,2057,9,9.0,2291
3369,730870674,0.5828909357013103,2459283.0015225927,0.041666666666666664,1.0,0.0010032172841239644,1.0032172841239644,0.08150180116168226,8.152203845237011e-05,7.579071511361677,0.00168475404722007,0.0011363510368407326,27,162,2129,6,6.0,2291
841,684034600,2.373463823871206,2459283.905689259,0.20833333333333337,5.000000000000001,0.0019172084493447093,1.9172084493447092,0.07255870593874506,0.00038410942089594884,7.57781654073275,0.0036576183756055606,0.002467029796037745,7,209,2083,29,30.0,2292
18111,942197098,3.4215391683912486,2459283.2140225926,0.25,6.0,0.0014584150152165216,1.4584150152165216,0.07764833995741317,0.00019142769209481062,7.576966766208002,0.0025823909863043545,0.0017417988576179377,5,180,2111,36,36.0,2291
5143,729633587,0.6838568664044589,2459283.4577725925,0.0625,1.5,0.0006761434608532804,0.6761434608532804,0.07435092446850082,4.52598279858105e-05,7.574663794826466,0.0012560533499271058,0.0008471963779354552,22,198,2094,9,9.0,2292
1842,677517494,0.5780106398843838,2459283.0890225926,0.041666666666666664,1.0,0.0014398522810989888,1.4398522810989889,0.08150044830703666,0.00016792714190226287,7.573529381368388,0.0024197869567629568,0.0016321239422386058,27,162,2130,6,6.0,2292
6775,728384565,3.158875874270669,2459285.8890225925,0.25,6.0,0.0008276076675280501,0.8276076675280502,0.07764833995741317,6.164410062160975e-05,7.5734806941901995,0.0014661055422342827,0.0009888746406544469,5,180,2111,36,36.0,2291
13511,807435502,11.33850618978828,2459292.780689259,0.16666666666666666,4.0,0.0019171091759918198,1.9171091759918197,0.14738530191434637,8.63697284277928e-05,7.569291575023517,0.0017363630680085858,0.001171160844468222,2,47,2243,23,23.5,2290
5303,728772723,11.33850618978828,2459292.5515225925,0.20833333333333337,5.000000000000001,0.0010309955462347352,1.0309955462347353,0.13082391279948533,3.1888554490675804e-05,7.566278896570597,0.0010554801468899016,0.000711911605888238,2,60,2231,30,30.0,2291
20083,901445944,11.33850618978828,2459292.4890225925,0.25,6.0,0.0017634661798321964,1.7634661798321964,0.11974698050197065,0.00011195326682683057,7.566217742471307,0.0019776732892361018,0.0013339223588534344,2,72,2220,36,36.0,2292
6336,728301418,1.356937770908425,2459284.0890225926,0.125,3.0,0.00044092361228927323,0.44092361228927324,0.07224870030442151,2.051063816273035e-05,7.5649752861311805,0.0008466366619312014,0.0005710486051067054,12,211,2081,14,18.0,2292
14744,872023019,5.642660468196827,2459286.8890225925,0.25,6.0,0.0012101100157109288,1.2101100157109288,0.10036146176002758,7.614704500644303e-05,7.562297744121048,0.001631878244545704,0.0011006867965369649,3,104,2188,32,36.0,2292
14245,843481112,11.243573740269838,2459292.5390225924,0.25,6.0,0.0011042318129503243,1.1042318129503244,0.11974698050197065,4.389580428233616e-05,7.557871717421701,0.0012397296468622079,0.0008361861910577417,2,72,2220,36,36.0,2292
1696,679066436,17.19109556447471,2459286.9390225927,0.25,6.0,0.0016987895976860203,1.6987895976860203,0.12140353391263163,0.00010100601340221807,7.557730079074072,0.0018806034814753897,0.0012684496704946646,2,70,2207,34,35.0,2277
5896,727567622,2.373463823871206,2459283.2306892592,0.16666666666666666,4.0,0.0005574252124223413,0.5574252124223413,0.08014481109357388,2.610072086530375e-05,7.554875396550836,0.0009563435717585512,0.000645044902035985,7,168,2124,24,24.0,2292
11727,805530578,6.904292363633968,2459285.6140225925,0.25,6.0,0.0011430499471577653,1.1430499471577653,0.11974698050197065,4.7036274541105326e-05,7.554582597661352,0.0012838697970480443,0.0008659583144799976,2,72,2220,36,36.0,2292
10620,811596837,11.33850618978828,2459292.8015225925,0.20833333333333337,5.000000000000001,0.0018136209701284064,1.8136209701284063,0.13897680557277214,8.71643571171718e-05,7.554533230516811,0.001747740006848191,0.001178834484586666,2,53,2239,23,26.5,2292
3945,729778997,2.97832631209963,2459283.2890225924,0.25,6.0,0.0005083471320054721,0.5083471320054721,0.07149353256085755,2.79090151147644e-05,7.552242388584959,0.0009892620137585053,0.0006672480869813202,6,216,2076,36,36.0,2292
14770,873100132,13.135800625370544,2459292.780689259,0.20833333333333337,5.000000000000001,0.0025092509167922612,2.5092509167922614,0.14298961616167252,0.00015740850408557007,7.54984050312969,0.0023501269175512417,0.0015851388894855267,2,50,2242,24,25.0,2292
12965,816245077,11.33850618978828,2459292.5140225925,0.25,6.0,0.0011162778255009113,1.1162778255009114,0.11974698050197065,4.4858742613381544e-05,7.544735631784035,0.0012554358301562745,0.0008467798665562354,2,72,2220,36,36.0,2292
12496,807503071,11.33850618978828,2459292.780689259,0.20833333333333337,5.000000000000001,0.0015755381740375713,1.5755381740375713,0.1352936437847547,6.950497505979005e-05,7.544150216223263,0.001562833156305631,0.0010541165225317894,2,56,2236,26,28.0,2292
7580,733666754,6.87532827078015,2459285.634855926,0.20833333333333337,5.000000000000001,0.0017660127309164944,1.7660127309164944,0.13082391279948533,9.356402897277404e-05,7.538778616264776,0.0018145480174396565,0.001223895870389624,2,60,2231,30,30.0,2291
15302,942828841,1.263346394696289,2459283.0890225926,0.125,3.0,0.0013200011316101025,1.3200011316101026,0.06925158280350054,0.0002021187465444263,7.528136498788574,0.0026707350801739166,0.0018013861325872904,13,232,2060,17,18.0,2292
4043,730016914,0.6502141227378749,2459282.9265225925,0.0625,1.5,0.000820841947746777,0.820841947746777,0.07076542517558257,7.445285610146985e-05,7.526350470006748,0.0016213293381055467,0.0010935716566204956,25,221,2071,5,9.0,2292
4034,729200820,5.666431630140907,2459286.9015225926,0.125,3.0,0.0010219735358906407,1.0219735358906408,0.13771472703779372,2.8199607517642105e-05,7.522620517234288,0.000998314492067585,0.0006733538999511568,3,54,2238,18,18.0,2292
2888,685146062,12.28131290482072,2459292.9404119807,0.20833333333333337,5.000000000000001,0.0042237548350972575,4.223754835097258,0.1780265681858872,0.00028544167851211937,7.518991373049468,0.0031777088577830868,0.002143335260881618,2,32,2255,3,16.0,2287
14075,860176854,11.33850618978828,2459292.4890225925,0.25,6.0,0.0010716027158853868,1.071602715885387,0.11974698050197065,4.133996570494574e-05,7.518485360784178,0.0012093992512259616,0.0008157286194698243,2,72,2220,36,36.0,2292
13980,872321374,11.434240178939907,2459292.468189259,0.20833333333333337,5.000000000000001,0.001999751512872838,1.999751512872838,0.13082314527827937,0.00011997018339711614,7.516512128255992,0.0020607973947902383,0.0013899887999394567,2,60,2232,30,30.0,2292
12337,816571476,0.394270238538689,2459283.061939259,0.020833333333333332,0.5,0.001511989830398438,1.511989830398438,0.09268831240038249,0.0001405959647045403,7.516036304760893,0.0022310667127474876,0.0015048338815240037,41,123,2169,3,3.0,2292
3170,729082589,1.859901809935241,2459283.6140225925,0.16666666666666666,4.0,0.000581389684828661,0.5813896848286609,0.07164235088404161,3.633650130470575e-05,7.514668273806364,0.001134427479976418,0.0007651608525404141,10,215,2077,3,24.0,2292
13922,871564263,5.666431630140907,2459286.905689259,0.20833333333333337,5.000000000000001,0.001272274739049691,1.272274739049691,0.10991458562715484,6.960336949983023e-05,7.5145741919592135,0.001570094359308872,0.001059014136860159,3,86,2206,26,30.0,2292
5013,732456321,1.9154470825988086,2459283.197355926,0.16666666666666666,4.0,0.0007629018004065043,0.7629018004065042,0.0716439694538099,6.256705938432471e-05,7.506238578405526,0.0014902718766942233,0.0010051746099380976,9,215,2076,23,24.0,2291
16318,940121657,3.145624121691652,2459285.4390225927,0.25,6.0,0.0005573101853202647,0.5573101853202647,0.07764689564973222,2.7953517839553696e-05,7.505091150969997,0.0009962704786881003,0.0006719752318144478,5,180,2112,36,36.0,2292
18331,901620111,11.33850618978828,2459292.8015225925,0.20833333333333337,5.000000000000001,0.0024266696558308807,2.4266696558308807,0.13897752355282994,0.0001560512288910547,7.494035849837806,0.002357397550988991,0.0015900428645548303,2,53,2238,23,26.5,2291
14661,873094935,11.33850618978828,2459292.8015225925,0.20833333333333337,5.000000000000001,0.0020770275708100953,2.0770275708100954,0.13898546364265657,0.00011432215354249006,7.4906968052837,0.0020186358294327173,0.0013615512137007402,2,53,2227,23,26.5,2280
9889,806463269,5.666431630140907,2459286.8973559258,0.16666666666666666,4.0,0.001599446200754029,1.599446200754029,0.12139177040439848,8.953798521872742e-05,7.49050349734507,0.0017865190253725943,0.0012049905742429479,3,70,2221,22,24.0,2291
16293,939897827,11.386272570267936,2459292.780689259,0.16666666666666666,4.0,0.003410835921537798,3.410835921537798,0.14738462790689816,0.0002733943395658361,7.489867171470102,0.0031220197156198765,0.0021057734490893543,2,47,2244,23,23.5,2291
9398,737503955,11.33850618978828,2459292.780689259,0.16666666666666666,4.0,0.003411698204233215,3.4116982042332147,0.14738530191434637,0.0002735325889640514,7.489624805778975,0.0031229100382951357,0.002106373963506769,2,47,2243,23,23.5,2290
3762,725939173,0.5565500455182143,2459283.1681892592,0.041666666666666664,1.0,0.0008036681827482126,0.8036681827482126,0.07949483590381667,5.5222957850735144e-05,7.489604009557903,0.0014031883614679457,0.0009464375836152339,29,171,2121,3,6.0,2292
20858,901522777,11.33850618978828,2459292.572355926,0.20833333333333337,5.000000000000001,0.001451399241031498,1.451399241031498,0.13082314527827937,6.319679270600425e-05,7.489296307843921,0.0015011410573582623,0.0010125057718590735,2,60,2232,30,30.0,2292
6789,728529891,5.714274802347925,2459286.8015225925,0.20833333333333337,5.000000000000001,0.0011309681122854346,1.1309681122854347,0.10991458562715484,5.500082145327862e-05,7.487956341530938,0.0014006714683597805,0.0009447399624711861,3,86,2206,26,30.0,2292
15243,865340078,11.386272570267936,2459292.780689259,0.16666666666666666,4.0,0.0026961172154748763,2.6961172154748763,0.1473839544968238,0.00017082262893013,7.487822181640228,0.0024684945693304234,0.0016649767768315282,2,47,2245,23,23.5,2292
11806,814045473,11.33850618978828,2459292.7640225925,0.16666666666666666,4.0,0.0018457064607151272,1.8457064607151272,0.1458737975410098,8.175917613901346e-05,7.4874418407617815,0.001707850255831291,0.0011519292161279449,2,48,2243,24,24.0,2291
15809,933774765,6.904292363633968,2459285.6765225925,0.20833333333333337,5.000000000000001,0.0010433576666433759,1.043357666643376,0.13082314527827937,3.2657856616305297e-05,7.483396147065723,0.0010799660441956115,0.0007284271173584322,2,60,2232,30,30.0,2292
9362,737444705,5.934617491415228,2459286.6640225924,0.25,6.0,0.0014203506827239738,1.4203506827239738,0.09857552798303805,0.00010893938734338077,7.478033572871875,0.0019738768405381285,0.0013313616892878244,3,108,2184,36,36.0,2292
13447,807794877,11.386272570267936,2459292.780689259,0.20833333333333337,5.000000000000001,0.0016402459687724989,1.6402459687724988,0.13529438329142765,7.533139146608415e-05,7.477859734089856,0.0016414425152174305,0.0011071378087261774,2,56,2235,26,28.0,2291
5797,732536135,0.5977804514541087,2459283.059855926,0.041666666666666664,1.0,0.0010284240523447937,1.0284240523447936,0.08150044830703666,8.567013854674424e-05,7.47478642598366,0.0017511806275518807,0.0011811551514581686,27,162,2130,6,6.0,2292
7063,734417146,11.33850618978828,2459292.7751339534,0.16666666666666666,4.0,0.002894217056789392,2.894217056789392,0.1473859765199637,0.0001968475707375503,7.4742109939747765,0.002654695257590734,0.0017905674204712896,2,47,2242,23,23.5,2289
11017,815480595,12.971175778322415,2459292.5390225924,0.25,6.0,0.0011606299689197281,1.1606299689197281,0.11974698050197065,4.849422929116593e-05,7.472072164873913,0.0013180108061528397,0.0008889861096403884,2,72,2220,36,36.0,2292
13566,846474900,11.386272570267936,2459292.7515225927,0.125,3.0,0.002028434794208329,2.0284347942083287,0.16799119080810546,7.406185885838974e-05,7.471451474185508,0.0016289483786785539,0.0010987106290830662,2,36,2256,18,18.0,2292
2510,682923430,11.33850618978828,2459292.5390225924,0.25,6.0,0.0010906535627871858,1.0906535627871858,0.11974698050197065,4.282290698473374e-05,7.468518771161358,0.0012391349135788493,0.0008357850489537633,2,72,2220,36,36.0,2292
7550,731986960,5.959618597588408,2459286.6140225925,0.16666666666666666,4.0,0.0008956544707060036,0.8956544707060037,0.11974698050197065,2.8879089512243455e-05,7.468074286321096,0.0010176492502164158,0.000686395015659258,3,72,2220,24,24.0,2292
4763,729668539,11.386272570267936,2459292.8015225925,0.125,3.0,0.0016927576329059662,1.6927576329059661,0.17033699240850794,5.014499706582467e-05,7.4614409445195795,0.001342165579569209,0.0009052782811069804,2,35,2256,17,17.5,2291
2448,679287883,3.364484858021865,2459285.3640225925,0.20833333333333337,5.000000000000001,0.001089452573538062,1.089452573538062,0.08446145942736452,8.901801824915297e-05,7.459763983854634,0.001788664433557112,0.0012064376322387105,5,150,2141,30,30.0,2291
11543,815599263,11.775719489862274,2459292.572355926,0.20833333333333337,5.000000000000001,0.0011833725954539852,1.183372595453985,0.13082314527827937,4.2011120990145035e-05,7.456719550908076,0.0012292757755636373,0.0008291351514660983,2,60,2232,30,30.0,2292
10308,811549761,2.182066224845287,2459284.6765225925,0.20833333333333337,5.000000000000001,0.001028848105629848,1.028848105629848,0.07687256374498008,9.738461505014765e-05,7.453815042019674,0.0018723264034746444,0.001262866857867695,7,184,2107,8,30.0,2291
12946,805749797,11.33850618978828,2459292.780689259,0.16666666666666666,4.0,0.0013559649834369134,1.3559649834369134,0.1473839544968238,4.320806435321612e-05,7.449289375142354,0.0012479079692758418,0.0008417023939537582,2,47,2245,23,23.5,2292
3684,729233073,1.002552326558585,2459283.822355926,0.08333333333333333,2.0,0.0005050479453155383,0.5050479453155383,0.0770625670686628,2.33392185766714e-05,7.448413879559732,0.0009172640079094594,0.0006186860973353969,16,183,2109,7,12.0,2292
22184,952644874,13.080694826110575,2459292.5140225925,0.25,6.0,0.00184308983800693,1.8430898380069298,0.11974698050197065,0.00012229128543471881,7.4480371991141,0.0020997660800282747,0.001416272818041464,2,72,2220,36,36.0,2292
3704,729039219,11.33850618978828,2459292.5390225924,0.25,6.0,0.0008907658609810024,0.8907658609810024,0.11974698050197065,2.856469748721215e-05,7.447361891095959,0.0010149095853696165,0.000684547137036029,2,72,2220,36,36.0,2292
1437,679009297,11.33850618978828,2459292.780689259,0.16666666666666666,4.0,0.0017046854985872544,1.7046854985872544,0.1473839544968238,6.828988725370139e-05,7.444868631167856,0.001569770476768425,0.0010587956810794719,2,47,2245,23,23.5,2292
5148,724877533,8.591269963855224,2459286.905689259,0.20833333333333337,5.000000000000001,0.0015926133068875745,1.5926133068875745,0.13529512345610023,7.101968006771051e-05,7.444383103446397,0.0016009421495870157,0.001079820686353039,2,56,2234,26,28.0,2290
9964,817815075,11.925172095626811,2459292.5390225924,0.25,6.0,0.0013993261027810768,1.3993261027810768,0.11974698050197065,7.049208750928117e-05,7.443012298451944,0.0015952782610454234,0.0010760004458690298,2,72,2220,36,36.0,2292
2360,679224216,1.3974622104621592,2459283.8890225925,0.125,3.0,0.0008581634675995868,0.8581634675995867,0.07435092446850082,7.290800917513216e-05,7.4413161817479665,0.001622754639618734,0.0010945330093206085,11,198,2094,18,18.0,2292
18468,901795165,13.025820200358702,2459292.530689259,0.20833333333333337,5.000000000000001,0.0018897517696314326,1.8897517696314325,0.13082314527827937,0.00010713485252475394,7.438109266151878,0.001967967092270217,0.0013273756186902852,2,60,2232,30,30.0,2292
10049,811474697,0.3812309223407442,2459282.878605926,0.020833333333333332,0.5,0.0016719856857078926,1.6719856857078925,0.09164279404809805,0.00017611877639236176,7.438006268393026,0.002523255842668508,0.0017019127496752384,42,126,2165,3,3.0,2291
5747,726944142,1.660332947979662,2459284.1390225925,0.125,3.0,0.0005945618062169827,0.5945618062169826,0.07764689564973222,3.181533672708008e-05,7.437393641545453,0.0010725375148356172,0.0007234166429486155,10,180,2112,18,18.0,2292
3625,729309360,1.1421018050028546,2459283.997355926,0.08333333333333333,2.0,0.0005496917451820985,0.5496917451820985,0.08104002583686552,2.477720320714997e-05,7.436373367215518,0.0009408394851843328,0.0006345875389075495,15,162,2130,2,12.0,2292
9173,737383274,11.33850618978828,2459292.780689259,0.16666666666666666,4.0,0.0030085934648420762,3.0085934648420762,0.1473839544968238,0.0002127134139622256,7.435057213727368,0.0027741383872473073,0.0018711307077076134,2,47,2245,23,23.5,2292
6080,727598565,11.33850618978828,2459292.8015225925,0.20833333333333337,5.000000000000001,0.001070321128051434,1.070321128051434,0.13897680557277214,3.0358063904562295e-05,7.43432592088889,0.0010481186205650588,0.0007069463244064877,2,53,2239,23,26.5,2292
19253,901223385,11.33850618978828,2459292.5390225924,0.25,6.0,0.0015230632012763832,1.5230632012763832,0.11974698050197065,8.350997454296152e-05,7.433305684172698,0.0017386100293300423,0.0011726763991164457,2,72,2220,36,36.0,2292
15136,874646394,0.8402842071337513,2459283.2431892594,0.020833333333333332,0.5,0.0040052935789279525,4.005293578927953,0.13082314527827937,0.0004812712996020446,7.43029334006742,0.004175457042647177,0.0028163071918569926,20,60,2232,3,3.0,2292
2131,683025478,11.386272570267936,2459283.2390225925,0.25,6.0,0.001953774564205666,1.9537745642056659,0.14298961616167252,9.543087619342599e-05,7.429338125273695,0.0018595562888164053,0.001254253533533256,2,50,2242,14,25.0,2292
14901,868596226,2.0315636849737864,2459284.2306892592,0.16666666666666666,4.0,0.0009240032849118864,0.9240032849118863,0.0753957811122334,8.196307877068384e-05,7.421904670473243,0.0017250780837376404,0.0011635492268566305,8,192,2100,24,24.0,2292
4326,725782486,0.6612403332665958,2459283.1140225925,0.0625,1.5,0.0007875605890542745,0.7875605890542745,0.0716439694538099,6.667705575388796e-05,7.420182840134136,0.0015562830888247703,0.0010496985625420008,24,215,2076,8,9.0,2291
11661,815620043,5.666431630140907,2459286.905689259,0.20833333333333337,5.000000000000001,0.0010638991970981925,1.0638991970981924,0.1099155208147294,4.867090456820568e-05,7.417684922469588,0.001330090907699009,0.0008971340265068184,3,86,2205,26,30.0,2291
4529,725681925,0.6079175015076093,2459283.1098559257,0.041666666666666664,1.0,0.00102304501520784,1.0230450152078399,0.08173397935320782,8.425299880289957e-05,7.413934974504588,0.0017508901882029855,0.0011809592528011503,27,161,2131,5,6.0,2292
5906,732513655,0.6529533173601715,2459283.0390225924,0.0625,1.5,0.0007624052138860551,0.7624052138860551,0.06951997875086216,6.684509666847376e-05,7.412937414732789,0.0015597659743635732,0.001052047736654238,26,230,2061,7,9.0,2291
11551,808396771,11.33850618978828,2459292.8015225925,0.20833333333333337,5.000000000000001,0.0018048524465142696,1.8048524465142697,0.13897680557277214,8.632354737274643e-05,7.405437703905268,0.001774307565592176,0.0011967540574613356,2,53,2239,23,26.5,2292
16482,901292951,11.33850618978828,2459292.5390225924,0.25,6.0,0.0015357039555231322,1.5357039555231322,0.11974698050197065,8.49019190043382e-05,7.399501557215522,0.001761048371891759,0.001187810853832294,2,72,2220,36,36.0,2292
2587,678743262,1.9074116194064923,2459282.906610973,0.16666666666666666,4.0,0.0005572545395439662,0.5572545395439662,0.06965302004495924,3.555598520094997e-05,7.3955253031858295,0.0011402559021744302,0.0007690920694553016,10,229,2063,16,24.0,2292
10312,812855126,11.33850618978828,2459292.780689259,0.16666666666666666,4.0,0.001503380315751682,1.503380315751682,0.1473839544968238,5.3113580784056235e-05,7.392838629489043,0.0013941405587731242,0.0009403349243040093,2,47,2245,23,23.5,2292
2095,683023086,11.290940193331583,2459292.5223559258,0.08333333333333333,2.0,0.0017746836766963118,1.7746836766963119,0.20520132498171262,3.7794025827988075e-05,7.387132973872385,0.0011769300696569402,0.0007938284565337517,2,24,2268,12,12.0,2292
4865,734022153,1.1712759468110976,2459283.4890225925,0.08333333333333333,2.0,0.0016493076599628977,1.6493076599628977,0.08173397935320782,0.0002189773684555893,7.384731839596316,0.0028338697445025388,0.001911418956227262,14,161,2131,5,12.0,2292
13557,855529243,11.33850618978828,2459292.8015225925,0.20833333333333337,5.000000000000001,0.0016407839074234775,1.6407839074234776,0.13897968132560518,7.134255351778615e-05,7.384126334126661,0.001617671016190538,0.0010911041522936316,2,53,2235,23,26.5,2288
15826,942276929,9.266603625088788,2459282.972355926,0.08333333333333333,2.0,0.0032389913489563283,3.2389913489563282,0.1679917758636479,0.00018883916925505084,7.381133913872693,0.0026329217597871046,0.0017758813974012577,3,36,2255,12,12.0,2291
20025,901005861,0.3686228427675574,2459283.2056892593,0.020833333333333332,0.5,0.0016797147824226168,1.6797147824226168,0.09063254843138026,0.0001819829928936443,7.373140906814848,0.002587485148329996,0.0017452348228315095,43,129,2163,3,3.0,2292
5587,729362667,0.6447701587491637,2459283.1765225925,0.0625,1.5,0.00048581719454973926,0.48581719454973926,0.07076542517558257,2.6080027290479803e-05,7.3726616969489935,0.0009795908329544771,0.0006607249648957758,25,221,2071,5,9.0,2292
6980,727073412,0.5878124371390634,2459283.134855926,0.041666666666666664,1.0,0.0007745901959870473,0.7745901959870473,0.08150180116168226,4.859918770925944e-05,7.3717739611370305,0.0013373882183569275,0.0009020559951146145,27,162,2129,6,6.0,2291
13142,807583811,6.294380820696709,2459286.3015225925,0.125,3.0,0.001021637505539098,1.0216375055390978,0.13771472703779372,2.818106620355206e-05,7.368878482831919,0.0010188079216495176,0.0006871765288341547,3,54,2238,18,18.0,2292
596,684894401,11.33850618978828,2459292.780689259,0.16666666666666666,4.0,0.0032557408545125523,3.255740854512552,0.1473839544968238,0.0002490964400259399,7.366286763234005,0.0030300523838354344,0.00204374233362703,2,47,2245,23,23.5,2292
6233,727317068,2.87982702220125,2459285.4390225927,0.25,6.0,0.000557925186825322,0.5579251868253221,0.07764689564973222,2.8015246268466345e-05,7.3653984475568235,0.0010162860730348008,0.0006854755652467293,5,180,2112,36,36.0,2292
22416,952567542,11.33850618978828,2459292.5515225925,0.20833333333333337,5.000000000000001,0.0018860791798029557,1.8860791798029557,0.13082314527827937,0.0001067188401745857,7.364533892965885,0.001983765261772346,0.0013380313380361164,2,60,2232,30,30.0,2292
6930,727246449,1.8520993638792635,2459283.030689259,0.16666666666666666,4.0,0.0007257035225232997,0.7257035225232996,0.0720970291556868,5.582443387588888e-05,7.364503047885111,0.001434774717765858,0.0009677422890637111,9,212,2079,21,24.0,2291
5456,729382717,5.738347658137348,2459285.634855926,0.20833333333333337,5.000000000000001,0.0007637924167355976,0.7637924167355976,0.1075418231100453,2.625204851382622e-05,7.361944621558763,0.0009842468888081345,0.0006638654315446746,3,90,2202,30,30.0,2292
12602,810242096,11.386272570267936,2459292.747355926,0.16666666666666666,4.0,0.0017946837958230108,1.7946837958230109,0.1458731165496484,7.730135824775257e-05,7.36144601633344,0.0016890613670134799,0.0011392562842394982,2,48,2244,24,24.0,2292
5418,728763669,2.87982702220125,2459283.030689259,0.20833333333333337,5.000000000000001,0.0006612672271290373,0.6612672271290373,0.0770625670686628,4.0010602629255706e-05,7.359127137074002,0.0012155595459655561,0.0008198836813473331,7,183,2109,3,30.0,2292
12022,805338233,5.618989028296012,2459286.9306892594,0.16666666666666666,4.0,0.0013823618582865741,1.3823618582865742,0.11974698050197065,6.879327506083838e-05,7.355700841322922,0.0015946446955375762,0.0010755731117884637,3,72,2220,24,24.0,2292
5722,732536423,5.811176414888036,2459285.718189259,0.20833333333333337,5.000000000000001,0.0010113034346496705,1.0113034346496705,0.1075418231100453,4.6023058662039916e-05,7.351789971284354,0.001304997397178981,0.0008802086855382307,3,90,2202,30,30.0,2292
4373,732722796,2.647595979909538,2459284.5640225927,0.25,6.0,0.00129659186619999,1.29659186619999,0.06688811291244928,0.00021098438367074456,7.3514543544858775,0.002794260480793066,0.0018847028738655514,7,251,2041,35,36.0,2292
12663,810647194,6.933378475196105,2459285.6015225924,0.125,3.0,0.001331525365725403,1.331525365725403,0.16799119080810546,3.1913276392263024e-05,7.348180594572654,0.0010872286127879306,0.0007333256527640164,2,36,2256,18,18.0,2292
5713,725162361,0.4252626255580674,2459282.876259967,0.041666666666666664,1.0,0.0008380088404363001,0.8380088404363001,0.07020140583398292,7.900411687305663e-05,7.348138473627321,0.0017030354954674835,0.0011486817047534625,38,223,2069,2,6.0,2292
1154,684002493,1.0996974237151,2459283.4223559257,0.08333333333333333,2.0,0.0020392763536714893,2.039276353671489,0.08014481109357388,0.0003493264359180695,7.345192749949505,0.003598549884379945,0.002427188644529843,14,168,2124,12,12.0,2292
1818,682681329,11.925172095626811,2459292.572355926,0.20833333333333337,5.000000000000001,0.0013832327963716696,1.3832327963716697,0.13082314527827937,5.739998906874567e-05,7.340822068330655,0.0014595742913827792,0.000984469372307284,2,60,2232,30,30.0,2292
12184,806833719,17.929199484222682,2459288.1390225925,0.25,6.0,0.0026614286104984677,2.6614286104984677,0.15573749026057593,0.0001487472472243759,7.340475833702703,0.002349715345805342,0.0015848612881460555,2,42,2249,6,21.0,2291
5821,730268738,0.6640259786433875,2459282.9890225925,0.0625,1.5,0.000676897545037272,0.6768975450372721,0.07149515606300194,4.948455093956845e-05,7.3392353008269025,0.0013554983800264052,0.0009142711318133045,24,216,2075,9,9.0,2291
13995,872293033,0.30895938791502675,2459282.9827725925,0.020833333333333332,0.5,0.001082306637693354,1.082306637693354,0.08368665302072652,8.961115583662462e-05,7.33829614480249,0.001824319091977819,0.0012304863698757718,51,153,2139,3,3.0,2292
5736,730412251,6.009937224453315,2459286.5515225925,0.20833333333333337,5.000000000000001,0.0010720669926014225,1.0720669926014226,0.1075418231100453,5.171974364814563e-05,7.330582265046622,0.0013874096401887183,0.0009357949819160383,3,90,2202,30,30.0,2292
7459,726323953,11.33850618978828,2459292.572355926,0.20833333333333337,5.000000000000001,0.0011915013303189252,1.1915013303189252,0.13082314527827937,4.259026260455305e-05,7.325612130219985,0.00125987145573065,0.0008497716550186496,2,60,2232,30,30.0,2292
4138,734597559,12.80861409750515,2459292.54180062,0.25,6.0,0.0020519903701191923,2.051990370119192,0.12056101149502675,0.00014947858900669745,7.32471638189913,0.0023605525852807025,0.0015921709060304212,2,71,2220,35,35.5,2291
14183,871251013,11.33850618978828,2459292.780689259,0.20833333333333337,5.000000000000001,0.0010014708394049802,1.0014708394049803,0.13529512345610023,2.8082427580998436e-05,7.322145128686884,0.0010235144750730557,0.000690351055627314,2,56,2234,26,28.0,2290
7809,726387238,11.386272570267936,2459292.5390225924,0.25,6.0,0.0011454803352691219,1.1454803352691219,0.11974698050197065,4.723650714557736e-05,7.320870479288475,0.0013276731204183666,0.0008955032513276451,2,72,2220,36,36.0,2292
15532,942857458,3.003473104285479,2459283.2890225924,0.25,6.0,0.0015801120421581971,1.5801120421581971,0.07149353256085755,0.0002696494391035216,7.31635166791092,0.003174096939618411,0.0021408990554555585,6,216,2076,36,36.0,2292
11101,811820180,5.666431630140907,2459286.8890225925,0.125,3.0,0.0017347272271202615,1.7347272271202616,0.13771545224549753,8.12505209178335e-05,7.315834880122774,0.0017424654679821623,0.0011752768568610295,3,54,2237,18,18.0,2291
10689,811317280,11.33850618978828,2459292.780689259,0.16666666666666666,4.0,0.0019565136650017126,1.9565136650017125,0.1473839544968238,8.995672445145319e-05,7.311514056321826,0.0018345286359148728,0.0012373726129197848,2,47,2245,23,23.5,2292
1545,682984997,18.69899407745357,2459286.4640225926,0.16666666666666666,4.0,0.0027128536600059977,2.712853660005998,0.1458731165496484,0.0001766297995345905,7.307861810295389,0.0025719152849934057,0.0017347330938846661,2,48,2244,24,24.0,2292
1572,679007445,11.386272570267936,2459292.7765225926,0.125,3.0,0.0017323663677582504,1.7323663677582504,0.16799119080810546,5.401967817851845e-05,7.306600733802164,0.0014225764600032597,0.0009595146769211249,2,36,2256,18,18.0,2292
3675,734474143,12.75488087351786,2459292.4945786474,0.25,6.0,0.002034019668296896,2.034019668296896,0.12058573563751725,0.0001468718783911608,7.302962943122813,0.0023468494226437046,0.0015829282494561614,2,71,2191,35,35.5,2262
14020,872298445,11.33850618978828,2459292.5390225924,0.25,6.0,0.001383310056285704,1.383310056285704,0.11974698050197065,6.888768162556166e-05,7.302587596111473,0.0016073446433765744,0.0010841391092517028,2,72,2220,36,36.0,2292
15503,915483591,4.534670397398206,2459282.933518862,0.20833333333333337,5.000000000000001,0.0005096088348493419,0.5096088348493419,0.08608132081163344,1.869848384806828e-05,7.302236501950702,0.0008345436802120259,0.0005628920006826021,5,143,2149,23,30.0,2292
13853,857216306,11.33850618978828,2459292.8015225925,0.20833333333333337,5.000000000000001,0.0018301893905638975,1.8301893905638975,0.13897752355282994,8.876421994131523e-05,7.298157622472316,0.0018256634853258892,0.0012313931507661469,2,53,2238,23,26.5,2291
2359,683644936,13.080694826110575,2459292.5390225924,0.25,6.0,0.0012877818253357709,1.287781825335771,0.11974698050197065,5.970175306794467e-05,7.2971500596947765,0.00149746011075749,0.0010100230073907257,2,72,2220,36,36.0,2292
14074,871417236,11.33850618978828,2459292.780689259,0.20833333333333337,5.000000000000001,0.0013632375366544511,1.3632375366544511,0.1352973479069103,5.203566427762349e-05,7.29472635582677,0.0013984809162515947,0.0009432624553160629,2,56,2231,26,28.0,2287
18814,901383474,13.585086997041817,2459292.4890225925,0.25,6.0,0.002195221369387411,2.195221369387411,0.15758962816052258,9.878943564261038e-05,7.294340893723578,0.00192701100231685,0.0012997511144724472,2,41,2251,5,20.5,2292
2367,679286649,11.290940193331583,2459292.572355926,0.20833333333333337,5.000000000000001,0.000955174140423905,0.9551741404239049,0.13082314527827937,2.7370729156036372e-05,7.2867375118601485,0.0010153717030614974,0.0006848588311489934,2,60,2232,30,30.0,2292
13206,814708513,12.971175778322415,2459292.7515225927,0.125,3.0,0.0019984856953903065,1.9984856953903065,0.17033988250777124,6.989403880689434e-05,7.286395403342241,0.0016226405739508886,0.0010944560730816733,2,35,2251,17,17.5,2286
13324,811131747,11.290940193331583,2459292.8140225927,0.16666666666666666,4.0,0.001819563269598338,1.819563269598338,0.15573685579838914,6.952702033349928e-05,7.285063649245023,0.001618670515780062,0.001091778305530866,2,42,2250,18,21.0,2292
11253,815726292,8.591269963855224,2459283.4140225924,0.25,6.0,0.0010044972828666438,1.0044972828666439,0.09857552798303805,5.4486798729469385e-05,7.28373400926263,0.0014331992308703595,0.0009666796377110209,3,108,2184,36,36.0,2292
19227,901105505,13.19113857201659,2459292.4140225924,0.25,6.0,0.0015154383499795074,1.5154383499795074,0.11974698050197065,8.267592213319004e-05,7.2834033571799575,0.001765509909898325,0.0011908201199907764,2,72,2220,36,36.0,2292
13263,805345468,8.736959126883036,2459286.655689259,0.20833333333333337,5.000000000000001,0.0021058409383110425,2.1058409383110424,0.13082621946986764,0.00013303698172400196,7.279656102351159,0.0022407341141311076,0.0015113544544254065,2,60,2228,30,30.0,2288
17394,940931534,5.666431630140907,2459287.1140225925,0.16666666666666666,4.0,0.002448889011878519,2.448889011878519,0.12056101149502675,0.00021289553743372692,7.278152877840816,0.0028351569331277757,0.0019122871530606877,3,71,2220,23,24.0,2291
4084,729808127,10.60093300450108,2459292.8140225927,0.25,6.0,0.0010011893651532366,1.0011893651532366,0.13082314527827937,3.007140434687823e-05,7.2711514950846405,0.0010665682705854073,0.00071939044286079,2,60,2232,24,30.0,2292
8141,731216234,11.33850618978828,2459292.780689259,0.16666666666666666,4.0,0.0019067822445137702,1.9067822445137703,0.1473839544968238,8.544173540783483e-05,7.270718390698563,0.0017979296905911231,0.0012126869624923264,2,47,2245,23,23.5,2292
10815,812279748,5.934617491415228,2459286.634855926,0.20833333333333337,5.000000000000001,0.0011400095500606075,1.1400095500606076,0.10754278240755165,5.84829798403225e-05,7.266250391388359,0.0014883990524773758,0.00100391140730971,3,90,2201,30,30.0,2291
5771,726984140,1.7171216422693196,2459283.5806892593,0.16666666666666666,4.0,0.0004967719182532769,0.49677191825327693,0.06834612263186154,2.9490489482422335e-05,7.2648987993087015,0.001057125184574348,0.0007130211686053878,10,239,2053,23,24.0,2292
17947,940755477,1.6956017596383637,2459283.347355926,0.16666666666666666,4.0,0.0008274837780982176,0.8274837780982176,0.0686004904324058,8.114043425736048e-05,7.262455965643332,0.0017540830403224102,0.0011831128020520776,10,237,2055,21,24.0,2292
4142,729999315,11.386272570267936,2459292.747355926,0.16666666666666666,4.0,0.001330240733720502,1.330240733720502,0.1458731165496484,4.246896983158223e-05,7.261197484463357,0.0012692366745466052,0.0008560884085704878,2,48,2244,24,24.0,2292
4328,730603848,1.5200391097177608,2459283.4306892594,0.08333333333333333,2.0,0.00119700646573082,1.1970064657308201,0.08965891221022336,9.456641561409167e-05,7.259898012867404,0.0018943182448332724,0.0012777001516479647,11,132,2160,12,12.0,2292
11762,805319309,11.33850618978828,2459292.5390225924,0.25,6.0,0.0010488103933099348,1.0488103933099349,0.11974698050197065,3.960011668013784e-05,7.253327143154767,0.0012269474573278222,0.0008275647223309202,2,72,2220,36,36.0,2292
2077,679193843,11.290940193331583,2459292.8140225927,0.125,3.0,0.0017030005176840053,1.7030005176840053,0.17534452957670782,4.785347759332784e-05,7.250626554517973,0.0013492617620509684,0.0009100645906184868,2,33,2259,15,16.5,2292
12100,814517417,6.215496289070331,2459286.905689259,0.20833333333333337,5.000000000000001,0.0016530567346897224,1.6530567346897225,0.1352936437847547,7.651270390688532e-05,7.246103782823286,0.0017071717787895922,0.001151471589632802,2,56,2236,26,28.0,2292
16935,902232014,11.290940193331583,2459292.7973559257,0.16666666666666666,4.0,0.0023159797994876026,2.3159797994876024,0.1522271467346574,0.00011800277349596198,7.243947525611508,0.0021207320980129512,0.0014304142034351486,2,44,2243,20,22.0,2287
10526,808054293,11.33850618978828,2459292.5390225924,0.25,6.0,0.001128457872556949,1.128457872556949,0.11974698050197065,4.58430181248872e-05,7.243822459139231,0.0013218549490455309,0.0008915789484996162,2,72,2220,36,36.0,2292
5846,727454164,1.6326468258374205,2459283.0473559257,0.08333333333333333,2.0,0.0007925369716547948,0.7925369716547948,0.09096486799238736,4.019935049214419e-05,7.239988844256634,0.0012384732165828544,0.0008353387404443913,11,128,2164,8,12.0,2292
11,650202354,11.290940193331583,2459292.5390225924,0.25,6.0,0.0018738688264679326,1.8738688264679326,0.11974782810718432,0.00012640983763709905,7.235249793804695,0.0021976164892896356,0.0014822720148992552,2,72,2219,36,36.0,2291
6347,731427011,0.5636135506070269,2459282.9223559257,0.041666666666666664,1.0,0.0012045464682468115,1.2045464682468114,0.08014619461643462,0.00012187830430993282,7.22506857345863,0.002160907745171385,0.0014575123061995043,28,168,2123,6,6.0,2291
8194,350764642,12.80861409750515,2459292.54180062,0.25,6.0,0.0020224193145212633,2.0224193145212634,0.12056269601268026,0.0001452013858730773,7.221851886418401,0.0023596728811856363,0.0015915775537472254,2,71,2218,35,35.5,2289
17889,941042337,11.33850618978828,2459292.7640225925,0.16666666666666666,4.0,0.002897151976023687,2.897151976023687,0.1458737975410098,0.0002014437497322709,7.218496475418831,0.0027806424436498407,0.0018755176336502366,2,48,2243,24,24.0,2291
9092,736544881,8.591269963855224,2459286.9140225924,0.16666666666666666,4.0,0.0025291176355776053,2.5291176355776055,0.1458731165496484,0.00015351446435015175,7.217712394169343,0.002427672372580327,0.0016374425823420524,2,48,2244,24,24.0,2292
6767,728123622,0.6584663739087473,2459283.2890225924,0.0625,1.5,0.0005473869389382697,0.5473869389382696,0.07149353256085755,3.236030577938257e-05,7.211741017198809,0.0011155298192753811,0.0007524145550218408,24,216,2076,9,9.0,2292
13271,810919949,11.196405993501577,2459292.947355926,0.20833333333333337,5.000000000000001,0.001409278377316825,1.4092783773168251,0.17802767380641474,3.1777048716363894e-05,7.210806702090337,0.0011055742730049034,0.000745699631056862,2,32,2253,2,16.0,2285
1381,679477668,6.904292363633968,2459285.655689259,0.20833333333333337,5.000000000000001,0.00129853402040463,1.29853402040463,0.13082314527827937,5.058571806444637e-05,7.210675942743161,0.001394931813728862,0.0009408686184600445,2,60,2232,30,30.0,2292
5062,729663025,9.266603625088788,2459285.597355926,0.16666666666666666,4.0,0.0013857003652502134,1.3857003652502133,0.1458731165496484,4.608397205410979e-05,7.210063669495906,0.0013315296766847687,0.0008981044628927348,2,48,2244,24,24.0,2292
4451,734524994,11.33850618978828,2459292.54180062,0.25,6.0,0.0021138294427088364,2.113829442708836,0.11974782810718432,0.00016085789686305898,7.20596716027947,0.0024891089842045233,0.0016788810091761253,2,72,2219,36,36.0,2291
5882,724931331,0.6502141227378749,2459283.2140225926,0.0625,1.5,0.0009303268519151846,0.9303268519151846,0.07062456925473273,9.607139370478039e-05,7.205829819944363,0.001923658793805505,0.0012974900808077061,25,222,2069,7,9.0,2291
6264,734053884,11.386272570267936,2459292.5390225924,0.25,6.0,0.0018765588958058986,1.8765588958058985,0.11974698050197065,0.00012677303841941712,7.205362462654149,0.0022098999639191064,0.0014905571050310984,2,72,2220,36,36.0,2292
14426,847045953,2.1456801782411774,2459284.8265225925,0.125,3.0,0.0014228314255006565,1.4228314255006564,0.09857552798303805,0.00010932026033118043,7.2041933194736085,0.0020524848878593314,0.0013843820908264748,6,108,2184,18,18.0,2292
2254,220438568,1.58530236305988,2459283.2306892592,0.08333333333333333,2.0,0.0036309338344981935,3.6309338344981934,0.08965891221022336,0.0008701229136932478,7.202451366674949,0.005791952160681838,0.0039066182117104,11,132,2160,12,12.0,2292
7770,727701399,0.8402842071337513,2459283.1640225924,0.08333333333333333,2.0,0.0007935346141228627,0.7935346141228627,0.06965302004495924,7.210032754637332e-05,7.202089235907099,0.0016673436450242256,0.0011246078814408644,20,229,2063,2,12.0,2292
4125,732481330,18.856874601236278,2459286.7265225924,0.125,3.0,0.002399139103457318,2.399139103457318,0.16799119080810546,0.0001036056318792837,7.202029795792144,0.0019987191151519855,0.001348117573959251,2,36,2256,18,18.0,2292
5289,730458785,1.59868748775681,2459283.0140225925,0.125,3.0,0.0009305691389532445,0.9305691389532446,0.07435245884961565,8.572993331484612e-05,7.199754325372249,0.001818710454981787,0.0012267033960486895,11,198,2093,18,18.0,2291
14652,857418298,1.2793802693850624,2459283.7765225926,0.125,3.0,0.0009791533581736402,0.9791533581736402,0.06898849848111081,0.00011217273196225789,7.198288294311556,0.0020807955486054066,0.0014034773698943792,13,234,2058,18,18.0,2292
13873,859594301,11.33850618978828,2459292.8140225927,0.25,6.0,0.001102846994917777,1.102846994917777,0.13082468100454214,3.648814482597514e-05,7.198209362818671,0.0011867696060062609,0.0008004651328789025,2,60,2230,24,30.0,2290
4412,725814868,2.3437183115783053,2459284.5515225925,0.20833333333333337,5.000000000000001,0.0007185655359772608,0.7185655359772608,0.07303256340472714,5.318265223791168e-05,7.196941182903214,0.0014330193027780615,0.0009665582778753956,7,206,2086,26,30.0,2292
13615,859077222,11.386272570267936,2459292.5140225925,0.25,6.0,0.0008556874958513759,0.8556874958513758,0.11974698050197065,2.635923926003034e-05,7.192479914521674,0.0010094917548614925,0.0006808928604218889,2,72,2220,36,36.0,2292
4534,729683665,3.435953284237533,2459284.905689259,0.20833333333333337,5.000000000000001,0.0007555836584700023,0.7555836584700023,0.0844601685689565,4.2817999871018474e-05,7.191759092054372,0.0012867466759847812,0.0008678987427389595,5,150,2142,30,30.0,2292
15474,936660916,6.035255634419932,2459286.7306892592,0.16666666666666666,4.0,0.000940060497813393,0.940060497813393,0.12139093578276236,3.0929980884220745e-05,7.191605138748094,0.0010936515921967102,0.0007376578930235467,3,70,2222,22,24.0,2292
16049,901304376,11.33850618978828,2459292.8015225925,0.20833333333333337,5.000000000000001,0.002497880098326461,2.497880098326461,0.13897752355282994,0.0001653442321188084,7.186894315031085,0.0025302781436524866,0.001706649226799195,2,53,2238,23,26.5,2291
14304,297583265,8.168617348426988,2459284.3556892592,0.08333333333333333,2.0,0.0012584532350421198,1.2584532350421198,0.16799119080810546,2.8506681806183578e-05,7.182947646043072,0.0010512006744768973,0.0007090251412902315,3,36,2256,12,12.0,2292
3646,729048510,7.200729855797949,2459285.2890225924,0.25,6.0,0.0015593503345103432,1.5593503345103432,0.1197495255934974,8.75366447665507e-05,7.182647430862255,0.0018421517242347635,0.001242514315550225,2,72,2217,36,36.0,2289
3790,728965193,0.6420652931722439,2459283.2265225924,0.0625,1.5,0.0006318243004644065,0.6318243004644065,0.0709089559088274,4.3912214132307035e-05,7.182333691583257,0.0013047944087324894,0.0008800717717067918,25,220,2072,4,9.0,2292
1269,677855593,1.7171216422693196,2459283.0640225927,0.16666666666666666,4.0,0.001039563620920149,1.0395636209201489,0.0682202030293411,0.00012968310263287332,7.179927328006576,0.0022430380739046555,0.0015129084540028703,10,240,2052,24,24.0,2292
7252,727013608,2.048716711353336,2459284.1640225924,0.16666666666666666,4.0,0.0009228832770602375,0.9228832770602375,0.07539728559387644,8.176450013543454e-05,7.179488298105949,0.0017811639592706884,0.001201378631640826,8,192,2099,24,24.0,2291
3411,729262677,0.7660551608699844,2459283.155689259,0.041666666666666664,1.0,0.0005902011155776072,0.5902011155776072,0.09233510026841571,2.1596916123401225e-05,7.173740290582645,0.0009161471157603421,0.0006179327639014853,21,124,2168,4,6.0,2292
7532,727913980,2.808096289441262,2459284.134855926,0.20833333333333337,5.000000000000001,0.0010063415284932143,1.0063415284932142,0.07764833995741317,9.114509447730529e-05,7.1708579115608915,0.001882827489299997,0.0012699497432213658,6,180,2111,30,30.0,2291
11847,815819558,1.7758526914360806,2459284.2140225926,0.16666666666666666,4.0,0.0007466885314610192,0.7466885314610192,0.07149353256085755,6.0214726405664654e-05,7.169285445450437,0.001530701417415264,0.0010324439615643222,9,216,2076,24,24.0,2292
15763,902682152,11.196405993501577,2459292.9640225926,0.25,6.0,0.0015833197090421643,1.5833197090421642,0.16358434890677767,4.763112471978591e-05,7.168456654919899,0.001361553630780145,0.0009183553424930158,2,38,2252,2,19.0,2290
5508,734450239,9.705181593816587,2459285.882078647,0.125,3.0,0.0035190634842803808,3.5190634842803807,0.17035928269108494,0.00021671663661192254,7.1675142419250495,0.0029046416417309656,0.0019591539469384633,2,35,2218,17,17.5,2253
8675,737529332,0.815917146396783,2459283.4327725926,0.0625,1.5,0.0013925201067376916,1.3925201067376916,0.07949483590381667,0.0001657940971756783,7.165131870311292,0.0025414135560861756,0.0017141599595886792,19,171,2121,9,9.0,2292
6012,727608021,6.241680669591374,2459286.9890225925,0.25,6.0,0.0009652330050535239,0.9652330050535239,0.12056017036506472,3.307445376858529e-05,7.164181917140894,0.0011352584231752606,0.0007657213160496834,2,71,2221,35,35.5,2292
4887,729531687,11.33850618978828,2459292.8015225925,0.20833333333333337,5.000000000000001,0.0011073163839868216,1.1073163839868216,0.1389782421710869,3.249296371750973e-05,7.160567323356028,0.0011258025507742283,0.0007593434174923974,2,53,2237,23,26.5,2290
2320,679291820,0.5247397208824656,2459283.1473559258,0.041666666666666664,1.0,0.0008617966480307459,0.8617966480307458,0.07845003488768296,6.535702470501858e-05,7.159180083839793,0.0015969740074318378,0.0010771442111370821,30,176,2116,2,6.0,2292
1529,679091417,4.239688745207652,2459285.7390225925,0.25,6.0,0.0010354054567330482,1.0354054567330482,0.09857552798303805,5.789148083095889e-05,7.158665870742413,0.0015031081683741531,0.0010138325700621564,3,108,2184,36,36.0,2292
15397,941794638,12.971175778322415,2459292.5390225924,0.25,6.0,0.0018695982428373538,1.8695982428373539,0.11974698050197065,0.00012583431322633876,7.155526497625254,0.0022170370206192175,0.0014953709838251839,2,72,2220,36,36.0,2292
3491,730927637,0.5828909357013103,2459282.9306892594,0.041666666666666664,1.0,0.0013701738211483047,1.3701738211483045,0.08036549127200011,0.00015676092106337223,7.154553773705122,0.00247486406021583,0.001669272939576305,28,167,2125,5,6.0,2292
12886,811040560,7.170522182487773,2459285.5640225927,0.08333333333333333,2.0,0.0025503048553058446,2.5503048553058445,0.20520132498171262,7.804865825995877e-05,7.154516209473707,0.0017462943408444202,0.0011778593962258332,2,24,2268,12,12.0,2292
11331,815545281,2.916376606537871,2459285.2640225925,0.25,6.0,0.0006914835888226311,0.6914835888226311,0.07764689564973222,4.30334598249923e-05,7.1531081866526405,0.001296950307127797,0.0008747809976580312,5,180,2112,36,36.0,2292
1003,685257351,11.97540995748185,2459292.509855926,0.20833333333333337,5.000000000000001,0.0014534545261679977,1.4534545261679976,0.13082314527827937,6.337590178914716e-05,7.150520554013765,0.0015744882157309888,0.001061977752415344,2,60,2232,30,30.0,2292
7535,731559377,11.33850618978828,2459292.7890225924,0.125,3.0,0.0020794960020513206,2.0794960020513207,0.1679917758636479,7.783746520585366e-05,7.147623762581909,0.0017456117482883447,0.0011773989938542728,2,36,2255,18,18.0,2291
6187,728318313,3.041591954022484,2459283.6640225924,0.16666666666666666,4.0,0.0011466252962982423,1.1466252962982424,0.08693157440222907,9.268984469282775e-05,7.147439783778542,0.0019049367921640126,0.0012848622637016138,6,141,2151,21,24.0,2292
4692,732469786,4.421720825106962,2459286.5140225925,0.25,6.0,0.001339353618422415,1.339353618422415,0.09857552798303805,9.686887821978567e-05,7.147037918460932,0.0019475160559173875,0.001313581583648582,3,108,2184,36,36.0,2292
6476,725082987,0.9612795523537738,2459282.9556892593,0.08333333333333333,2.0,0.0006889817185883044,0.6889817185883044,0.07401358978103505,4.746958085488935e-05,7.143531502975071,0.0013639854324837902,0.0009199955702710039,17,200,2092,8,12.0,2292
4789,729709928,0.9941583858985419,2459283.4223559257,0.08333333333333333,2.0,0.0007069619423763972,0.7069619423763972,0.07557490271902442,4.77304404510021e-05,7.143057718446078,0.0013678187711452794,0.0009225811217761226,16,191,2101,11,12.0,2292
19425,941005672,11.290940193331583,2459292.530689259,0.20833333333333337,5.000000000000001,0.001577157369655022,1.5771573696550218,0.13082314527827937,7.462276105971443e-05,7.141113295769462,0.0017107428419153848,0.0011538802387126568,2,60,2232,30,30.0,2292
21682,951557414,13.080694826110575,2459292.5202725925,0.0625,1.5,0.0017274418943886147,1.7274418943886147,0.2366340981359744,2.6856499486400335e-05,7.141014743037277,0.0010263128602154873,0.0006922385405473408,2,18,2272,9,9.0,2290
6631,728145014,1.2901824134047417,2459283.1723559257,0.08333333333333333,2.0,0.000709053556418569,0.7090535564185689,0.08608132081163344,3.619850010262709e-05,7.1404463628967605,0.0011916121548416776,0.0008037313873207053,12,144,2148,12,12.0,2292
15985,901563431,11.386272570267936,2459292.780689259,0.16666666666666666,4.0,0.0016501283806553265,1.6501283806553266,0.1473839544968238,6.3988706307138e-05,7.140147424861209,0.0015843804827758037,0.0010686499951273465,2,47,2245,23,23.5,2292
2386,678750471,11.33850618978828,2459292.5390225924,0.25,6.0,0.0008334220272257575,0.8334220272257574,0.11974698050197065,2.5005321916743285e-05,7.137675589069671,0.0009907735811541156,0.0006682676252219855,2,72,2220,36,36.0,2292
14749,871713543,0.6366895558386515,2459283.2827725927,0.0625,1.5,0.0011355269563864926,1.1355269563864925,0.07048141748466372,0.0001437704937578614,7.137126585910827,0.0023758908247629665,0.0016025164068278475,25,223,2069,7,9.0,2292
4788,725684431,2.275753775337196,2459283.384855926,0.20833333333333337,5.000000000000001,0.0008770871775472805,0.8770871775472805,0.07240312257519473,8.077460128687475e-05,7.134166775006197,0.0017815956831312718,0.001201669825395435,7,210,2082,30,30.0,2292
1235,685291388,5.738347658137348,2459286.718189259,0.20833333333333337,5.000000000000001,0.0018120521731637667,1.8120521731637667,0.10930584436704308,0.00014283368890463752,7.1324497571806456,0.0023696903670517803,0.001598334255397127,3,87,2205,27,30.0,2292
4376,729680593,0.9816990637081565,2459283.280689259,0.08333333333333333,2.0,0.0006909555636501637,0.6909555636501636,0.07521811279107116,4.6070990525624634e-05,7.13013766302166,0.0013462659377519873,0.0009080439348118086,17,193,2099,2,12.0,2292
11471,815768046,0.4885471159720106,2459283.0265225926,0.041666666666666664,1.0,0.0010905094796948736,1.0905094796948736,0.07384689874752944,0.00011951569799309058,7.129036147174448,0.002168685906478906,0.0014627586041271456,34,201,2091,3,6.0,2292
12727,805605144,11.33850618978828,2459292.7973559257,0.16666666666666666,4.0,0.0020289083210649887,2.0289083210649888,0.1522258421744275,9.056231745630853e-05,7.1275062591135905,0.001888213742751412,0.0012735827214025441,2,44,2245,20,22.0,2289
13097,816501973,11.33850618978828,2459292.8015225925,0.20833333333333337,5.000000000000001,0.0013076590852591637,1.3076590852591636,0.13897752355282994,4.531426550641207e-05,7.126624049814736,0.0013358220907766607,0.0009009996565335632,2,53,2238,23,26.5,2291
9161,737482923,12.076521492614097,2459292.5390225924,0.25,6.0,0.001706750512419689,1.7067505124196891,0.11974698050197065,0.00010486790321921537,7.12647794795053,0.002032176123925537,0.001370684017216739,2,72,2220,36,36.0,2292
2555,678756051,1.5919808579675616,2459284.1140225925,0.125,3.0,0.0007924362714204442,0.7924362714204441,0.07845003488768296,5.526006149512075e-05,7.125712855276168,0.0014753408316888934,0.0009951037580526734,10,176,2116,14,18.0,2292
6564,727483834,11.434240178939907,2459292.468189259,0.20833333333333337,5.000000000000001,0.0014473727277579797,1.4473727277579798,0.13082391279948533,6.284663439172723e-05,7.125274650049722,0.0015734552689340444,0.0010612810393457739,2,60,2231,30,30.0,2291
13076,810790914,0.7823277134455241,2459283.5827725925,0.0625,1.5,0.0007979361732137344,0.7979361732137344,0.07824660218114893,5.634813908228363e-05,7.124255096367462,0.001490099692300453,0.0010050584731555734,20,177,2115,6,9.0,2292
861,684050174,11.33850618978828,2459292.5390225924,0.25,6.0,0.0027930618423140565,2.7930618423140565,0.11974782810718432,0.0002808430003796685,7.124163280825105,0.003326694615699355,0.002243824777889758,2,72,2219,36,36.0,2291
14066,859622175,5.165870258103541,2459287.4890225925,0.20833333333333337,5.000000000000001,0.0009572560095216642,0.9572560095216642,0.1075418231100453,4.1235258049440324e-05,7.122837739391688,0.001274959252784051,0.0008599482347120269,3,90,2202,30,30.0,2292
758,684973627,11.386272570267936,2459292.7640225925,0.16666666666666666,4.0,0.0029228178749813004,2.9228178749813005,0.1458731165496484,0.0002050287439274449,7.117539747424176,0.00284506682948709,0.001918971286582416,2,48,2244,24,24.0,2292
2733,682915412,11.33850618978828,2459292.5390225924,0.25,6.0,0.0016728976335963857,1.6728976335963857,0.11974698050197065,0.00010074911372972592,7.111614262614132,0.0019960316472712202,0.0013463049017072848,2,72,2220,36,36.0,2292
5444,728635608,2.855715465631904,2459284.009855926,0.20833333333333337,5.000000000000001,0.0006408568682375695,0.6408568682375695,0.07845145900866897,3.6141382249919365e-05,7.110759402849477,0.0011956426344080819,0.0008064499085445043,6,176,2115,26,30.0,2291
15434,915895494,2.3834626521267173,2459284.5640225927,0.125,3.0,0.0005975098883344744,0.5975098883344744,0.09648048318193539,2.01715207661474e-05,7.109605755965382,0.0008933852952699771,0.0006025801263118691,7,113,2179,5,18.0,2292
11501,805422380,6.035255634419932,2459286.7390225925,0.20833333333333337,5.000000000000001,0.0011961985788717883,1.1961985788717884,0.11246250698656012,5.866653264389032e-05,7.10841032152257,0.0015238342109458515,0.0010278120942572855,3,82,2209,26,26.0,2291
10864,808427586,5.690302934233069,2459286.7890225924,0.25,6.0,0.0010016827788678366,1.0016827788678366,0.10036146176002758,5.217515625298034e-05,7.108055753489302,0.0014371299868799297,0.0009693308963172331,3,104,2188,32,36.0,2292
1561,679007456,5.934617491415228,2459286.880689259,0.16666666666666666,4.0,0.0013354353091998862,1.3354353091998863,0.12875427733267994,5.528501141679167e-05,7.10697879793869,0.0014795637413359305,0.0009979520715877044,3,62,2229,18,20.0,2291
7021,725035053,0.9983465344009117,2459282.9556892593,0.08333333333333333,2.0,0.0009061044675527648,0.9061044675527647,0.0753957811122334,7.881842938743162e-05,7.106491257215195,0.0017667441418977143,0.0011916525980694148,16,192,2100,12,12.0,2292
3666,734336210,7.541532333305801,2459290.1695786472,0.16666666666666666,4.0,0.002945687079630394,2.9456870796303942,0.14740441992458664,0.00020391120072088382,7.105615654318787,0.0028420638212447867,0.0019169457852723504,2,47,2215,23,23.5,2262
12566,810350056,11.386272570267936,2459292.780689259,0.16666666666666666,4.0,0.0015164459404974349,1.5164459404974349,0.14738462790689816,5.4040794825602014e-05,7.104676924704761,0.0014632937849827351,0.0009869781363703867,2,47,2244,23,23.5,2291
3613,725859288,2.363506941549438,2459284.405689259,0.20833333333333337,5.000000000000001,0.0009142351037790569,0.9142351037790568,0.07303256340472714,8.609005997313599e-05,7.1045644258289276,0.0018469453542592337,0.0012457475747060798,7,206,2086,26,30.0,2292
21270,951520747,12.80861409750515,2459292.5327725927,0.0625,1.5,0.001982880962738127,1.982880962738127,0.23663450764817215,3.538635221150353e-05,7.100535107236958,0.0011847911915332623,0.0007991307105984502,2,18,2271,9,9.0,2289
5197,732366101,10.60093300450108,2459292.5390225924,0.25,6.0,0.0010462156273815175,1.0462156273815175,0.11974698050197065,3.9404417003182884e-05,7.098346137454761,0.0012506341342831265,0.0008435411670599802,2,72,2220,36,36.0,2292
1633,679005092,4.36630546556528,2459283.6390225925,0.25,6.0,0.0008260217424763312,0.8260217424763312,0.07764689564973222,6.14080727139271e-05,7.097919062359742,0.001561337133468955,0.0010531074689524855,5,180,2112,36,36.0,2292
5813,730401717,1.3626542210974986,2459283.8640225925,0.125,3.0,0.0007219433278384823,0.7219433278384824,0.07149353256085755,5.6289834209934254e-05,7.096892086706473,0.001495070874522872,0.0010084114896282692,12,216,2076,18,18.0,2292
13478,810200500,5.934617491415228,2459286.6640225924,0.25,6.0,0.0008654839021860993,0.8654839021860993,0.09857552798303805,4.044936878693699e-05,7.095198310635392,0.001267670353460538,0.0008550319394715622,3,108,2184,36,36.0,2292
12861,809938418,5.666431630140907,2459286.9265225925,0.20833333333333337,5.000000000000001,0.0015429984057145382,1.5429984057145383,0.10812070876062983,0.0001059475615616735,7.0918836930634575,0.002052574249143728,0.0013844423641870551,3,89,2202,29,30.0,2291
6610,726589796,2.048716711353336,2459284.197355926,0.16666666666666666,4.0,0.0006484940218274247,0.6484940218274248,0.0753957811122334,4.037227164920721e-05,7.091111847831714,0.0012671915133345237,0.000854708966231299,8,192,2100,24,24.0,2292
9987,811488320,11.33850618978828,2459292.8015225925,0.20833333333333337,5.000000000000001,0.001990174536230337,1.990174536230337,0.13897680557277214,0.00010496105914348038,7.088083782309758,0.0020440911489738893,0.0013787205915107847,2,53,2239,23,26.5,2292
5023,730369911,0.6420652931722439,2459282.9640225926,0.0625,1.5,0.000803123824211568,0.803123824211568,0.07076542517558257,7.12733704102916e-05,7.087556742078269,0.0016845429839673607,0.0011362086766271151,25,221,2071,5,9.0,2292
9805,765196257,5.959618597588408,2459286.905689259,0.20833333333333337,5.000000000000001,0.0013251565378239617,1.3251565378239616,0.12224156927734654,6.058337481594681e-05,7.087350030352087,0.0015531301363767385,0.0010475719252507343,3,69,2221,13,26.0,2290
7301,734411683,12.701373064968816,2459292.523745127,0.25,6.0,0.001753785457593591,1.753785457593591,0.12057713704969285,0.00010918960180997002,7.08352920738839,0.0020862000428103797,0.0014071226512952784,2,71,2201,35,35.5,2272
11714,809526655,5.642660468196827,2459286.905689259,0.20833333333333337,5.000000000000001,0.0017935524487585808,1.7935524487585808,0.1099155208147294,0.00013832370661725975,7.083424513494775,0.002348118643709953,0.0015837843273370789,3,86,2205,26,30.0,2291
6819,727266155,6.904292363633968,2459285.593189259,0.20833333333333337,5.000000000000001,0.0010633551919397499,1.06335519193975,0.13082314527827937,3.392172792675667e-05,7.083204151078579,0.0011628514049983238,0.0007843325273157453,2,60,2232,30,30.0,2292
5503,729585590,1.0768235259392218,2459282.8705324,0.08333333333333333,2.0,0.0007524799207232376,0.7524799207232375,0.07764689564973222,5.096034279824849e-05,7.082776675830623,0.0014411204423362466,0.0009720224216486217,16,184,2108,4,12.0,2292
2420,678347704,11.33850618978828,2459292.780689259,0.20833333333333337,5.000000000000001,0.0016558885226869774,1.6558885226869773,0.1352936437847547,7.677507038786089e-05,7.082628114025624,0.0017495673704275199,0.0011800670244351275,2,56,2236,26,28.0,2292
6083,732508815,4.082276002047914,2459284.4640225926,0.25,6.0,0.0008552315286916027,0.8552315286916027,0.07764689564973222,6.582788709013581e-05,7.080991595420762,0.001620413589440379,0.0010929539926078369,5,180,2112,36,36.0,2292
5093,729695842,2.333886214206922,2459283.343189259,0.20833333333333337,5.000000000000001,0.0005502746086825857,0.5502746086825857,0.07240312257519473,3.1794225220881144e-05,7.079733599829989,0.001126346995383104,0.0007597106403501308,7,210,2082,30,30.0,2292
15265,942587684,5.666431630140907,2459287.1015225924,0.125,3.0,0.0022374646199711705,2.2374646199711705,0.13771545224549753,0.00013516869399181382,7.079667041968182,0.0023224171153687465,0.0015664488839665092,3,54,2237,18,18.0,2291
471,684823236,18.00473085933719,2459286.880689259,0.16666666666666666,4.0,0.0013230276492008427,1.3230276492008426,0.1522258421744275,3.8508847532097974e-05,7.07950533977543,0.0012396307620566988,0.0008361194941701733,2,44,2245,20,22.0,2289
5766,724907707,11.33850618978828,2459292.8015225925,0.20833333333333337,5.000000000000001,0.002104199390109773,2.104199390109773,0.13897680557277214,0.000117332859443466,7.076353510015083,0.0021647876646178946,0.0014601292760136886,2,53,2239,23,26.5,2292
7483,726157757,0.5381438070702153,2459283.0806892593,0.041666666666666664,1.0,0.0008272113371481744,0.8272113371481744,0.07764833995741317,6.158507366758236e-05,7.0746261248157785,0.001568733738564861,0.0010580964107411717,30,180,2111,6,6.0,2291
8857,736150099,1.345576712910111,2459283.0015225927,0.125,3.0,0.0013441810317524686,1.3441810317524685,0.06912130021011025,0.00021049483827334476,7.074004331748468,0.002900483516512815,0.001956349329902074,13,233,2058,17,18.0,2291
6707,726588523,0.66682335926949,2459283.0327725927,0.0625,1.5,0.0007319044922051896,0.7319044922051896,0.07149353256085755,5.785389205669474e-05,7.073794386800147,0.0015206485642547927,0.0010256634050012092,24,216,2076,9,9.0,2292
13620,846411562,11.33850618978828,2459292.5390225924,0.25,6.0,0.0013041484604467742,1.3041484604467741,0.11974698050197065,6.122891544788489e-05,7.071610210842677,0.0015648581172790982,0.001055482339996694,2,72,2220,36,36.0,2292
6667,734446652,12.80861409750515,2459292.54180062,0.25,6.0,0.0016655058175011062,1.6655058175011062,0.12057885055981535,9.847379179861599e-05,7.0714011272266575,0.0019845856873155193,0.0013385847074838253,2,71,2199,35,35.5,2270
14173,855900621,11.33850618978828,2459292.7640225925,0.16666666666666666,4.0,0.001665430957663741,1.665430957663741,0.1458731165496484,6.656784659387436e-05,7.070146055807076,0.001631995159592162,0.0011007656546554445,2,48,2244,24,24.0,2292
3801,724199946,11.386272570267936,2459292.747355926,0.16666666666666666,4.0,0.0019200893336054977,1.9200893336054976,0.1458731165496484,8.84818331766145e-05,7.064394070520283,0.0018830729133607674,0.0012701152794825088,2,48,2244,24,24.0,2292
3727,729250732,11.386272570267936,2459292.8140225927,0.25,6.0,0.0007948012311020579,0.7948012311020579,0.13082314527827937,1.8951269908840407e-05,7.06317468617696,0.0008716340932718935,0.0005879091415566529,2,60,2232,24,30.0,2292
5141,728603494,1.8365925302257307,2459283.880689259,0.16666666666666666,4.0,0.0007262222525463314,0.7262222525463314,0.07179226385943972,5.643166733000102e-05,7.062182199591113,0.0015043106182813445,0.0010146436114132906,9,214,2078,22,24.0,2292
2615,678200498,1.7099181711431612,2459283.0390225924,0.08333333333333333,2.0,0.001042485594101708,1.042485594101708,0.09414645307028784,6.466318472762068e-05,7.0604939365109365,0.001610677005315901,0.00108638675658701,10,119,2173,11,12.0,2292
2621,678352666,2.527950895924666,2459284.7390225925,0.20833333333333337,5.000000000000001,0.0007494946843306468,0.7494946843306468,0.07725567386150091,5.1118547647430525e-05,7.0582562726398645,0.0014325402338445392,0.0009662351503065825,7,182,2110,2,30.0,2292
1240,684807590,11.386272570267936,2459292.780689259,0.16666666666666666,4.0,0.002156758963773801,2.156758963773801,0.14738530191434637,0.00010931281685373805,7.057860377143359,0.0020949684071161264,0.0014130368319952291,2,47,2243,23,23.5,2290
2749,682808840,0.6340185890772351,2459283.0765225925,0.0625,1.5,0.0011153878858979256,1.1153878858979256,0.0691195930991471,0.0001449365008449138,7.0560049445697794,0.00241293157992004,0.0016275000539053286,26,233,2059,8,9.0,2292
4776,729525248,11.33850618978828,2459292.780689259,0.20833333333333337,5.000000000000001,0.0010001634855247982,1.0001634855247983,0.1352936437847547,2.8009155937759168e-05,7.055886608984257,0.0010607509164986873,0.0007154666912846941,2,56,2236,26,28.0,2292
7856,731284825,9.543347280195333,2459286.9890225925,0.25,6.0,0.0020745420009602713,2.0745420009602715,0.157590881606704,8.822635253183904e-05,7.054680470309364,0.0018829414349561093,0.0012700265985134962,2,41,2249,5,20.5,2290
12491,814739261,2.266206794967639,2459285.009855926,0.20833333333333337,5.000000000000001,0.0010024045457759723,1.0024045457759723,0.07240312257519473,0.000105505561706195,7.0541563925602295,0.002059242964935227,0.001388940351365997,7,210,2082,30,30.0,2292
10596,811428233,6.991918812751892,2459285.7577725924,0.0625,1.5,0.0030361100323040365,3.0361100323040366,0.23663328018996466,8.296167715431496e-05,7.053951114570986,0.0018260863655570666,0.0012316783795744413,2,18,2274,9,9.0,2292
20900,901521387,0.39261624140225815,2459283.1640225924,0.020833333333333332,0.5,0.0015726470022448093,1.5726470022448094,0.09268831240038249,0.00015210294351067949,7.047032445160286,0.0024750132947195026,0.0016693735968700274,41,123,2169,3,3.0,2292
2828,677616147,6.647947224674195,2459284.9265225925,0.125,3.0,0.0019522740784652754,1.9522740784652755,0.13771472703779372,0.00010290710009108089,7.0465813475221974,0.0020359129176804455,0.0013732044500744944,3,54,2238,18,18.0,2292
19656,901798515,11.290940193331583,2459292.5140225925,0.25,6.0,0.0012702887304567828,1.2702887304567827,0.11974698050197065,5.809080451411818e-05,7.046170456181713,0.001529732692599528,0.0010317905656276327,2,72,2220,36,36.0,2292
14287,871874412,11.243573740269838,2459292.572355926,0.20833333333333337,5.000000000000001,0.0013363920530894018,1.3363920530894018,0.13082314527827937,5.3578311586815195e-05,7.045171444446719,0.0014693252552992106,0.0009910463073649067,2,60,2232,30,30.0,2292
12350,814737696,2.285340974822846,2459283.497355926,0.08333333333333333,2.0,0.0016286516104673532,1.6286516104673532,0.11116501453014137,0.00011140525486767192,7.042026223123772,0.0021196794925786803,0.0014297042307963581,7,84,2208,12,12.0,2292
7568,726142104,11.33850618978828,2459292.8015225925,0.20833333333333337,5.000000000000001,0.0016722244401784496,1.6722244401784496,0.13897680557277214,7.410286632574843e-05,7.0417371919426435,0.0017288315868944273,0.0011660809300515496,2,53,2239,23,26.5,2292
13849,855802243,17.929199484222682,2459286.2390225925,0.25,6.0,0.0017274375508352844,1.7274375508352844,0.11974698050197065,0.00010742545771328899,7.041213872145783,0.002081714025652231,0.0014040968741752535,2,72,2220,36,36.0,2292
8158,731748793,0.9532311709312619,2459283.0890225926,0.08333333333333333,2.0,0.0013785323281398705,1.3785323281398705,0.07194328434087267,0.00020238742194089693,7.038764541812168,0.002858316520114777,0.0019279080804767146,18,213,2079,9,12.0,2292
3599,734335841,5.738347658137348,2459288.012634141,0.25,6.0,0.0030030489372298024,3.0030489372298024,0.12057628145275788,0.0003201497536385951,7.037017140642311,0.0035958616577942207,0.0024253754605383926,2,71,2202,35,35.5,2273
10862,812397553,11.386272570267936,2459292.7723559258,0.08333333333333333,2.0,0.002664907448699259,2.664907448699259,0.20520369870304034,8.522078052159351e-05,7.032589184160888,0.0018564040327443607,0.001252127365941158,2,24,2263,12,12.0,2287
9986,388495346,11.482409863529831,2459292.4806892592,0.16666666666666666,4.0,0.0014981754472249012,1.4981754472249011,0.1458737975410098,5.386871209602079e-05,7.0304597826960755,0.0014763848018205393,0.0009958079062596381,2,48,2243,24,24.0,2291
3157,730959474,2.549295050048273,2459283.6765225925,0.125,3.0,0.00163288787427259,1.63288787427259,0.09857552798303805,0.0001439814317371087,7.028896461983796,0.0024142436383292856,0.0016283850251782583,6,108,2184,18,18.0,2292
5293,728756730,3.093170706397624,2459285.5890225926,0.25,6.0,0.0007030426440048915,0.7030426440048915,0.07764689564973222,4.448420633604497e-05,7.021214094701804,0.0013434011171336217,0.0009061116397771629,5,180,2112,36,36.0,2292
5010,732458274,6.111852625524866,2459286.3140225927,0.25,6.0,0.0009100775564791464,0.9100775564791465,0.09857552798303805,4.4725022575580914e-05,7.020214786224207,0.0013472242214667247,0.0009086902883223558,3,108,2184,36,36.0,2292
10762,819362803,8.066243886775764,2459287.030689259,0.16666666666666666,4.0,0.0016462887524145127,1.6462887524145127,0.1458731165496484,6.504639975183679e-05,7.020158378286198,0.0016247244631578982,0.0010958616370955743,2,48,2244,24,24.0,2292
13169,816470179,0.46062358513399204,2459283.218189259,0.041666666666666664,1.0,0.0007930973146991804,0.7930973146991804,0.0733545362426814,6.415834175947119e-05,7.019545274194452,0.001613736357144215,0.0010884502611251956,34,204,2088,6,6.0,2292
8205,731078963,11.386272570267936,2459292.7890225924,0.125,3.0,0.002852163088425816,2.852163088425816,0.16799119080810546,0.00014642701709361642,7.0185304044839825,0.0024382566640477605,0.0016445815891324433,2,36,2256,18,18.0,2292
14949,863962228,0.4885471159720106,2459283.284855926,0.041666666666666664,1.0,0.0010886596354384682,1.088659635438468,0.07557640220618678,0.00011318467107505327,7.018269377830767,0.0021437728720302847,0.0014459549926010284,32,191,2100,5,6.0,2291
4432,729722401,1.8835069214700657,2459283.497355926,0.16666666666666666,4.0,0.0005513646917292719,0.5513646917292719,0.07486706117988098,2.9640294770357213e-05,7.009189286264042,0.0010984706779220191,0.000740908321814393,9,195,2097,3,24.0,2292
5212,729457949,11.434240178939907,2459292.468189259,0.20833333333333337,5.000000000000001,0.0010518588832811285,1.0518588832811284,0.13082314527827937,3.319221331012268e-05,7.007680048730103,0.001162676351996516,0.0007842144556836073,2,60,2232,30,30.0,2292
5474,732293045,1.5264426663453639,2459283.2640225925,0.08333333333333333,2.0,0.001366677104811064,1.366677104811064,0.08966010803417875,0.00012327521638177367,7.007157990691928,0.002240840653687367,0.0015114263143716222,11,132,2159,12,12.0,2291
7434,726321962,3.7216558075412167,2459283.280689259,0.20833333333333337,5.000000000000001,0.000976170171814114,0.976170171814114,0.08446145942736452,7.146811532546976e-05,7.005902894435087,0.0017065029726353136,0.00115102048606186,5,150,2141,30,30.0,2291
1679,685294060,11.482409863529831,2459292.4390225927,0.25,6.0,0.002082063513246049,2.082063513246049,0.11974698050197065,0.00015605958503485726,7.003233927522256,0.0025226766564941756,0.0017015220939526343,2,72,2220,36,36.0,2292
