index,tic,period,t0,duration,duration_hours,depth,depth_ppt,depth_err,power,snr,sigma_oot,mad_oot,n_transits,n_in_transit,n_out_transit,min_points_per_transit,median_points_per_transit,n_points
41,650247926,2.301479875998591,2459283.0010549054,0.12457482993197279,2.989795918367347,0.0015552189330643091,1.5552189330643091,0.0903041659194605,0.00015721588543450972,4.775954573046544,0.003712812550890118,0.0025042577572441105,8,130,2162,5,18.0,2292
53,650246113,2.9913403303808273,2459284.1852725926,0.004166666666666667,0.1,0.009864742555508437,9.864742555508437,0.5004368720798488,0.00019462629137291827,4.977729250082931,0.003963551274044921,0.0026733787090549854,4,4,2288,1,1.0,2292
58,650218302,1.5040262598384921,2459283.726939259,0.004166666666666667,0.1,0.007640774549673636,7.640774549673636,0.3785432224045509,0.00020433502501629125,5.203107578832625,0.003885291429412185,0.0026205931670121307,7,7,2284,1,1.0,2291
61,650221135,0.23415504841209372,2459283.0855532046,0.014200680272108843,0.3408163265306122,0.0015609119304903296,1.5609119304903296,0.08841245991863313,0.00016567833172279924,4.792260135165673,0.003798459233041853,0.0025620256529352847,67,136,2156,2,2.0,2292
67,650218926,0.6235370090454159,2459282.9115055855,0.059353741496598646,1.4244897959183676,0.0014421608109551035,1.4421608109551034,0.07149353256085755,0.00022462140290270563,5.421292678854666,0.003909648480323004,0.0026370217727795797,26,216,2076,5,8.0,2292
77,650223372,3.143030456730007,2459283.5522878985,0.02423469387755102,0.5816326530612245,0.005210230755468851,5.210230755468851,0.23663328018996466,0.00024431854072710165,5.105514274849694,0.004329659227734345,0.002920315140789387,5,18,2274,3,4.0,2292
79,650235940,4.208205037085012,2459284.7044307557,0.014200680272108843,0.3408163265306122,0.005544995469135134,5.544995469135134,0.31691988276953187,0.00015373487376364582,4.933046474973847,0.003554561139194189,0.00239751864238108,4,10,2282,2,2.5,2292
81,650225012,0.4345483094108646,2459282.883605926,0.004166666666666667,0.1,0.004415217345799431,4.415217345799431,0.21922450199141727,0.00020468851421180577,5.583180050080371,0.0036239325107411935,0.002444308991461752,21,21,2271,1,1.0,2292
86,650342479,0.5482858669686995,2459283.3847028646,0.029251700680272108,0.7020408163265306,0.0017786155174452413,1.7786155174452414,0.09377493529654439,0.0001898083895338202,5.228670734542866,0.003726330799901301,0.002513375691286457,29,120,2172,4,4.0,2292
90,650210199,8.452863421613316,2459283.794328715,0.009183673469387756,0.22040816326530616,0.009138696847094596,9.138696847094597,0.5004368720798488,0.00016703156012619341,4.865041686211249,0.0037568832649454817,0.0025339830466379887,3,4,2288,1,1.0,2292
97,650236316,0.8600034544511889,2459283.481939259,0.004166666666666667,0.1,0.005917227246901152,5.917227246901152,0.3169220100270103,0.00017506789145734693,5.3485398983916665,0.0034985091050067562,0.0023597120632717905,10,10,2275,1,1.0,2285
98,650130973,4.905614959435461,2459286.128605926,0.004166666666666667,0.1,0.01313471257300292,13.134712573002918,0.7074154940504961,0.00017252067437540096,4.957571731681378,0.003746852222007742,0.00252721720086857,2,2,2290,1,1.0,2292
100,650131048,0.6328591511304738,2459282.9563950417,0.054336734693877564,1.3040816326530615,0.001522862460863744,1.522862460863744,0.07351738784793083,0.0002353896725828598,5.495213622628859,0.0039484270657447074,0.002663177570312092,26,203,2089,7,8.0,2292
107,650236521,1.49660483058134,2459282.911675654,0.079421768707483,1.906122448979592,0.004601446169183372,4.6014461691833715,0.09233625287814028,0.0013127450245693242,15.8269692872067,0.003237482493754372,0.0021836520260045678,11,124,2167,9,11.0,2291
108,650214638,7.732766177673347,2459285.4531297353,0.14464285714285716,3.4714285714285715,0.0030298293696850785,3.0298293696850784,0.15573749026057593,0.00019277718619753188,4.869460507816264,0.00403238479372229,0.002719806282019621,2,42,2249,21,21.0,2291
112,650340713,0.16727103203779875,2459282.8844392593,0.004166666666666667,0.1,0.0023728627853178723,2.372862785317872,0.13190755472232563,0.0001660990950394215,4.848009502561586,0.0037595439703840593,0.0025357776678699984,59,59,2220,1,1.0,2279
117,650350336,0.6423206631836224,2459282.9265055857,0.014200680272108843,0.3408163265306122,0.002598784354647989,2.598784354647989,0.14027614618914885,0.0001755956831710423,5.078079800300677,0.0036903910978327314,0.002489134694342865,25,52,2239,2,2.0,2291
124,650217410,0.872860869936932,2459283.013189259,0.004166666666666667,0.1,0.006143081492372904,6.143081492372904,0.31691988276953187,0.00018868725110967252,4.8612660031829416,0.003996104997176722,0.0026953358944939443,10,10,2282,1,1.0,2292
126,650228143,0.5537370770930022,2459283.152296402,0.014200680272108843,0.3408163265306122,0.0023557193585033082,2.355719358503308,0.13082314527827937,0.00016648241088081713,4.938766089368381,0.0036947130836838473,0.002492049833862031,29,60,2232,2,2.0,2292
144,650128569,0.1837545012547623,2459282.960451164,0.009183673469387756,0.22040816326530616,0.0019580043522307612,1.9580043522307613,0.09648048318193539,0.00021660862894953506,4.707196600866418,0.004421712864585048,0.0029824044682214,86,113,2179,1,1.0,2292
150,650138828,3.143030456730007,2459283.17994096,0.009183673469387756,0.22040816326530616,0.00700902159260142,7.00902159260142,0.35417203216978954,0.00019650553474221178,5.260323722520302,0.0037686857000023893,0.0025419436800231954,6,8,2284,1,1.0,2292
153,650344229,0.4657082516315817,2459283.320451164,0.009183673469387756,0.22040816326530616,0.0027612408225084566,2.761240822508457,0.15056178194061218,0.0001715501447974615,5.053191390036133,0.0036655976618365474,0.0024724117508677645,34,45,2239,1,1.0,2284
158,650142214,4.692010450295875,2459284.411701164,0.14464285714285716,3.4714285714285715,0.0023877301046422313,2.3877301046422312,0.12977546808411633,0.0001738882791047514,5.1090677410643766,0.003650131339235176,0.0024619798591900555,3,61,2231,20,20.0,2292
162,238193323,1.9070965563596771,2459283.5662674904,0.18979591836734694,4.555102040816326,0.0014075310112534115,1.4075310112534114,0.07120076285359732,0.00021594464669276556,5.457260652942201,0.003808127860219344,0.0025685470526233267,8,218,2073,27,27.0,2291
167,650359411,0.7713262592379319,2459283.398605926,0.004166666666666667,0.1,0.0060294190898879715,6.029419089887972,0.2894338090558209,0.00021812336736903295,5.600402106975812,0.00372946799330842,0.0025154916992502496,12,12,2280,1,1.0,2292
171,650143201,7.039107995798724,2459285.7581127286,0.13460884353741495,3.2306122448979586,0.050367777641617296,50.367777641617295,0.17539508390935038,0.04185906490516415,12.85777021818199,0.022503190609209613,0.015178194124652378,2,33,2172,15,16.5,2205
180,650143128,4.80950468683409,2459286.7873049052,0.059353741496598646,1.4244897959183676,0.02915981096142209,29.15981096142209,0.2142318095893172,0.009353240328364591,6.054011531693366,0.022591902273544198,0.015238029322503843,3,22,2269,6,8.0,2291
184,650133055,1.362353753811012,2459283.041344021,0.0844387755102041,2.0265306122448985,0.0017499507347355217,1.7499507347355217,0.08552951708677575,0.00022354991290210165,5.071082353142643,0.004169669058170812,0.00281240324981169,12,146,2146,12,12.0,2292
186,650333020,0.5348914670171765,2459283.103886538,0.029251700680272108,0.7020408163265306,0.0016677357557468686,1.6677357557468686,0.09233510026841571,0.0001724432381617879,4.91048462370474,0.0037819320979603313,0.002550878253042177,30,124,2168,4,4.0,2292
188,650344582,2.617353400320823,2459283.4626705516,0.06437074829931973,1.5448979591836736,0.0025526147697920087,2.5526147697920085,0.1352936437847547,0.00018244358056288866,5.235784551837396,0.003648358642117462,0.0024607841913648065,6,56,2236,9,9.0,2292
196,650233481,5.231437601466133,2459283.492594021,0.039285714285714285,0.9428571428571428,0.005107197436822502,5.107197436822502,0.2434401155342421,0.00022170945809883382,5.51230755273183,0.0038200906392581663,0.002576615836542673,3,17,2275,5,6.0,2292
213,650230508,0.7524830735354365,2459282.918206266,0.009183673469387756,0.22040816326530616,0.003575927537653915,3.575927537653915,0.18378090211530831,0.00019180886631827386,5.498045738083174,0.003562386108959146,0.002402796512180727,22,30,2262,1,1.0,2292
217,650328009,2.9327343172767204,2459283.681939259,0.004166666666666667,0.1,0.010761551884739807,10.761551884739808,0.5004368720798488,0.00023162199793589378,5.753974153640041,0.0037405631646544348,0.0025229752897979463,4,4,2288,1,1.0,2292
245,650367831,0.511600762345095,2459283.2015225925,0.004166666666666667,0.1,0.004799812031873144,4.799812031873144,0.23663328018996466,0.0002073437598718278,5.217349898210289,0.003903107557331956,0.0026326099806636694,18,18,2274,1,1.0,2292
249,650369631,0.5934436297455239,2459283.047696062,0.009183673469387756,0.22040816326530616,0.003754772024715385,3.7547720247153853,0.16574222759173768,0.00026081878971532754,5.4124437462530635,0.004219791955817003,0.002846210681112238,27,37,2255,1,1.0,2292
252,650132005,10.824744826607757,2459283.672185858,0.14965986394557823,3.5918367346938775,0.0029390790062903387,2.939079006290339,0.15573685579838914,0.00018140189350954872,5.25435349242877,0.0036250718493432512,0.002445077464820755,2,42,2250,20,21.0,2292
253,650120560,0.4991025645267926,2459283.2105191913,0.014200680272108843,0.3408163265306122,0.002535205153859689,2.535205153859689,0.1258318320627881,0.0002088861180950937,5.002401169729599,0.00408593327518683,0.002755924237951457,32,65,2227,2,2.0,2292
260,650365968,1.897686227193548,2459283.5442266744,0.09447278911564626,2.26734693877551,0.0024251946153400275,2.4251946153400277,0.09814477637884464,0.0003205455062639474,5.730428353604418,0.004418478613729332,0.0029802229959053905,8,109,2183,13,14.0,2292
261,650366408,1.761977105129712,2459284.603605926,0.004166666666666667,0.1,0.008838362699477676,8.838362699477676,0.44770219347753915,0.00019529163801879578,5.0036658370905265,0.003949740140385213,0.0026640632270236164,5,5,2287,1,1.0,2292
266,650370669,0.34955370279234216,2459283.004430756,0.029251700680272108,0.7020408163265306,0.0015741283480346327,1.5741283480346326,0.07435092446850082,0.0002453101255525379,4.757148782482437,0.004656139685263493,0.003140523192542488,46,198,2094,4,4.0,2292
268,650132103,0.8642680770607766,2459283.0705021843,0.054336734693877564,1.3040816326530615,0.0017411356730964468,1.741135673096447,0.0844601685689565,0.00022736650740967627,5.373108693857096,0.00396873971386392,0.0026768782637690003,19,150,2142,7,8.0,2292
273,650339549,2.9765799360720404,2459284.3402725924,0.004166666666666667,0.1,0.011860855653735522,11.860855653735522,0.5777284875526205,0.00021101984525812487,5.996121848198494,0.0034261486229941645,0.002310905586803025,3,3,2289,1,1.0,2292
276,650131855,6.0085929838123535,2459288.8370583067,0.034268707482993196,0.8224489795918367,0.006409592561147416,6.4095925611474165,0.31691988276953187,0.00020541438399958146,4.814432571674406,0.00421003120620061,0.0028396271456904154,2,10,2282,5,5.0,2292
286,684879408,12.998818834395253,2459291.4190225927,0.004166666666666667,0.1,0.01676947952721383,16.76947952721383,0.7074154940504961,0.00028121544361364373,5.335200565251674,0.004445123494660043,0.0029981947218805094,2,2,2290,1,1.0,2292
296,675204017,9.014288302189641,2459287.0903491233,0.009183673469387756,0.22040816326530616,0.010933549879734702,10.933549879734702,0.5777286528037157,0.0001793137694589701,4.703316759530467,0.004026406229266945,0.0027157737955395556,2,3,2288,1,1.5,2291
297,684887843,8.287255844493787,2459288.691981776,0.014200680272108843,0.3408163265306122,0.012200061270298566,12.200061270298566,0.5004368720798488,0.00029768298999807816,6.443526215265205,0.003786765464349533,0.002554138314008858,2,4,2288,2,2.0,2292
306,675249275,3.985344352436402,2459284.9523899397,0.009183673469387756,0.22040816326530616,0.009195110736725748,9.195110736725747,0.44770219347753915,0.0002113751536516228,5.211817268054647,0.003945052485623976,0.0026609014472035453,4,5,2287,1,1.0,2292
312,675204004,5.496722504923847,2459284.3307232726,0.034268707482993196,0.8224489795918367,0.005966046236529619,5.9660462365296185,0.25904832363429553,0.0002669528077230692,5.534721904853415,0.004174807355094134,0.002815868983605918,3,15,2276,5,5.0,2291
317,684880191,1.9070965563596771,2459283.6193032046,0.054336734693877564,1.3040816326530615,0.0029424305620174337,2.942430562017434,0.12875349607423506,0.00026839482598112115,5.374930525312659,0.004310515513632718,0.002907402882525778,8,62,2230,7,8.0,2292
322,675247045,4.005107051695838,2459284.7531042253,0.009183673469387756,0.22040816326530616,0.009440172419517077,9.440172419517078,0.4087836982879843,0.0002673505659306327,5.581280090315203,0.004143064877148251,0.0027944589755485305,5,6,2286,1,1.0,2292
328,675247519,0.9354506756844992,2459283.1994392592,0.004166666666666667,0.1,0.006865309738999256,6.8653097389992555,0.30223748132515155,0.0002592286279681892,5.40396217508142,0.004213511445144456,0.00284197453469881,11,11,2281,1,1.0,2292
329,684884580,2.6696570293177104,2459284.7184443614,0.04931972789115646,1.183673469387755,0.003079068641860414,3.079068641860414,0.15394952424943556,0.00020383426957769492,4.725307752081593,0.0042729075841062975,0.0028820366815771603,6,43,2249,7,7.0,2292
340,684879722,0.4869096925801511,2459282.917832116,0.01921768707482993,0.46122448979591835,0.0020743722549401954,2.0743722549401955,0.10754278240755165,0.0001936359113429552,4.943563284641564,0.003980777020322561,0.002684997315744342,32,90,2201,2,3.0,2291
344,684881945,3.5392172411798257,2459283.3425855176,0.014200680272108843,0.3408163265306122,0.006882274254539954,6.882274254539954,0.31691988276953187,0.00023682849457351738,5.086858064875836,0.0042784095503979646,0.0028857477069998416,5,10,2282,2,2.0,2292
345,684879074,1.1979390127457976,2459283.2090225928,0.004166666666666667,0.1,0.007657496560264984,7.657496560264985,0.35417230291049984,0.00023454901428188028,4.995196140375826,0.00433590000673619,0.002924524488558067,8,8,2283,1,1.0,2291
350,684852483,3.5392172411798257,2459284.211471572,0.02423469387755102,0.5816326530612245,0.0053847870615105625,5.384787061510562,0.2434401155342421,0.00024646541943139827,5.3680816434944205,0.004135936690339659,0.0027896510794143126,5,17,2275,3,3.0,2292
351,675248704,2.7365088229787373,2459284.8709358578,0.04430272108843538,1.063265306122449,0.003326004828203168,3.326004828203168,0.17534452957670782,0.00018252808393430793,5.260801053875854,0.003631850530486138,0.0024496496226130704,5,33,2259,6,7.0,2292
358,684887577,9.240018174963975,2459286.6651450414,0.009183673469387756,0.22040816326530616,0.00990704545778637,9.907045457786369,0.5004368720798488,0.00019629909940529106,5.358328455187708,0.003697811935434747,0.002494139980733001,2,4,2288,2,2.0,2292
360,684881502,2.312892554708073,2459283.3956892593,0.004166666666666667,0.1,0.009854057270120304,9.854057270120304,0.5004368720798488,0.00019420488936562163,5.054680778617127,0.0038989830225505174,0.0026298280200664492,4,4,2288,1,1.0,2292
362,675256511,1.3356626678328034,2459283.5455872184,0.029251700680272108,0.7020408163265306,0.0030904255970890175,3.0904255970890175,0.1522238896655974,0.0002101160681651462,5.1306184790942035,0.00399553472542121,0.0026949512514644614,11,44,2248,4,4.0,2292
369,675249529,1.9356084567126752,2459283.416105926,0.004166666666666667,0.1,0.010594397977723685,10.594397977723686,0.5004368720798488,0.0002244825370207914,5.067570039848989,0.004181253695327077,0.0028202169805254806,4,4,2288,1,1.0,2292
371,684853896,0.16237945467896686,2459282.966105926,0.004166666666666667,0.1,0.002713170901884453,2.7131709018844528,0.13082314527827937,0.0002208388902849749,4.990290708342053,0.004211404237772026,0.0028405532427978053,60,60,2232,1,1.0,2292
372,675203502,0.41153523545302256,2459283.085349123,0.009183673469387756,0.22040816326530616,0.0029188831276344323,2.9188831276344325,0.14298961616167252,0.00021299696781972415,4.936577441500847,0.004180957510541571,0.002820017206624559,38,50,2242,1,1.0,2292
381,684928251,3.609942847244091,2459286.102355926,0.004166666666666667,0.1,7293.63264042773,7293632.64042773,1.0002301760877532,26598538.546756387,1086.68487168272,6.711819434031152,4.527060187529443,1,1,2172,1,1.0,2173
385,684850223,1.3489421964440322,2459283.213920552,0.009183673469387756,0.22040816326530616,0.005031183787155866,5.031183787155866,0.24344051254807914,0.00021515888755119038,5.15369205561685,0.004025095398109859,0.002714889652036867,12,17,2274,1,1.0,2291
391,675249858,4.399784229166433,2459285.614694361,0.014200680272108843,0.3408163265306122,0.008679817599261898,8.679817599261899,0.4087836982879843,0.00022601770066936976,5.2485400222612455,0.004050864447721393,0.0027322706378803407,3,6,2286,2,2.0,2292
393,684872380,1.0378502531024403,2459283.746105926,0.004166666666666667,0.1,0.008164900414745574,8.164900414745574,0.3339897172968622,0.000299995194522206,5.566678564916401,0.004400236327387906,0.002967918742336373,9,9,2283,1,1.0,2292
397,675209108,4.857322116064393,2459284.5724749733,0.01921768707482993,0.46122448979591835,0.007453228134566127,7.453228134566126,0.35417203216978954,0.00022220243850355225,5.317179130314281,0.00396467978717171,0.0026741398807309524,3,8,2284,2,3.0,2292
398,675201592,0.3229546082916126,2459283.0453831367,0.029251700680272108,0.7020408163265306,0.0014045187796974216,1.4045187796974217,0.07287499107054773,0.000204171655761103,4.947202001465004,0.004084633356448518,0.0027550474547743953,50,207,2084,4,4.0,2291
401,684882532,0.3245560896778356,2459282.963605926,0.004166666666666667,0.1,0.004210398864135087,4.210398864135087,0.1868813792635081,0.0002570481496290955,5.349184677140112,0.004238719198467012,0.00285897693138204,29,29,2263,1,1.0,2292
403,684885255,13.725713528773555,2459290.737355926,0.004166666666666667,0.1,0.013476137609477166,13.476137609477165,0.7074154940504961,0.00018160628486956493,4.722407156824423,0.004035682638712662,0.0027220306479918133,2,2,2290,1,1.0,2292
406,684872549,0.4388687091994922,2459283.2559953816,0.029251700680272108,0.7020408163265306,0.0016671104214542184,1.6671104214542183,0.08525924582638023,0.00020427540106311275,5.249560317592581,0.003850349065381021,0.0025970248653588435,35,147,2144,4,4.0,2291
417,684884663,3.8307132329996723,2459286.2117436808,0.01921768707482993,0.46122448979591835,0.00692230714830615,6.9223071483061505,0.30223748132515155,0.00026355084940519737,5.208779691464125,0.004407691792407745,0.0029729473845998555,4,11,2281,2,3.0,2292
421,684927997,2.223152463703705,2459284.1161059258,0.004166666666666667,0.1,950.717436349312,950717.4363493121,1.000227453659259,451931.8218893041,254.7249730145523,3.732329127756932,2.5174215079973914,1,1,2198,1,1.0,2199
428,684932137,1.7883194082911298,2459284.3082913,0.04430272108843538,1.063265306122449,0.002502737790351573,2.502737790351573,0.13189761399057912,0.00018477904519398927,5.139479754953114,0.0037404357353217036,0.0025228893398905328,9,59,2233,6,7.0,2292
429,684849781,13.657985713988824,2459291.196811708,0.01921768707482993,0.46122448979591835,0.00918961783137395,9.18961783137395,0.4087836982879843,0.00025334722766011815,5.2214927437907335,0.0043110037153295,0.0029077321700590186,2,6,2286,3,3.0,2292
430,684931549,5.33597952973379,2459283.949821912,0.01921768707482993,0.46122448979591835,0.006987548277651052,6.987548277651052,0.3339897172968622,0.00021971623919626884,5.068790737344803,0.004135630354299075,0.0027894444585856437,3,9,2283,3,3.0,2292
432,684872037,0.20897444018480893,2459282.928189259,0.004166666666666667,0.1,0.0026003932909760747,2.6003932909760747,0.1444091227762578,0.0001656701090599578,5.189195290790425,0.003507818075210628,0.0023659908776545446,49,49,2243,1,1.0,2292
434,675254317,3.096732988418198,2459285.717355926,0.004166666666666667,0.1,0.012249455797738076,12.249455797738076,0.5777286528037157,0.00022507375101110845,5.598533083757536,0.003789685528215477,0.002556107870103519,3,3,2288,1,1.0,2291
441,675201666,1.3556313897957653,2459283.0919392593,0.004166666666666667,0.1,0.006797612222292712,6.797612222292711,0.3339897172968622,0.00020793389366098467,5.226698966975867,0.003901666576882903,0.0026316380526661964,9,9,2283,1,1.0,2292
456,684851176,1.1457773211102658,2459283.156131436,0.01921768707482993,0.46122448979591835,0.0031342785397564057,3.134278539756406,0.15573685579838914,0.0002062977412603285,5.093303557804719,0.003988069091546672,0.0026899157504024496,14,42,2250,3,3.0,2292
457,684870295,1.283839037237226,2459283.6186059257,0.004166666666666667,0.1,0.007450105412931787,7.450105412931787,0.35417203216978954,0.00022201628265518207,5.232449286004047,0.004027192444754138,0.002716304090620625,8,8,2284,1,1.0,2292
462,684932341,8.57923730591972,2459285.510451164,0.09948979591836736,2.3877551020408165,0.004159270374642065,4.159270374642065,0.18378090211530831,0.0002594929507406272,5.264064132159493,0.00432769462863641,0.002918990036851754,2,30,2262,15,15.0,2292
464,684870342,0.5732466667628764,2459283.3433083068,0.039285714285714285,0.9428571428571428,0.0017596696717667862,1.7596696717667863,0.08394186731332119,0.000235329238883923,5.213286624737801,0.004161417986790457,0.0028068379784098596,27,152,2140,5,6.0,2292
480,684871269,1.526512088731531,2459283.4098049053,0.01921768707482993,0.46122448979591835,0.00417644818368606,4.176448183686061,0.1868813792635081,0.0002529194317497116,5.369803223896947,0.004188395894567815,0.0028250343279156986,11,29,2263,2,3.0,2292
482,684823094,0.7450753280213434,2459282.9458678304,0.0744047619047619,1.7857142857142856,0.011086239604927139,11.086239604927139,0.06898849848111081,0.014379850903609041,28.46399532541467,0.005957942807918002,0.004018577369430731,22,234,2058,9,11.0,2292
486,684904728,6.93542052478454,2459288.756284497,0.04430272108843538,1.063265306122449,0.006425201658156769,6.425201658156769,0.27814001126338433,0.00026834090626187316,5.5657950054510374,0.004162279424770717,0.002807419010367407,2,13,2279,6,6.5,2292
487,675201170,0.3150649590224071,2459283.1623899397,0.029251700680272108,0.7020408163265306,0.0021198709068924165,2.1198709068924164,0.0720970291556868,0.00047634838216022087,8.035522993498462,0.0038411670692131148,0.002590831693790041,50,212,2079,4,4.0,2291
493,684939502,1.4385366538212234,2459283.822355926,0.004166666666666667,0.1,0.006072020130689252,6.072020130689252,0.3339897172968622,0.00016591242810372984,4.631456673938758,0.0039331168732657405,0.002652850986959221,9,9,2283,1,1.0,2292
498,684859997,10.050635494973681,2459291.15871647,0.009183673469387756,0.22040816326530616,0.013084133087809865,13.084133087809866,0.5777286528037157,0.00025679180798928136,5.361516027960843,0.004226861052525656,0.00285097872152007,2,3,2288,1,1.5,2291
501,684838917,2.8050346752422795,2459284.8390225926,0.004166666666666667,0.1,0.01157912922963482,11.57912922963482,0.5777286528037157,0.0002011143505748752,5.07882385738179,0.003948874915987412,0.002663479641162425,3,3,2288,1,1.0,2291
503,684842374,1.5802950585005087,2459283.1542096674,0.01921768707482993,0.46122448979591835,0.0035538948804956856,3.553894880495686,0.1868813792635081,0.00018313744791339492,5.2750802614579415,0.003628060368774626,0.0024470931935617335,11,29,2263,2,3.0,2292
506,684870578,2.7095695313579236,2459282.8802725924,0.004166666666666667,0.1,0.014702983595963042,14.702983595963042,0.7074154940504961,0.0002161777266231583,5.502641667302796,0.0037787593788479704,0.0025487382833184746,2,2,2290,1,1.0,2292
507,684930273,9.14905572598271,2459283.410451164,0.009183673469387756,0.22040816326530616,0.010132511362802523,10.132511362802523,0.500437063020516,0.00020533557303464446,4.736507311793062,0.004278473860928862,0.0028857910838586687,3,4,2287,1,1.0,2291
508,684943223,6.439448210144336,2459286.392355926,0.004166666666666667,0.1,0.01579487153240844,15.79487153240844,0.7074154940504961,0.00024947796672528653,5.315188282408451,0.00420254567669823,0.0028345782252112706,2,2,2290,1,1.0,2292
509,684877381,9.378160355854567,2459283.52494096,0.12959183673469388,3.110204081632653,0.003334059938859829,3.3340599388598293,0.15951191094576656,0.00022231911351820014,4.921812559068921,0.004284284757204689,0.002889710479700991,3,40,2252,2,19.0,2292
511,684871062,1.897686227193548,2459284.1723559257,0.004166666666666667,0.1,0.010389650571459848,10.389650571459848,0.500437063020516,0.00021588967799407192,5.806208354494416,0.003578807351416359,0.0024138724884772422,4,4,2287,1,1.0,2291
512,684871060,1.897686227193548,2459284.1723559257,0.004166666666666667,0.1,0.010363569990732756,10.363569990732756,0.500437063020516,0.00021480716590563305,5.787552402173372,0.003581330853035896,0.002415574567001144,4,4,2287,1,1.0,2291
514,675236779,0.5934436297455239,2459283.171105926,0.004166666666666667,0.1,0.005011318306121538,5.011318306121538,0.26808124326656235,0.00017579317815688187,4.756989867307626,0.003941701933493431,0.002658641530752348,14,14,2278,1,1.0,2292
515,684929525,3.9072639210755438,2459284.2036654497,0.039285714285714285,0.9428571428571428,0.005036387298271728,5.036387298271729,0.2142313564558342,0.0002790171672001208,5.880205316172707,0.0040173342742671056,0.002709654845721776,4,22,2270,5,5.5,2292
518,684940555,0.7828579131385726,2459283.3827725924,0.004166666666666667,0.1,0.006723502896445429,6.723502896445429,0.30223748132515155,0.00024863020159180543,5.120635649786052,0.004354798487822297,0.00293727133941879,11,11,2281,1,1.0,2292
521,675237077,1.1802931310893467,2459283.0744392592,0.004166666666666667,0.1,0.006013009371004473,6.013009371004474,0.31691988276953187,0.00018078140847893807,4.546741286303095,0.004182073271156207,0.0028207697768489193,10,10,2282,1,1.0,2292
523,684930103,4.857322116064393,2459283.2464545653,0.01921768707482993,0.46122448979591835,0.00842521046763415,8.425210467634152,0.35417203216978954,0.00028393668569572827,5.731935842522299,0.004157425078202846,0.002804144798464081,3,8,2284,2,3.0,2292
525,684939292,1.3489421964440322,2459283.259838919,0.009183673469387756,0.22040816326530616,0.005573498840380626,5.573498840380626,0.25904832363429553,0.00023297916992793137,5.014588203783625,0.004304654203233142,0.0029034494828228397,12,15,2276,1,1.0,2291
526,684978650,5.578900831871082,2459287.1602725927,0.004166666666666667,0.1,0.014828982109563646,14.828982109563645,0.7074154940504961,0.00021989871040575866,5.479210170652572,0.0038274398977900894,0.0025815728435114593,2,2,2290,1,1.0,2292
527,684875936,4.208205037085012,2459284.0725004836,0.014200680272108843,0.3408163265306122,0.00649374338913436,6.49374338913436,0.2894338090558209,0.0002530122192235572,5.275981622205393,0.004263659082494569,0.002875798652701045,5,12,2280,2,2.0,2292
532,675236177,0.6266290315401242,2459282.943920552,0.009183673469387756,0.22040816326530616,0.0034165961488188505,3.4165961488188503,0.1780238126659077,0.0001867700679059808,5.159050043434011,0.003746268456504541,0.00252682345643096,25,32,2260,1,1.0,2292
535,684982934,1.4243751213974631,2459283.045689259,0.004166666666666667,0.1,0.008106808790354816,8.106808790354817,0.408783932448616,0.00019716104629012238,5.45936047155604,0.0036373390403764234,0.0024533515718173637,6,6,2285,1,1.0,2291
550,684855970,2.0337626815527177,2459283.966701164,0.02423469387755102,0.5816326530612245,0.003516446547314988,3.5164465473149877,0.18378090211530831,0.00018548094480185247,5.156551968819425,0.0037351259288608235,0.00251930792449806,8,30,2262,3,4.0,2292
555,684941086,3.4870838621598192,2459284.4683593274,0.02423469387755102,0.5816326530612245,0.005759598623659412,5.759598623659412,0.24344051254807914,0.0002819702985981048,5.616055115912041,0.004228490104953911,0.0028520775023296308,5,17,2274,3,3.0,2291
562,684941297,3.9461110224291622,2459284.2287164703,0.009183673469387756,0.22040816326530616,0.008182224375885441,8.182224375885442,0.3785429693160749,0.00023432078508066863,5.003291384759469,0.0043267779557804595,0.0029183717494809525,5,7,2285,1,1.0,2292
563,684903363,1.710450865294682,2459283.341446062,0.02423469387755102,0.5816326530612245,0.003667614489210442,3.6676144892104423,0.17033641591939488,0.0002353994307256615,4.993999636817943,0.004344794054820257,0.0029305234418051107,10,35,2257,3,3.5,2292
564,675207197,2.918263107001424,2459283.7576450417,0.01921768707482993,0.46122448979591835,0.004724378359719321,4.724378359719321,0.23663328018996466,0.00020087775797205797,4.932358254901529,0.004063743713338848,0.0027409575835281585,6,18,2274,3,3.0,2292
569,684921341,3.6278439891592744,2459282.902355926,0.004166666666666667,0.1,0.014283074395233072,14.283074395233072,0.7074154940504961,0.0002040062141797626,4.79822900133766,0.004209744369535364,0.002839433677010228,2,2,2290,1,1.0,2292
571,684922765,1.4528389841272102,2459283.5012930008,0.06437074829931973,1.5448979591836736,0.002085220261531473,2.085220261531473,0.10177132550968164,0.00021958124872461997,5.039002043565428,0.0041588005104686515,0.0028050725148176525,11,101,2191,8,9.0,2292
573,684855684,2.223152463703705,2459284.224855926,0.004166666666666667,0.1,0.008233196206791539,8.233196206791538,0.44770219347753915,0.00016946379944881646,4.683306620594544,0.003930980369622299,0.002651409934994131,5,5,2287,1,1.0,2292
576,684922446,3.0061739191761836,2459283.1406892594,0.004166666666666667,0.1,0.010634358144335549,10.634358144335549,0.5004368720798488,0.00022617914628399164,5.0416809000657805,0.0042185764450887,0.0028453908303579523,4,4,2288,1,1.0,2292
580,675231703,0.6616701629054358,2459283.2227725927,0.004166666666666667,0.1,0.005032864491017622,5.032864491017622,0.2590479511960758,0.0001899729373870955,4.996132928565843,0.0039014575144671383,0.0026314970419986095,15,15,2277,1,1.0,2292
600,684863258,8.36965004008368,2459286.054430756,0.009183673469387756,0.22040816326530616,0.011989601852565306,11.989601852565306,0.5777284875526205,0.00021562582887455612,5.006107954103471,0.004148252447121682,0.002797957943559748,2,3,2289,1,1.5,2292
605,684976865,4.378074044793059,2459286.124226674,0.009183673469387756,0.22040816326530616,0.0095092574772916,9.5092574772916,0.5004368720798488,0.00018085195553885244,5.377595909020225,0.0035366203181392063,0.002385417724362071,3,4,2288,1,1.0,2292
615,684926259,0.5218242867896513,2459282.9090225925,0.009183673469387756,0.22040816326530616,0.003211035563377629,3.211035563377629,0.15573685579838914,0.00021652573717479364,4.922621662206674,0.004227399602814067,0.002851341968713117,32,42,2250,1,1.0,2292
617,684894726,0.6682486711404202,2459283.0365225924,0.004166666666666667,0.1,0.005856002954169461,5.856002954169461,0.2590479511960758,0.00025719577949431094,5.216339375898079,0.00434791532576137,0.0029326287102127147,15,15,2277,1,1.0,2292
620,684995921,6.282135118580157,2459285.823078715,0.02423469387755102,0.5816326530612245,0.006380945387388933,6.380945387388933,0.3169201858649594,0.00020358232018420053,5.115364105679051,0.003944650005830987,0.002660629978302298,3,10,2281,3,3.0,2291
621,684924796,0.38590413595057604,2459282.882483477,0.014200680272108843,0.3408163265306122,0.002215145677422879,2.215145677422879,0.11246159628514224,0.00020118168526041589,4.938624494369426,0.004061656695910762,0.0027395499095580478,40,82,2210,2,2.0,2292
622,684925931,0.285387257576594,2459283.000859327,0.009183673469387756,0.22040816326530616,0.0022609911746460406,2.2609911746460405,0.11974698050197065,0.00018403491930578218,4.942229767375739,0.003881880690409281,0.0026182926550716856,56,72,2220,1,1.0,2292
627,675193794,13.324326697394477,2459286.7748219124,0.01921768707482993,0.46122448979591835,0.009150420096938837,9.150420096938836,0.4087841668141577,0.0002511905638513864,5.39262240566766,0.004156393398887285,0.0028034489402989915,2,6,2284,3,3.0,2290
628,684926158,7.771111755595476,2459283.5915225926,0.004166666666666667,0.1,0.013578120315493738,13.578120315493738,0.7074154940504961,0.00018436535130202377,5.244366256484215,0.0036615219003750545,0.0024696626874241567,2,2,2290,1,1.0,2292
632,684865518,1.1744691224207595,2459283.2387674907,0.01921768707482993,0.46122448979591835,0.003326304534493447,3.3263045344934468,0.15951191094576656,0.0002212860371238333,5.075303429181021,0.00414505208097194,0.002795799326164805,14,40,2252,2,3.0,2292
634,684919378,0.7637330138378372,2459283.07249198,0.009183673469387756,0.22040816326530616,0.003661240774029141,3.661240774029141,0.19359374509727786,0.0001809632340730823,5.170850217156628,0.0036791560998928018,0.002481556792049644,21,27,2265,1,1.0,2292
636,675191711,0.4703384522061486,2459283.0525004836,0.034268707482993196,0.8224489795918367,0.0017056063688216468,1.7056063688216467,0.08220785503669348,0.00023127290028651459,5.260626582651928,0.004088273068813271,0.0027575024071315735,33,159,2133,1,5.0,2292
643,684892061,0.3783435442590351,2459282.980536198,0.034268707482993196,0.8224489795918367,0.001976605919874075,1.976605919874075,0.07224870030442151,0.0004121854365417707,6.67974594769275,0.0042983460261746985,0.0028991946756877773,43,211,2081,3,5.0,2292
655,684919541,2.7911935828610845,2459283.199855926,0.004166666666666667,0.1,0.008829990368391102,8.829990368391101,0.44770219347753915,0.00019492182476469908,5.0247057432117455,0.003929475617764323,0.0026503949937706217,5,5,2287,1,1.0,2292
658,684862836,8.66453446216303,2459286.5703151096,0.11955782312925171,2.869387755102041,0.003597836477388958,3.5978364773889577,0.17278550495547612,0.00022005526440651993,4.777331455643317,0.004391324240312665,0.002961907621956472,2,34,2257,17,17.0,2291
659,684960305,2.4181873497803776,2459282.9264715724,0.009183673469387756,0.22040816326530616,0.009822037976003175,9.822037976003175,0.3339897172968622,0.00043412593500921843,4.797559262801178,0.006141896809171457,0.004142652643444933,7,9,2283,1,1.0,2292
660,679834916,0.5428883207456391,2459283.203418851,0.014200680272108843,0.3408163265306122,0.00270366147544448,2.7036614754444797,0.13189761399057912,0.00021563866852717734,5.088332645244467,0.004081340449546961,0.0027528264194974783,29,59,2233,2,2.0,2292
668,684959715,12.189230759653853,2459288.6716076266,0.01921768707482993,0.46122448979591835,0.010372335439465542,10.372335439465543,0.44770219347753915,0.0002689633561719821,5.580428555294692,0.004156176698305622,0.002803302777759087,2,5,2287,2,2.5,2292
669,685266390,0.15002328043312108,2459282.9733083067,0.009183673469387756,0.22040816326530616,0.001686692698847986,1.686692698847986,0.0872224580560944,0.0001991452582242972,5.083920161546501,0.003925556758909,0.002647751759685013,105,140,2151,1,1.0,2291
672,684991632,4.271119482754916,2459284.923971572,0.02423469387755102,0.5816326530612245,0.0067464405065942425,6.746440506594243,0.30223748132515155,0.0002503295272995857,5.788546773802095,0.0038654627327355,0.0026072188943312424,3,11,2281,3,4.0,2292
673,684913242,0.6266290315401242,2459283.196488579,0.01921768707482993,0.46122448979591835,0.002626716021346594,2.626716021346594,0.11895076117656908,0.00025183675257315914,5.460292997127326,0.00411015883874327,0.0027722641567133888,26,73,2219,2,3.0,2292
674,675199864,0.872860869936932,2459282.9902725928,0.004166666666666667,0.1,0.005590879358922354,5.590879358922353,0.2894338090558209,0.00018754759203614416,5.077299360260073,0.003814503113381758,0.002572847101970699,12,12,2280,1,1.0,2292
676,684894053,2.115857837464684,2459284.5805506203,0.004166666666666667,0.1,0.010646155831221618,10.646155831221618,0.500437063020516,0.00022668126796530815,5.381136281433101,0.003956843043709846,0.0026688540696815366,4,4,2287,1,1.0,2291
678,679861951,0.34611255578869105,2459283.1125344974,0.014200680272108843,0.3408163265306122,0.0021203112567702276,2.120311256770228,0.10426907534288267,0.00021579455162815402,4.7040733788418505,0.004416326240425333,0.002978771240000899,47,96,2196,2,2.0,2292
682,684980459,1.5040262598384921,2459283.2098559258,0.004166666666666667,0.1,0.008046795140850296,8.046795140850296,0.4087836982879843,0.0001942527361164358,5.361365689305688,0.00367640323418097,0.0024797000095649335,6,6,2286,1,1.0,2292
686,684992429,4.62289619635153,2459283.5540225925,0.004166666666666667,0.1,0.012063430043609947,12.063430043609948,0.5777284875526205,0.00021828951662560662,5.156892934765038,0.004051756360545281,0.002732872224838312,3,3,2289,1,1.0,2292
687,684923531,0.4966398054157273,2459283.104439259,0.004166666666666667,0.1,0.004161348648789602,4.161348648789603,0.2142313564558342,0.00019048504834461355,4.836616284335584,0.004035560014884244,0.0027219479393526536,22,22,2270,1,1.0,2292
693,684897924,8.925548028711386,2459288.874226674,0.02423469387755102,0.5816326530612245,175.12728449209217,175127.28449209218,0.5004564126920208,61339.131547148376,423.1982224064668,0.8276371459986364,0.558233607175662,1,4,2190,4,4.0,2194
694,684991599,2.147490807290846,2459284.3091926607,0.01921768707482993,0.46122448979591835,0.004840210910013623,4.840210910013623,0.23037300143992318,0.00022256259570744156,5.9796511744588425,0.0035282978231722336,0.0023798042784110573,7,19,2272,2,3.0,2291
695,684897908,0.34440470671957063,2459282.9648474227,0.014200680272108843,0.3408163265306122,0.00222309980980556,2.22309980980556,0.1047925661729552,0.00023475320630698206,5.251862816030672,0.004125792583161061,0.0027828089728592076,46,95,2197,2,2.0,2292
702,675191921,0.6917928004947898,2459282.940094021,0.054336734693877564,1.3040816326530615,0.0015813628712741672,1.5813628712741672,0.07630778960230968,0.00023381624761525873,5.545506040909704,0.00389952005607894,0.0026301902442188996,24,187,2104,7,8.0,2291
703,684963299,3.096732988418198,2459283.4252725923,0.004166666666666667,0.1,0.013317114626481578,13.317114626481578,0.5777284875526205,0.00026601831296227434,5.987624018756374,0.0038522657853983797,0.0025983176752990556,3,3,2289,1,1.0,2292
709,679838367,2.4910336991722106,2459284.883189259,0.004166666666666667,0.1,0.010874407534056467,10.874407534056466,0.5777284875526205,0.00017737910882511604,5.097489065337938,0.003694961599676706,0.0024922174556027965,3,3,2289,1,1.0,2292
711,679861629,2.147490807290846,2459284.80116545,0.01921768707482993,0.46122448979591835,0.004562677156030916,4.562677156030916,0.2434401155342421,0.0001769531940564141,4.695736302721314,0.0040062726348168085,0.0027021938721278893,6,17,2275,2,3.0,2292
713,684912972,8.36965004008368,2459288.1932317764,0.02423469387755102,0.5816326530612245,0.008667207690923988,8.667207690923988,0.3785429693160749,0.0002629217120516417,5.535230015491605,0.004142786487165454,0.002794271204077603,2,7,2285,3,3.5,2292
725,675197447,11.206128589018785,2459292.9087674906,0.1596938775510204,3.83265306122449,0.00642469957900575,6.42469957900575,0.19360185717129938,0.000557236323186435,10.168699909439116,0.0032829878529136752,0.0022143449702641815,2,27,2249,4,13.5,2276
729,675199610,2.2341767290275247,2459283.5012930008,0.06437074829931973,1.5448979591836736,0.0034205917254887183,3.4205917254887184,0.11895076117656908,0.0004270663429655889,7.073305862662679,0.004131808956268729,0.0027868669609258934,8,73,2219,8,9.0,2292
730,684924022,3.9461110224291622,2459284.832083817,0.009183673469387756,0.22040816326530616,0.007551926047092238,7.551926047092238,0.35417230291049984,0.00022812634808300075,5.265364286255638,0.004056713137860166,0.002736215525333985,5,8,2283,1,2.0,2291
736,684991229,12.934677790464038,2459289.242594021,0.02423469387755102,0.5816326530612245,0.00891877638577938,8.918776385779381,0.3785429693160749,0.0002784060027683757,5.890767411149133,0.004005736887711305,0.002701832515655811,2,7,2285,3,3.5,2292
738,684958077,1.6769398987198323,2459283.061675654,0.1647108843537415,3.9530612244897965,0.0013963959746361191,1.3963959746361192,0.07179226385943972,0.00020864162382385542,5.167910583004265,0.003952760346710342,0.0026661003282816287,9,214,2078,23,24.0,2292
755,675214716,4.715277396198465,2459283.584685858,0.01921768707482993,0.46122448979591835,0.00650070641561488,6.50070641561488,0.33399000464948786,0.0001901663275590741,5.075889527957034,0.0038421086864540055,0.0025914668059179857,3,9,2282,3,3.0,2291
764,684918052,1.9070965563596771,2459284.376573613,0.009183673469387756,0.22040816326530616,0.00572365569384651,5.72365569384651,0.30223748132515155,0.00018018128975935864,4.803507915129445,0.0039519490133199065,0.0026655530914069248,8,11,2281,1,1.0,2292
777,684031295,0.34440470671957063,2459283.123461368,0.01921768707482993,0.46122448979591835,0.0018767401039949685,1.8767401039949685,0.09130237103659442,0.00022365674203938336,5.565469589256081,0.003800180113715631,0.0025631863710479097,47,127,2164,1,3.0,2291
785,685265273,1.5724972904061216,2459283.422594021,0.10952380952380952,2.6285714285714286,0.0015067338586154323,1.5067338586154324,0.08036549127200011,0.00018956561787829548,4.830951515223515,0.004030529502283288,0.0027185549050878777,11,167,2125,7,16.0,2292
791,684973374,10.456340887966862,2459291.590774293,0.01921768707482993,0.46122448979591835,0.007984808876910833,7.984808876910833,0.4087836982879843,0.00019127151840238216,5.010222431005653,0.0039037603043406846,0.002633050252489333,2,6,2286,3,3.0,2292
792,675195111,0.8024617255760138,2459283.073605926,0.004166666666666667,0.1,0.0053870597552557855,5.387059755255786,0.27814001126338433,0.00018863268324352742,5.074894921125593,0.003827334451932889,0.0025815017212551528,13,13,2279,1,1.0,2292
795,684912037,5.257379482234622,2459287.992185858,0.009183673469387756,0.22040816326530616,0.011205596981157955,11.205596981157955,0.5004368720798488,0.0002511308074082726,5.571095284195709,0.004022762638056617,0.0027133162269368793,2,4,2288,2,2.0,2292
796,685261339,5.523979892032937,2459284.595867831,0.22491496598639457,5.3979591836734695,0.007219885345723912,7.219885345723912,0.1037538395247092,0.002528147103661846,5.899397044665881,0.01205337148473511,0.00812988768699252,3,97,2195,32,32.0,2292
822,685261783,2.053982914077409,2459283.3312249733,0.014200680272108843,0.3408163265306122,0.004648719342744322,4.648719342744322,0.2434401155342421,0.0001836900279846442,5.0420564847831955,0.0038014569911766706,0.002564047613096365,8,17,2275,2,2.0,2292
839,684050827,0.40347248205889735,2459283.0188100077,0.014200680272108843,0.3408163265306122,0.002202782546819733,2.202782546819733,0.11380720348907453,0.00019409003794294518,5.199494021408981,0.0037892698743823418,0.0025558275154339283,39,80,2212,2,2.0,2292
845,685264748,1.6198677669099537,2459284.2501339535,0.004166666666666667,0.1,0.007445315911795108,7.445315911795109,0.408783932448616,0.00016629818707928826,4.926839219821597,0.0037016074899198516,0.002496700047160294,6,6,2285,1,1.0,2291
865,685276477,9.805102571918539,2459292.0140225925,0.25,6.0,0.003175526638972391,3.175526638972391,0.119763215662138,0.0003630228996536385,7.260932393972044,0.0037109885591884192,0.0025030274916959527,2,72,2201,36,36.0,2273
870,685276182,7.215376703773205,2459287.2602810957,0.1998299319727891,4.795918367346938,0.0036999946564014383,3.6999946564014383,0.1330121646239067,0.00039700885326457674,6.80404973343541,0.0041414041490015424,0.002793338829759573,2,58,2218,29,29.0,2276
878,685245682,7.887293164066215,2459283.16164164,0.0744047619047619,1.7857142857142856,0.004494109469297958,4.494109469297958,0.21922450199141727,0.0002120687091813525,4.83823308954342,0.004256635933681154,0.002871061603723968,2,21,2271,10,10.5,2292
887,684957584,7.004374398773712,2459285.781233477,0.11955782312925171,2.869387755102041,0.010800949936109956,10.800949936109955,0.17278721141635794,0.001983228831880012,9.048325045998014,0.006960384289459731,0.004694714885646656,2,34,2254,17,17.0,2288
888,685264396,0.3213610292147654,2459282.934736878,0.009183673469387756,0.22040816326530616,0.0023082548291427306,2.3082548291427307,0.12583263361667468,0.00017316131157847395,4.8641235404291425,0.0038259195570640578,0.002580547387740495,49,65,2226,1,1.0,2291
891,685272617,6.282135118580157,2459286.5897172866,0.0744047619047619,1.7857142857142856,0.004645171303984637,4.645171303984637,0.20520179889051113,0.000258931397320348,5.7237296087150265,0.003975834024464181,0.0026816633107137333,3,24,2267,3,10.0,2291
895,684974924,8.75067966638586,2459284.860553205,0.009183673469387756,0.22040816326530616,0.01085074308996004,10.85074308996004,0.5777284875526205,0.00017660793840647333,4.963398620047838,0.0037865260823049837,0.002553976853031825,2,3,2289,1,1.5,2292
900,685271408,8.969808425258861,2459284.533614429,0.009183673469387756,0.22040816326530616,0.011356737875314746,11.356737875314746,0.5777284875526205,0.00019346324275291277,5.122710575830417,0.003839851328141505,0.0025899442385953764,2,3,2289,1,1.5,2292
903,684950216,6.699383899590278,2459284.308605926,0.004166666666666667,0.1,0.010490006574724313,10.490006574724314,0.5777286528037157,0.00016506035690663898,5.233232028900048,0.003471893517966753,0.002341760095755263,3,3,2288,1,1.0,2291
911,684974386,0.94943605904714,2459283.657594021,0.09447278911564626,2.26734693877551,0.0014328970737717706,1.4328970737717706,0.07134579624420033,0.00022277155160657178,5.470087850213118,0.003858784820858809,0.0026027147044778154,16,217,2075,13,14.0,2292
914,675129347,11.31754302681275,2459292.799099123,0.2048469387755102,4.916326530612245,0.005534520287036314,5.534520287036314,0.13898184486520898,0.0008117192424018379,12.912283694897155,0.0031204329788695555,0.002104703209813541,2,53,2232,23,26.5,2285
920,684974644,1.761977105129712,2459283.688920552,0.029251700680272108,0.7020408163265306,0.0031624924590490885,3.1624924590490884,0.16358314459883402,0.00019002581251730466,5.193964758790158,0.003753377950024248,0.002531618744114561,9,38,2254,4,4.0,2292
925,685257601,7.4327353184415434,2459287.7636824567,0.029251700680272108,0.7020408163265306,0.007642757391954089,7.642757391954089,0.35417203216978954,0.00023364696220907547,5.4964366015623565,0.003932908515512176,0.002652710451579776,2,8,2284,4,4.0,2292
934,685248871,1.9840786893064715,2459284.7511543618,0.04931972789115646,1.183673469387755,0.0025916141926714984,2.5916141926714986,0.13413234965131027,0.00019141922752420577,5.096036525357532,0.003839505069755154,0.0025897106905133915,8,57,2234,7,7.0,2291
937,684949530,0.3530290626337037,2459282.9952725926,0.004166666666666667,0.1,0.00414789668413593,4.14789668413593,0.19359374509727786,0.0002322681331805889,5.414240449794771,0.003980817550359571,0.002685024652879786,27,27,2265,1,1.0,2292
945,684967583,4.857322116064393,2459283.8552725925,0.004166666666666667,0.1,0.013598982144421583,13.598982144421583,0.7074156288890605,0.00018493231536429705,5.125642239803043,0.003752088827769914,0.002530749243066177,2,2,2289,1,1.0,2291
951,675133589,7.039107995798724,2459284.9289885787,0.079421768707483,1.906122448979592,0.004531637525920652,4.531637525920653,0.20956856552196282,0.0002361609946628209,5.450309117771598,0.003987474770591144,0.002689514886409783,2,23,2269,11,11.5,2292
956,685249352,5.9200852053812,2459282.99246647,0.02423469387755102,0.5816326530612245,0.006742981435561477,6.742981435561477,0.3169204892259699,0.00022733899320163356,5.338523683577642,0.00399420903988878,0.0026940570888228654,3,10,2280,3,3.0,2290
973,685303130,10.612667608006548,2459284.8522768104,0.10952380952380952,2.6285714285714286,0.015653229784697784,15.653229784697784,0.25088300495655,0.0019601888215403985,16.25185408847816,0.0038526631360283315,0.0025985856846272304,1,16,2261,16,16.0,2277
982,685314905,7.323249638104342,2459286.733467661,0.25,6.0,0.01878400800548859,18.78400800548859,0.12328809147353298,0.01199652452950882,46.902118036640886,0.003302556571904615,0.0022275438903983646,2,68,2024,32,34.0,2092
986,685247849,0.36186938399047575,2459282.936573613,0.009183673469387756,0.22040816326530616,0.0027267125864029584,2.726712586402958,0.1352936437847547,0.00020817892280775268,5.118690494742127,0.003986341546145033,0.002688750536992468,44,56,2236,1,1.0,2292
999,685315024,2.09502848335005,2459283.3268797356,0.009183673469387756,0.22040816326530616,0.7720213667069268,772.0213667069268,0.30223748132515155,3.2780934485861715,5.673097760364373,0.4513416323253689,0.30442576037054425,8,11,2281,1,1.0,2292
1010,685302741,2.105417401896344,2459284.81680062,0.039285714285714285,0.9428571428571428,0.0031075639489781042,3.1075639489781044,0.157590881606704,0.000197967550788262,5.303722667667355,0.003751726718739931,0.0025305050038715304,7,41,2249,5,6.0,2290
1019,685248338,7.004374398773712,2459283.537798103,0.054336734693877564,1.3040816326530615,0.00439101725883288,4.39101725883288,0.20956856552196282,0.00022173187452473455,5.594715127576088,0.0037640127350763914,0.0025387918083612515,3,23,2269,7,8.0,2292
1020,684954365,5.309649806872581,2459283.9532147693,0.014200680272108843,0.3408163265306122,0.007534879602863409,7.534879602863409,0.4087836982879843,0.00017032323188894113,4.993881572955654,0.00369584461118818,0.0024928130387077974,3,6,2286,2,2.0,2292
1023,684954159,0.23415504841209372,2459282.946658647,0.01921768707482993,0.46122448979591835,0.0014018797095545128,1.4018797095545128,0.07522113314598486,0.00018964823848585224,4.832726776393602,0.004029926839660021,0.002718148414717403,69,193,2097,2,3.0,2290
1030,684970238,11.543706055297235,2459292.0984672867,0.004166666666666667,0.1,0.013452331657268779,13.452331657268779,0.7074156288890605,0.00018096522701715578,5.025709739220587,0.0037854294940242324,0.002553237214369508,2,2,2289,1,1.0,2291
1037,55452212,3.302412751769635,2459284.1074069464,0.01921768707482993,0.46122448979591835,0.005021773227867481,5.021773227867481,0.26808196272715457,0.00017652744446488606,5.046921003640138,0.0037230134728088067,0.0025111381848164083,5,14,2276,2,3.0,2290
1038,685305553,1.710450865294682,2459282.9566788003,0.06437074829931973,1.5448979591836736,0.0024016531820228453,2.4016531820228453,0.11249678709970906,0.00023648545827553876,5.76561181058836,0.0037720011762690654,0.0025441799381283325,9,82,2172,9,9.0,2254
1044,684970294,2.578799260365644,2459283.5740566063,0.014200680272108843,0.3408163265306122,0.006470083836093352,6.470083836093353,0.27814001126338433,0.00027210290149949705,5.730992102552552,0.004070537632951033,0.002745540019527204,6,13,2279,2,2.0,2292
1067,685240806,0.5789460440801454,2459283.1139545655,0.014200680272108843,0.3408163265306122,0.0025688220722415197,2.56882207224152,0.1352936437847547,0.00018476771148738603,4.983284987742515,0.003857556654115668,0.0026018863173584705,27,56,2236,2,2.0,2292
1071,675134608,0.5348914670171765,2459283.0694392594,0.004166666666666667,0.1,0.006256415309232913,6.256415309232914,0.2894338090558209,0.00023485639512962382,5.3577303070964,0.00404515664944543,0.002728420780686247,12,12,2280,1,1.0,2292
1074,684154347,0.19888883660196532,2459282.9350259937,0.014200680272108843,0.3408163265306122,0.0017048405253396073,1.7048405253396073,0.08104002583686552,0.00023833145978089873,5.490971962153071,0.00397609230715481,0.002681837520001895,80,164,2128,2,2.0,2292
1083,685316418,0.7056171751380312,2459283.121505586,0.06437074829931973,1.5448979591836736,0.06638220513388413,66.38220513388413,0.07209542539471352,0.46709929879432965,5.649923675668027,0.17107124832453519,0.11538597620702495,23,212,2080,9,9.0,2292
1099,685255894,0.33433313458217934,2459283.0004681707,0.01921768707482993,0.46122448979591835,0.0017134640545247736,1.7134640545247737,0.08871873685298363,0.00019817723696502216,5.18884098351707,0.003836820844142363,0.0025879002051412137,48,135,2157,2,3.0,2292
1124,684781385,0.8991552461388669,2459283.063866947,0.02423469387755102,0.5816326530612245,0.0026969043382423503,2.6969043382423505,0.12875427733267994,0.0002254720832985427,5.2040433130582135,0.004080566728084674,0.0027523045515207567,18,62,2229,3,3.0,2291
1132,685291515,0.3088922407497386,2459282.9868006203,0.004166666666666667,0.1,0.003918895606999891,3.918895606999891,0.18378143407145794,0.00023036614167844564,5.15114978939776,0.004166967788200723,0.002810581268178014,30,30,2261,1,1.0,2291
1137,685315565,7.8096474832405445,2459283.7123559257,0.004166666666666667,0.1,0.45257629276404415,452.5762927640441,0.7074154940504961,0.2048253007720458,4.933346596906994,0.129737394010939,0.08750667341895252,2,2,2290,1,1.0,2292
1159,685256634,1.3422860100793261,2459283.6203720486,0.06938775510204082,1.6653061224489796,0.0017387810686028324,1.7387810686028324,0.09772110500664494,0.00016628477824923843,4.797151590779316,0.0038015245823931594,0.0025640932027473085,11,110,2181,10,10.0,2291
1162,685244103,3.3352462550780477,2459283.268444361,0.04931972789115646,1.183673469387755,0.0036446617960166627,3.6446617960166625,0.1868819019318694,0.00019261161430647939,5.028046209471734,0.0039035250711983143,0.0026328915899084815,4,29,2262,7,7.0,2291
1165,675153937,0.45884827578365645,2459283.179294701,0.034268707482993196,0.8224489795918367,0.001736890096107391,1.736890096107391,0.07928350525608453,0.000259443699712211,5.761674162057269,0.0039535557576988855,0.002666636825643387,35,172,2119,4,5.0,2291
1173,684157659,0.34440470671957063,2459282.8727725926,0.004166666666666667,0.1,0.0036062658765716985,3.6062658765716984,0.1868819019318694,0.0001885747268016189,4.98871146409923,0.003892856146008946,0.0026256954984547054,29,29,2262,1,1.0,2291
1175,684965136,12.432813075795126,2459289.1017581034,0.014200680272108843,0.3408163265306122,0.010779240379816622,10.779240379816622,0.5004372541281625,0.00023238404633173836,5.729388696589753,0.0037627889991938028,0.0025379664098164056,2,4,2286,2,2.0,2290
1181,685259737,10.404745383113742,2459284.179802321,0.014200680272108843,0.3408163265306122,0.00948950319993097,9.489503199930969,0.4477026209008475,0.00022512667745375027,5.366176209784526,0.003954244772852784,0.002667101559997831,2,5,2285,2,2.5,2290
1191,684785995,1.4600433853976145,2459283.4033312323,0.009183673469387756,0.22040816326530616,0.005767045542048354,5.767045542048354,0.25904832363429553,0.0002494411071304485,5.108792929836308,0.0043720056083558405,0.0029488773832158643,11,15,2276,1,1.0,2291
1218,684785766,2.7365088229787373,2459284.698104225,0.029251700680272108,0.7020408163265306,0.004761551791926656,4.761551791926657,0.21922450199141727,0.0002380599424055995,5.181820267213183,0.004210908597123449,0.0028402189377603193,5,21,2271,4,4.0,2292
1233,684968905,5.283450004732033,2459284.002582933,0.01921768707482993,0.46122448979591835,0.0066989858933586485,6.698985893358649,0.33399000464948786,0.00020194385399738176,5.252162381526059,0.0038264159064778595,0.002580882170833576,3,9,2282,3,3.0,2291
1244,685290214,4.29229929618489,2459283.7523559257,0.004166666666666667,0.1,0.010006239464846198,10.006239464846198,0.5004368720798488,0.00020024965645569105,5.184971133988742,0.0038597088416762342,0.002603337947980733,4,4,2288,1,1.0,2292
1248,684968578,10.665294166649886,2459284.8409273545,0.21488095238095237,5.157142857142857,0.043773720056982164,43.773720056982164,0.18083237180371586,0.02970014779821916,101.15914746544607,0.002409290357503393,0.0016250440830321011,1,31,2261,31,31.0,2292
1254,684096495,6.969812190334154,2459288.1067096675,0.04931972789115646,1.183673469387755,1.5729779219374507,1572.9779219374507,0.2680816028391155,17.319816800318623,5.608578753338993,1.0493825119858942,0.707798807490823,2,14,2277,7,7.0,2291
1260,685290346,0.6616701629054358,2459283.1783083067,0.039285714285714285,0.9428571428571428,0.0017611503643764196,1.7611503643764197,0.08781141722762253,0.0002140138918100805,5.079331901613671,0.00407314047229177,0.0027472956106109336,24,138,2153,5,6.0,2291
1265,684968552,10.665294166649886,2459284.843535314,0.2098639455782313,5.036734693877551,0.1326013215982968,132.6013215982968,0.18083291291198964,0.27253821258903144,391.8408551690555,0.0018841652245287983,0.0012708520332718187,1,31,2260,31,31.0,2291
1272,685254698,1.2462951906403148,2459282.988997082,0.054336734693877564,1.3040816326530615,0.00209808614092053,2.09808614092053,0.10177234940579936,0.0002222992554635015,5.331249907726407,0.003955077162691305,0.002667662999252196,13,101,2190,7,8.0,2291
1299,684139276,0.4680176260057197,2459283.1298389193,0.04430272108843538,1.063265306122449,0.0014064697901801121,1.4064697901801122,0.0722502991250571,0.00020869559205771997,4.846915936838639,0.004215083170807536,0.00284303464913499,33,211,2080,6,6.0,2291
1323,684094812,3.036062133866502,2459284.533189259,0.004166666666666667,0.1,17580.89001489933,17580890.014899332,1.0002296474941286,154543846.85799348,3861.8426924973705,4.552461458115516,3.0705931863722626,1,1,2177,1,1.0,2178
1328,684137470,9.518367820793292,2459292.010689259,0.004166666666666667,0.1,0.014651820386248854,14.651820386248854,0.7074154940504961,0.0002146758406308975,5.299774543791053,0.003909751807831745,0.0026370914662294243,2,2,2290,1,1.0,2292
1329,685252183,2.2012668582072634,2459284.307217287,0.004166666666666667,0.1,0.008976479148837197,8.976479148837196,0.500437063020516,0.00016115435581901794,4.8418254608948965,0.003707890431547323,0.0025009378332303545,4,4,2287,1,1.0,2291
1331,684754966,3.887984016493029,2459283.212083817,0.009183673469387756,0.22040816326530616,0.00859958560628531,8.59958560628531,0.44770219347753915,0.00018488218149957368,5.002421356627346,0.003843990064632849,0.0025927357781146965,4,5,2287,1,1.0,2292
1361,685298012,3.1742793370658124,2459285.68207846,0.004166666666666667,0.1,0.01005589169709778,10.05589169709778,0.5004372541281625,0.00020224191564752013,4.963952330325404,0.00405156658562778,0.0027327442234100774,4,4,2286,1,1.0,2290
1363,675132679,0.40347248205889735,2459283.115451164,0.039285714285714285,0.9428571428571428,0.0013961030888755403,1.3961030888755404,0.06938447728107587,0.00022512149291568375,5.260388297666865,0.004033719317460831,0.002720706405949569,40,231,2061,5,6.0,2292
1387,685251198,1.157168956950825,2459283.4249638855,0.02423469387755102,0.5816326530612245,0.0029847098256088364,2.9847098256088365,0.14738462790689816,0.00020934957946251937,5.037417254479238,0.004062029927856902,0.0027398016510568612,14,47,2244,3,3.0,2291
1399,675154188,0.6266290315401242,2459283.108605926,0.004166666666666667,0.1,0.0052790972138218,5.2790972138217995,0.26808124326656235,0.00019508207175086763,4.981289777854594,0.003965353144763516,0.002674594054204449,14,14,2278,1,1.0,2292
1407,685121752,1.9939174251787803,2459283.7972172867,0.18477891156462584,4.43469387755102,0.0014205754060980904,1.4205754060980904,0.07240471645336292,0.00021189362086312922,5.572553624828261,0.0036941938637284847,0.0024916996248000034,8,210,2081,26,26.0,2291
1435,679156567,0.868553847266817,2459283.345323613,0.0844387755102041,2.0265306122448985,0.011017735512704628,11.017735512704627,0.07134579624420033,0.013170868797328528,27.193914831793126,0.005968297683856931,0.0040255616375670655,18,217,2075,8,12.0,2292
1439,684759741,0.2546972307126492,2459283.102321912,0.01921768707482993,0.46122448979591835,0.001501146171618404,1.501146171618404,0.07907128137401555,0.0001949225451708371,5.26799883766329,0.0037480067477790955,0.002527995917832926,62,173,2119,2,3.0,2292
1441,684758859,6.901198560602333,2459284.441718171,0.014200680272108843,0.3408163265306122,0.009131509521987916,9.131509521987915,0.408783932448616,0.00025015339845046796,5.295236548754877,0.0042240868192178925,0.0028491075267893518,3,6,2285,2,2.0,2291
1452,685254508,2.4062551070887763,2459284.9126280346,0.01921768707482993,0.46122448979591835,0.005047824171190547,5.047824171190547,0.2590479511960758,0.00019110396647441653,5.324141276078742,0.0036719797495687466,0.0024767164100693018,6,15,2277,2,2.5,2292
1454,684087796,2.7095695313579236,2459284.9777725926,0.004166666666666667,0.1,2441.360001028431,2441360.0010284306,1.0002282844453891,2980119.32731077,489.89258008566435,4.983459844608232,3.3612976154109218,1,1,2190,1,1.0,2191
1465,685300582,11.373664952401914,2459294.033671743,0.16972789115646258,4.073469387755102,0.014361848211965563,14.361848211965563,0.20111000963419695,0.0025782835507942303,17.979408593522145,0.003993971252519406,0.0026938967034395023,1,25,2246,25,25.0,2271
1468,685241967,8.044908125573683,2459284.8395327968,0.14965986394557823,3.5918367346938775,0.046350076685279344,46.35007668527935,0.14298961616167252,0.0537082402182819,128.26017799892824,0.0025553101550312356,0.0017235330871652743,3,50,2242,6,22.0,2292
1476,685283177,0.7751511455072717,2459283.525111028,0.01921768707482993,0.46122448979591835,0.0026683893700385204,2.6683893700385206,0.13648752855291055,0.00019580830032870072,4.939885172542614,0.00400602534630902,0.0027020270783144618,20,55,2237,2,3.0,2292
1480,684808785,5.718603993427717,2459283.9134528646,0.014200680272108843,0.3408163265306122,0.00836931136080128,8.36931136080128,0.4087836982879843,0.00021013611796211212,5.235424742497045,0.003915736227862132,0.0026411279022407474,3,6,2286,2,2.0,2292
1485,685300626,11.31754302681275,2459294.0205142084,0.12959183673469388,3.110204081632653,0.007816493063953303,7.8164930639533035,0.23667646447573457,0.0005498780743694709,9.031567545317783,0.003671851130749321,0.0024766296578641045,1,18,2173,18,18.0,2191
1501,685253342,0.2676128641212588,2459283.084439259,0.004166666666666667,0.1,0.0035149314432897927,3.5149314432897927,0.16574282111206462,0.0002285627464440044,5.685974994086025,0.003760215847246605,0.0025362308426052915,37,37,2254,1,1.0,2291
1592,685286374,0.6551564161469298,2459283.5031441576,0.059353741496598646,1.4244897959183676,0.0014188203621432539,1.4188203621432538,0.07352050774185379,0.0002043246988332799,5.212905311383256,0.0038778909773755266,0.002615601630497455,24,203,2087,7,8.5,2290
1617,684079490,10.560300728527373,2459285.2972198715,0.08945578231292517,2.146938775510204,4.159727772242496,4159.727772242496,0.27814174562798677,112.47167840457587,8.95689082850577,1.6744774567375142,1.1294195715213236,1,13,2274,13,13.0,2287
1624,685122552,2.003804949803312,2459283.4758567424,0.02423469387755102,0.5816326530612245,0.0040448286549733415,4.044828654973341,0.1901477767659333,0.00022904894387330832,5.48523199132876,0.0039019719617492243,0.0026318440319366143,8,28,2263,3,3.5,2291
1647,684079014,7.074013831298388,2459285.373818511,0.029251700680272108,0.7020408163265306,0.13628793772069703,136.28793772069702,0.33399000464948786,0.08358480885672266,5.345042706505408,0.07649402177170002,0.05159451084021316,2,9,2282,4,4.5,2291
1651,684803443,3.609942847244091,2459284.5189205515,0.009183673469387756,0.22040816326530616,0.009551531019925143,9.551531019925143,0.44770219347753915,0.00022807936206148063,5.105732873872424,0.0041831159556045714,0.0028214730578743907,4,5,2287,1,1.0,2292
1665,684753100,0.9975817261565032,2459283.729583817,0.09948979591836736,2.3877551020408165,0.0014213062815270322,1.421306281527032,0.06965302004495924,0.00023130277200648878,5.250033491812247,0.004096786603291273,0.0027632447074674715,16,229,2063,14,14.0,2292
1678,684757832,3.9266394316891384,2459284.1222198713,0.04430272108843538,1.063265306122449,0.004125286744255142,4.125286744255142,0.19723804077329365,0.00022123387939025342,4.822688433384703,0.004361658004384019,0.002941898019954148,4,26,2266,6,6.5,2292
1709,685300362,11.600949487968418,2459294.3097712668,0.14965986394557823,3.5918367346938775,0.01963045530751351,19.630455307513508,0.21423271705269614,0.004238902531383138,23.010925806149867,0.004001359950596296,0.002698880312016927,1,22,2267,22,22.0,2289
1725,684078664,13.793777195197887,2459292.2241076264,0.059353741496598646,1.4244897959183676,0.6736000689616678,673.6000689616678,0.33399000464948786,2.041816738073236,7.577223698888712,0.2666940144820295,0.17988264837584617,1,9,2282,9,9.0,2291
1739,685294715,3.5217534168554234,2459283.150253001,0.014200680272108843,0.3408163265306122,0.0069806903444351205,6.9806903444351205,0.30223779942343243,0.00026801520726689346,5.3480202257542055,0.004329140443159606,0.0029199652253875663,5,11,2280,2,2.0,2291
1752,684795650,0.9354506756844992,2459282.979022593,0.004166666666666667,0.1,0.007411179917361618,7.4111799173616175,0.33399000464948786,0.0002471651449537687,5.256520264345166,0.004229706846731734,0.002852898183415442,9,9,2282,1,1.0,2291
1766,684064189,4.334974526004805,2459283.9086059257,0.004166666666666667,0.1,907.0049434450045,907004.9434450045,1.0002347142386507,411328.98371683795,1218.8087554406816,0.744173308073309,0.5019380197445764,1,1,2130,1,1.0,2131
1793,685125790,1.7794951700898307,2459283.0409842934,0.029251700680272108,0.7020408163265306,0.0031281753366924937,3.1281753366924936,0.16358374648664648,0.00018592413780473276,4.933661442238455,0.003908530829488845,0.0026362679276196177,9,38,2253,4,4.0,2291
1919,684077167,3.1586162531346837,2459285.923189259,0.004166666666666667,0.1,3414.273992794338,3414273.992794338,1.000228493091066,5828633.448935896,988.4541281255913,3.4541552264735205,2.3297957820541755,1,1,2188,1,1.0,2189
2021,685297431,11.31754302681275,2459293.8074328313,0.2449829931972789,5.8795918367346935,0.005637120959452402,5.637120959452401,0.16804031627178134,0.0005719883888069562,8.901819744249108,0.0037995293915679537,0.0025627474649723148,1,36,2175,36,36.0,2211
2028,685140099,5.578900831871082,2459288.1860863343,0.06938775510204082,1.6653061224489796,0.004333428485799809,4.333428485799809,0.22458925765569754,0.00018778602441541225,5.066016197102542,0.0038254282232355924,0.0025802159876133768,2,20,2271,10,10.0,2291
2059,685292867,2.961892375080792,2459285.498127151,0.029251700680272108,0.7020408163265306,0.00493757591447549,4.93757591447549,0.22458925765569754,0.00024379655911208468,5.02254349076395,0.004396479755381287,0.0029653849692306,5,20,2271,4,4.0,2291
2062,685285728,1.7274566420905826,2459283.9301424567,0.034268707482993196,0.8224489795918367,0.0032477754617469237,3.2477754617469237,0.15395016664862568,0.00022678297717339702,4.791575911093528,0.0044446938390007885,0.0029979049231085853,9,43,2248,4,5.0,2291
2076,683668424,2.682895440940533,2459282.8811271517,0.25,6.0,0.007327398014630255,7.327398014630255,0.07435092446850082,0.005315385404815933,35.113482041116704,0.002936354453774443,0.0019805439456188068,6,198,2094,18,36.0,2292
2122,685396939,11.716289344620138,2459293.351154549,0.2399659863945578,5.759183673469387,0.008052508045581221,8.05250804558122,0.17039042237746868,0.00113475050192263,12.49713430405743,0.003812016330515314,0.002571169789906458,1,35,2167,35,35.0,2202
2127,685120641,0.6883792355414555,2459283.39930062,0.004166666666666667,0.1,0.005357465925728365,5.357465925728365,0.2781403575280856,0.00018656586744471317,4.999339364969859,0.00386383413718929,0.002606120421684399,13,13,2278,1,1.0,2291
2146,684749242,0.9684090228748682,2459282.952185858,0.009183673469387756,0.22040816326530616,0.004528200547060928,4.528200547060928,0.22458882618035658,0.00020504600194402888,5.294972533600601,0.0038245200233719386,0.0025796034151975844,17,20,2272,1,1.0,2292
2149,685124725,0.8104400225673443,2459283.4269392593,0.004166666666666667,0.1,0.005907771294709768,5.907771294709768,0.2894341415172923,0.00020941057002358036,5.292947420113599,0.0038664884533142294,0.0026079107333834006,12,12,2279,1,1.0,2291
2150,685397119,7.109092759376353,2459288.8217776944,0.08945578231292517,2.146938775510204,1.344698890721407,1344.698890721407,0.19724499536137444,23.506796387195973,18.657094562509315,0.3675087704959797,0.24788126972614305,2,26,2252,13,13.0,2278
2172,683714353,2.6044383976907945,2459285.2411059258,0.004166666666666667,0.1,1470.9201286868745,1470920.1286868744,1.0002245929281548,1081803.0124881058,595.7835856429384,2.4688832726056638,1.6652389535988559,1,1,2226,1,1.0,2227
2194,685293704,0.6266290315401242,2459283.223818511,0.029251700680272108,0.7020408163265306,0.0018790446512710582,1.8790446512710581,0.09772002984537298,0.0001941944840808705,4.8109752531561805,0.004096380780730458,0.0027629709839002148,26,110,2182,4,4.0,2292
2195,685285699,3.985344352436402,2459283.9801339535,0.004166666666666667,0.1,0.014750087413205352,14.750087413205351,0.7074156288890605,0.00021756507869719895,5.520236906309911,0.003778782327638858,0.0025487537620658696,2,2,2289,1,1.0,2291
2213,685166975,8.044908125573683,2459283.1316645658,0.029251700680272108,0.7020408163265306,0.0063687715444253985,6.368771544425399,0.33399029225381915,0.00018252562943287204,5.010142596281916,0.003813527113470824,0.002572188799049524,2,9,2281,4,4.5,2290
2215,684801470,5.4426105615325415,2459287.0408992595,0.01921768707482993,0.46122448979591835,0.006893815170752947,6.893815170752947,0.3541728451034613,0.00019009875043401393,5.17562160348899,0.003767403283269394,0.002541078701786992,3,8,2281,2,3.0,2289
2246,685297063,0.7232867758687513,2459283.023637355,0.06938775510204082,1.6653061224489796,0.001822507250885729,1.822507250885729,0.07091059912246875,0.00036536859474841634,6.643212945780244,0.004069138119477265,0.002744596060621385,22,220,2071,10,10.0,2291
2254,220438568,1.5881314945071545,2459283.2088950416,0.10450680272108842,2.508163265306122,0.003506654009963868,3.506654009963868,0.08081306704851059,0.001014471343511643,7.852061049841826,0.0057365557966213175,0.0038692538760429773,11,165,2127,15,15.0,2292
2258,683707329,0.3478288738142049,2459282.985689259,0.004166666666666667,0.1,0.0050111989110927626,5.011198911092762,0.18378090211530831,0.0003766817178980593,6.089360013696976,0.004507446886991395,0.0030402312741072413,30,30,2262,1,1.0,2292
2260,685397125,1.3556313897957653,2459283.7389800753,0.13460884353741495,3.2306122448979586,0.11523675744520981,115.2367574452098,0.07048307546448805,1.4806653947132022,6.691936812693069,0.2571530202594406,0.17344733593649037,12,223,2068,11,19.0,2291
2285,683707202,2.918263107001424,2459285.6927725924,0.004166666666666667,0.1,1197.2385440569915,1197238.5440569916,1.0002306007179276,716690.0656878523,1775.0291040557954,0.6744895288316118,0.45493695456064476,1,1,2168,1,1.0,2169
2290,685285256,11.950420681651691,2459289.3995189364,0.034268707482993196,0.8224489795918367,0.006317940537512657,6.317940537512657,0.3169204892259699,0.0001995818631777286,4.885875089043276,0.0040891512484328915,0.0027580947311701687,2,10,2280,5,5.0,2290
2291,682997791,1.8421913882485155,2459283.4931892594,0.17976190476190476,4.314285714285714,0.008020162536071823,8.020162536071823,0.06631296355585325,0.008233344909441283,40.171127402142595,0.003194398785290374,0.0021545924627616175,10,256,2036,23,26.0,2292
2305,685396894,12.371464916409064,2459290.5189375584,0.2399659863945578,5.759183673469387,0.15835759840542116,158.35759840542116,0.12223991237846221,0.8651609495592762,6.4357357196900855,0.2043926387101882,0.13786094611506017,2,69,2223,34,34.5,2292
2349,685135351,1.9452068362832247,2459283.0838839533,0.004166666666666667,0.1,0.007436464149498346,7.436464149498346,0.37854347571457325,0.00019355349666370957,5.208640841580058,0.0037773836537463375,0.0025478103694498433,7,7,2283,1,1.0,2290
2442,678747047,10.665294166649886,2459293.2140225926,0.25,6.0,0.011720697911721069,11.72069791172107,0.16799119080810546,0.002472745671680807,67.5915615228066,0.0010404285074342864,0.0007017594141604522,1,36,2256,36,36.0,2292
2446,685396791,1.8331013255075308,2459283.895349123,0.009183673469387756,0.22040816326530616,0.12671816167584152,126.71816167584151,0.26808124326656235,0.11240244748953297,5.1052624980447465,0.09287200136220523,0.06264130673290519,9,14,2278,1,2.0,2292
2452,684768827,2.682895440940533,2459283.8649154496,0.02423469387755102,0.5816326530612245,0.004448892829460314,4.4488928294603145,0.22458882618035658,0.00019792647408023402,5.013602875653516,0.003968414347132722,0.0026766588069153663,6,20,2272,3,3.0,2292
2481,684795885,1.5040262598384921,2459283.1707572863,0.014200680272108843,0.3408163265306122,0.00521248228466372,5.21248228466372,0.2142313564558342,0.00029886968724726425,5.693968593283431,0.004293790640964667,0.002896122110457755,11,22,2270,2,2.0,2292
2498,685166127,0.6266290315401242,2459283.0040225927,0.004166666666666667,0.1,0.005049704199836339,5.049704199836339,0.26808124326656235,0.00017849658754091332,4.895588229133983,0.0038594469420242432,0.0026031612990855546,14,14,2278,1,1.0,2292
2500,685135343,4.532324918884144,2459283.4222145146,0.02423469387755102,0.5816326530612245,0.005014642357164434,5.014642357164434,0.26808196272715457,0.00017602646579187368,4.84327181495035,0.003874049265580222,0.0026130104313909497,4,14,2276,3,3.5,2290
2512,683694540,12.009680948536998,2459293.7945242934,0.09447278911564626,2.26734693877551,411.87743607709416,411877.4360770942,0.4088313637776068,508929.06704832235,2202.6647306382315,0.45803137487126605,0.3089379299010293,1,6,2099,6,6.0,2105
2558,685396804,3.3352462550780477,2459285.4870072864,0.11454081632653063,2.748979591836735,0.04895067980183271,48.950679801832706,0.11246159628514224,0.09824293117552366,5.1588237625249045,0.08592409409277615,0.05795500748197502,5,82,2210,16,16.0,2292
2586,685397262,9.708577205240061,2459291.449838919,0.009183673469387756,0.22040816326530616,0.350586846215478,350.586846215478,0.5004368720798488,0.24582227347863042,4.959811117303011,0.14137104737412504,0.09535346511137532,2,4,2288,2,2.0,2292
2590,685139793,11.206128589018785,2459292.947616947,0.2349489795918367,5.638775510204081,0.006551653812803041,6.551653812803041,0.16574818649224493,0.0007940971021321077,12.933365599423908,0.0030813444511132463,0.002078338359040366,2,37,2245,3,18.5,2282
2598,685166633,2.7095695313579236,2459283.0129740895,0.02423469387755102,0.5816326530612245,0.004541367168616703,4.541367168616703,0.21922494441419949,0.00021655216548199175,5.511190458407383,0.003776163964180491,0.0025469877001082497,6,21,2270,3,3.5,2291
2626,685166549,1.8883223321184048,2459282.991290416,0.09948979591836736,2.3877551020408165,0.0017514922787684952,1.7514922787684952,0.08966010803417875,0.00020246986337065328,4.985426744351461,0.0040363875095399265,0.0027225060768514275,10,132,2159,5,14.0,2291
2673,683699912,2.9038633031012635,2459283.866939259,0.004166666666666667,0.1,414.0244846676453,414024.4846676453,1.0002260142417831,85708.13695215463,160.58177345834807,2.5782781927927556,1.7390248163987292,1,1,2212,1,1.0,2213
2682,683697784,8.287255844493787,2459291.0618797354,0.16972789115646258,4.073469387755102,10.421828753766544,10421.828753766544,0.24344933589010848,923.2233738690984,67.93368294212388,0.632533066115189,0.4266377081580932,1,17,2252,17,17.0,2269
2696,683697854,3.7556623176453927,2459286.6165225925,0.004166666666666667,0.1,1394.9672993262147,1394967.2993262147,1.0002302820986197,972966.8830947366,281.1730020931868,4.961241971815958,3.346311865517306,1,1,2171,1,1.0,2172
2699,685295948,2.9765799360720404,2459285.7417836133,0.01921768707482993,0.46122448979591835,0.006120244828831359,6.120244828831359,0.2781403575280856,0.00024347307897144046,5.2998856125019,0.004163647701507234,0.002808341900382594,5,13,2278,2,3.0,2291
2711,684798650,2.5158002469513496,2459284.2331781713,0.21989795918367347,5.277551020408163,0.0014382204628018756,1.4382204628018755,0.07668271782854692,0.00019133422421503885,4.806385952686357,0.004069983851156631,0.0027451664988241142,6,185,2106,28,31.0,2291
2722,685137805,9.565567917961316,2459284.4743261305,0.02423469387755102,0.5816326530612245,0.007701402768428096,7.701402768428096,0.3785432224045509,0.0002075906161054318,5.190073246317851,0.003925955473954256,0.0026480206892987024,2,7,2284,3,3.5,2291
2724,684523196,1.2902053942058351,2459282.9773899396,0.09447278911564626,2.26734693877551,0.001623741001890696,1.6237410018906961,0.08244827157337926,0.0002082862524564591,5.225566853950842,0.0039058170110172837,0.0026344374821376526,12,158,2134,10,13.0,2292
2754,678774339,0.6682486711404202,2459282.9155191914,0.06437074829931973,1.5448979591836736,0.00829883698019938,8.29883698019938,0.07062291619541151,0.00764464716985565,37.29235960268295,0.0033156895258537235,0.00223640194648167,24,222,2070,9,9.0,2292
2758,678774253,0.6682486711404202,2459282.9155191914,0.06437074829931973,1.5448979591836736,0.007170408043102406,7.170408043102406,0.07062291619541151,0.005707037417009232,36.67030444512885,0.0029134384143932567,0.001965087288812395,24,222,2070,9,9.0,2292
2777,682925918,12.998818834395253,2459291.900349123,0.2299319727891156,5.518367346938774,0.01310819355875106,13.10819355875106,0.12490296813850364,0.005670216366331532,53.2543107701999,0.0019996778917339016,0.001348764259904156,2,66,2226,33,33.0,2292
2792,684765372,0.6616701629054358,2459283.340720688,0.034268707482993196,0.8224489795918367,0.0018516771462267025,1.8516771462267025,0.09490516396774476,0.0002005794328507085,5.655427015586395,0.0035415452509201693,0.002388739546013874,24,117,2174,4,5.0,2291
2793,683573876,1.761977105129712,2459282.8844434465,0.17474489795918366,4.193877551020408,0.0036099510367045623,3.609951036704562,0.06797084877362838,0.0015768413249759256,18.35515743206463,0.003034112475327243,0.0020464808278208846,10,238,2054,13,25.0,2292
2811,683699266,3.469877283466469,2459285.6927725924,0.004166666666666667,0.1,1073.0530965038583,1073053.0965038585,1.0002263211526092,575721.4739582593,489.1746541330531,2.1935991315935865,1.479562344255758,1,1,2209,1,1.0,2210
2834,685178893,7.543857856019891,2459284.910167967,0.029251700680272108,0.7020408163265306,0.0064535511724527215,6.4535511724527215,0.30223779942343243,0.00022906577504506245,5.063618315308339,0.004227018402962013,0.0028510848529353927,3,11,2280,2,4.0,2291
2838,685118883,1.9356084567126752,2459284.4722938174,0.079421768707483,1.906122448979592,0.0022646982982633874,2.2646982982633874,0.10641577598018098,0.00023592748557922581,5.162516462112892,0.004207681106418801,0.0028380420251037375,8,92,2199,11,11.5,2291
2864,685175928,0.5455804190100705,2459283.0076339534,0.004166666666666667,0.1,0.005268184529857849,5.268184529857849,0.2434409099105981,0.0002359070300453853,5.0782951902408255,0.004277278192412196,0.0028849846164927806,17,17,2273,1,1.0,2290
2865,683467119,2.918263107001424,2459284.3369392594,0.004166666666666667,0.1,1636.318384806084,1636318.384806084,1.0002327475883954,1338768.9282271957,679.9305843100897,2.4065962358001878,1.6232269228383838,1,1,2148,1,1.0,2149
2868,685197475,0.22956750827289302,2459282.9540225924,0.004166666666666667,0.1,0.12393180897992565,123.93180897992565,0.16150813689083549,0.2995023189022172,5.052402790500762,0.1531853122385001,0.1033220775924053,39,39,2253,1,1.0,2292
2886,675968528,12.618688891229029,2459287.7146858578,0.2449829931972789,5.8795918367346935,0.034220155271170984,34.22015527117098,0.11974698050197065,0.042156684964189846,103.89740824217257,0.0027947535078950794,0.0018850354160900307,2,72,2220,36,36.0,2292
2913,676851709,0.6551564161469298,2459282.921956266,0.06437074829931973,1.5448979591836736,0.013077961151214004,13.077961151214003,0.06938447728107587,0.019754319339292545,15.402502343767102,0.012904903143248277,0.00870423792206143,25,231,2061,8,9.0,2292
2916,685197371,1.8060993757337707,2459283.987355926,0.004166666666666667,0.1,0.6570514589264052,657.0514589264052,0.44770219347753915,1.0792915491932937,6.222791634422998,0.23610170694893984,0.15924841963371095,5,5,2287,1,1.0,2292
2940,685193083,8.53690413365647,2459283.88555062,0.004166666666666667,0.1,0.014559580452955861,14.559580452955862,0.7074156288890605,0.00021198138296609439,5.18405168984904,0.003971865515799281,0.002678986588290355,2,2,2289,1,1.0,2291
2955,685194201,0.45208934875431933,2459283.30430062,0.004166666666666667,0.1,0.004186578392122035,4.186578392122035,0.22458968951036296,0.00017527438633383128,4.730498228741165,0.0039579230031369554,0.0026695824923357314,20,20,2270,1,1.0,2290
2960,685145807,12.129084526707379,2459293.086372865,0.2449829931972789,5.8795918367346935,0.0042124169888566355,4.212416988856636,0.1703393034651684,0.0003105279955401401,6.148789891180726,0.0040529917962401915,0.002733705514798457,1,35,2252,35,35.0,2287
2963,685171572,11.373664952401914,2459291.1394307557,0.009183673469387756,0.22040816326530616,0.010939561383049183,10.939561383049183,0.5004372541281625,0.0002393480065070019,5.2612401456649485,0.004158548585569866,0.0028049025938013394,2,4,2286,2,2.0,2290
2966,685174061,1.0378502531024403,2459283.4510123883,0.09948979591836736,2.3877551020408165,0.008758433887933048,8.758433887933048,0.06965302004495924,0.008783313797384165,25.18211584514393,0.005263225527382059,0.0035499969832605283,16,229,2063,14,14.0,2292
2977,683387675,8.411153825458651,2459291.0468627284,0.2399659863945578,5.759183673469387,12.768254179547117,12768.254179547117,0.20522110330648013,1956.3397775222693,89.06395235780047,0.7023202276136107,0.4737085037188795,1,24,2227,24,24.0,2251
2999,680353660,0.9975817261565032,2459283.17244096,0.09948979591836736,2.3877551020408165,0.010948123381071678,10.948123381071678,0.06965302004495924,0.013724130937440777,75.99983136196738,0.00217994128132417,0.0014703502504547217,16,229,2063,14,14.0,2292
3013,683386547,7.96571081978112,2459290.0975600076,0.01921768707482993,0.46122448979591835,66.26171775145741,66261.71775145741,0.7074278285498253,4390.615239373807,110.367246573334,0.8490582380161519,0.572681935799374,1,2,2202,2,2.0,2204
3047,676340084,11.206128589018785,2459292.935451164,0.1998299319727891,4.795918367346938,0.005390752737994236,5.390752737994236,0.17804905860077727,0.00046496344131507773,15.614638673455845,0.001952956015929139,0.0013172507864084304,2,32,2215,3,16.0,2247
3069,685193818,0.18284778767657522,2459282.9755506204,0.004166666666666667,0.1,0.0034211461620621184,3.421146162062118,0.15222519076138322,0.000257493303368232,5.282078919519437,0.004296284983775582,0.0028978045216346837,44,44,2246,1,1.0,2290
3115,685108726,9.805102571918539,2459285.591046964,0.21488095238095237,5.157142857142857,0.002871154498307336,2.871154498307336,0.12978012492364926,0.0002514276086710887,5.929219637072607,0.0037820210520914796,0.0025509382517816537,2,61,2225,30,30.5,2286
3116,685174211,9.518367820793292,2459284.1240225923,0.009183673469387756,0.22040816326530616,0.010975997804579802,10.975997804579801,0.5777284875526205,0.00018070879170921096,5.018659781431823,0.0037880602968214825,0.0025550116665462586,2,3,2289,1,1.5,2292
3182,732806752,10.50819224685802,2459285.098036198,0.13962585034013605,3.351020408163265,72.50951459570666,72509.51459570666,0.3169347370892919,26288.148534524986,129.86503488485303,1.7656424484000997,1.1909095159854983,1,10,2234,10,10.0,2244
3195,734480726,13.725713528773555,2459291.510389243,0.18979591836734694,4.555102040816326,0.0028833593683213503,2.8833593683213503,0.1377198170635555,0.00022447155366593538,5.197506614829925,0.004076623497106626,0.002749644878663582,2,54,2231,27,27.0,2285
3217,734481512,6.407673559247075,2459286.168850127,0.014200680272108843,0.3408163265306122,0.008569815315657094,8.569815315657094,0.37854423697683065,0.00025704607090564814,5.355015651962319,0.004234086617220725,0.0028558522981388945,3,7,2280,2,2.0,2287
3233,734603060,2.832923107795245,2459284.7252470823,0.02423469387755102,0.5816326530612245,0.0047011065240949845,4.7011065240949845,0.2434409099105981,0.00018785342168255162,4.993394705047135,0.0038817597848878546,0.002618211105414714,5,17,2273,3,3.0,2290
3255,734611377,5.154377477514591,2459284.936998783,0.13460884353741495,3.2306122448979586,0.0022787226199214483,2.2787226199214485,0.11520496518766594,0.0002025104943631251,5.111606633909295,0.00393714436598711,0.0026555674935836437,4,78,2214,19,19.5,2292
3290,725625856,6.251136709435749,2459286.256930756,0.13962585034013605,3.351020408163265,0.008754366566924824,8.754366566924825,0.12977701759690335,0.0023374874866367796,36.25857325594579,0.0018857274984166819,0.0012719057725729677,3,61,2229,20,20.0,2290
3292,734606610,0.7487700400289289,2459283.0236144294,0.06938775510204082,1.6653061224489796,0.0013594372755674079,1.3594372755674078,0.07105352006265103,0.00020236363282913396,5.10262918436797,0.003942640899470521,0.002659274854627358,22,219,2073,9,10.0,2292
3303,734611918,6.969812190334154,2459283.755723273,0.01921768707482993,0.46122448979591835,0.2423700186166381,242.3700186166381,0.35417203216978954,0.23497290369691798,5.4493280026411695,0.1258000866433951,0.08485099598232504,3,8,2284,2,3.0,2292
3378,734471897,11.89145282713325,2459293.338300365,0.2449829931972789,5.8795918367346935,0.0058586651945735785,5.858665194573579,0.17035690058206923,0.0006006692625868877,9.015405856480111,0.0038445668742303936,0.0025931248308582178,1,35,2222,35,35.0,2257
3386,734602331,0.29253373738560245,2459282.9561144295,0.02423469387755102,0.5816326530612245,0.0018351304645559644,1.8351304645559643,0.07630778960230968,0.00031488030735151996,5.390642173694716,0.0046552953924746876,0.0031399537248581466,54,187,2104,3,3.0,2291
3480,732785403,2.34747127691651,2459282.9696348375,0.009183673469387756,0.22040816326530616,0.10476246001593083,104.76246001593083,0.31691988276953187,0.05487586514294753,5.172480614322323,0.06404818338329628,0.04319990785329575,7,10,2282,1,1.0,2292
3504,732787457,8.794072918077328,2459288.505094021,0.14464285714285716,3.4714285714285715,10.73544071494932,10735.44071494932,0.24344570562610673,979.6223424256284,19.352526329096417,2.2872133205029006,1.5427042496309866,1,17,2261,17,17.0,2278
3540,732783766,7.2511566282239075,2459286.8161654496,0.039285714285714285,0.9428571428571428,254.7495397016571,254749.5397016571,0.4477602447634299,162243.31994551542,1590.3597467740913,0.3581814046571207,0.24159004765757502,2,5,2044,1,2.5,2049
3548,734602652,13.657985713988824,2459286.5842606877,0.0744047619047619,1.7857142857142856,0.004491897615136241,4.491897615136241,0.21922450199141727,0.00021186001394109987,4.922745732927804,0.004181499909220546,0.00282038304952148,2,21,2271,10,10.5,2292
3599,734335841,5.746961656131777,2459288.012634141,0.25,6.0,0.0028472659551205563,2.847265955120556,0.12057628145275788,0.00028779578138119437,6.671972301801161,0.0035958616577942207,0.0024253754605383926,2,71,2202,35,35.5,2273
3619,725837668,0.4966398054157273,2459283.2585804155,0.04931972789115646,1.183673469387755,0.016924468526436108,16.924468526436108,0.06951828636648674,0.03294032801376754,20.225791114847826,0.012690345318411173,0.008559520651835406,32,230,2062,7,7.0,2292
3697,724200248,2.09502848335005,2459283.89871647,0.09948979591836736,2.3877551020408165,0.005580124436626595,5.580124436626595,0.0956817636759576,0.001790422851873643,17.367288978019808,0.0034455675871271738,0.002324003498669347,8,115,2177,14,14.0,2292
3711,734609332,6.901198560602333,2459286.6230021846,0.01921768707482993,0.46122448979591835,0.00855471069199124,8.554710691991241,0.4087841668141577,0.00021954922507100774,4.79201279218259,0.0043728339220409345,0.0029494360731424085,2,6,2284,3,3.0,2290
3713,734334023,8.124892832941152,2459289.019125008,0.059353741496598646,1.4244897959183676,0.0057193359049750505,5.7193359049750505,0.25087873733154514,0.00026168642555149423,6.140683694758434,0.0037255368875989897,0.0025128402047747134,2,16,2272,8,8.0,2288
3750,734435585,11.543706055297235,2459294.368898375,0.13962585034013605,3.351020408163265,0.012805556272351666,12.805556272351666,0.219227162374557,0.0017218138501658336,16.708086709575134,0.0035122172846061483,0.002368958103740826,1,21,2265,21,21.0,2286
3822,732777139,12.249675248361495,2459293.6733253137,0.079421768707483,1.906122448979592,21.273365635150164,21273.365635150163,0.3785722031159781,1583.9462990637578,123.82470643837583,0.45454608081761116,0.30658713126778037,1,7,2175,7,7.0,2182
3825,734598120,1.4818716517099257,2459284.135040416,0.02423469387755102,0.5816326530612245,0.003830871665634405,3.8308716656344046,0.17033988250777124,0.00025682261007480906,5.2854456465627075,0.004287952980359906,0.002892184662322883,10,35,2251,3,3.5,2286
3855,732780278,3.5567676658773775,2459284.749855926,0.004166666666666667,0.1,3014.315746598386,3014315.7465983857,1.0002269374816462,4543049.710095492,658.9206801101495,4.574626108402748,3.085543038178031,1,1,2203,1,1.0,2204
3912,725546865,0.5620156806651114,2459283.1031042254,0.054336734693877564,1.3040816326530615,0.014087260764761526,14.087260764761526,0.07105352006265103,0.021730375286055648,15.957433894602353,0.013064282326805251,0.008811737708623535,28,219,2073,7,8.0,2292
3951,734596925,0.14708404070513423,2459282.9516617935,0.004166666666666667,0.1,0.0026524522343744157,2.6524522343744157,0.12776252779753453,0.00022161833995259166,5.126125213642559,0.004107037197192617,0.0027701586383330756,63,63,2221,1,1.0,2284
3987,734608085,0.1194917570589744,2459282.961369531,0.009183673469387756,0.22040816326530616,0.0014688127238077573,1.4688127238077573,0.07845003488768296,0.00018985215195052157,4.9283854753687475,0.003953830897779565,0.0026668224050853673,133,176,2116,1,1.0,2292
4019,730847962,9.613002073028193,2459284.3640225925,0.25,6.0,0.009964110515893052,9.964110515893053,0.11974698050197065,0.0035742059414254983,69.5122559084191,0.0012163075455751647,0.0008203882001721063,2,72,2220,36,36.0,2292
4081,734439730,11.543706055297235,2459294.319578647,0.25,6.0,0.02623631058251801,26.23631058251801,0.1703393034651684,0.012046019877191063,40.89085999422613,0.0037958631010028675,0.002560274585864608,1,35,2252,35,35.0,2287
4214,734597515,4.532324918884144,2459282.984995127,0.004166666666666667,0.1,0.011867863163672936,11.867863163672936,0.5777294812299786,0.00021126926410749747,4.92170853260055,0.004176545978007219,0.0028170416686950084,3,3,2283,1,1.0,2286
4258,732414424,2.4062551070887763,2459284.8797368784,0.2399659863945578,5.759183673469387,0.004730424328749155,4.730424328749155,0.07240312257519473,0.002349576004652299,32.92838805519985,0.002081801301731782,0.001404155741084434,6,210,2082,35,35.0,2292
4267,732493836,0.9080948969239051,2459283.2004171503,0.029251700680272108,0.7020408163265306,0.05300313901066657,53.00313901066657,0.11665829706775357,0.10675464430939369,5.782674530548057,0.0799060453488941,0.05389588921414684,18,76,2216,3,4.0,2292
4275,734607940,2.003804949803312,2459283.1254171506,0.04931972789115646,1.183673469387755,0.003161404335489827,3.161404335489827,0.13413234965131027,0.0002848426051149354,5.936462703177595,0.004020589450198943,0.0027118504318082715,8,57,2234,7,7.0,2291
4307,724173662,0.7867399830758334,2459283.293758987,0.04430272108843538,1.063265306122449,0.0016826725045198604,1.6826725045198605,0.09096486799238736,0.00018120875247789695,4.793333796592115,0.003971612873889384,0.0026788161836566737,20,128,2164,6,6.0,2292
4334,732493455,0.6391512122973486,2459283.479855926,0.004166666666666667,0.1,0.12140906357890952,121.40906357890951,0.2142313564558342,0.16214176791018461,5.032548555264074,0.11315518945172715,0.07632212967201346,22,22,2270,1,1.0,2292
4353,734607788,4.250044178462349,2459282.9641246335,0.009183673469387756,0.22040816326530616,0.007028241492921362,7.028241492921362,0.35417257388828655,0.00019758471393128597,4.798906644458569,0.0041423745762589744,0.0027939933739774547,4,8,2282,2,2.0,2290
4509,733027638,0.5141377105013923,2459282.997185858,0.04931972789115646,1.183673469387755,0.08883353471749973,88.83353471749973,0.07048141748466372,0.8798907532801832,16.95886077983403,0.07822268152293779,0.05276047586870214,31,223,2069,7,7.0,2292
4620,734613107,6.376055696386106,2459283.5708678304,0.0744047619047619,1.7857142857142856,0.22751489923073742,227.51489923073743,0.17534452957670782,0.8540899846375479,6.900254914141184,0.18940946500009495,0.1277549338999696,3,33,2259,11,11.0,2292
4627,729484962,8.452863421613316,2459289.2140225926,0.25,6.0,0.01655077956037573,16.55077956037573,0.16799119080810546,0.004930709473010719,85.1892102395272,0.0011656954804844253,0.0007862508299503745,1,36,2256,36,36.0,2292
4640,725742270,0.6391512122973486,2459282.978129735,0.054336734693877564,1.3040816326530615,0.005221893846638634,5.221893846638634,0.07452160157265436,0.0026859152715379,36.890471801479,0.0019867670216648357,0.0013400559973457682,26,197,2095,4,8.0,2292
4708,734524364,4.905614959435461,2459287.48427511,0.02423469387755102,0.5816326530612245,0.006325419226379034,6.325419226379034,0.28943480731513815,0.00024006557033667326,5.162054601572992,0.004244801082081925,0.0028630791056805105,3,12,2277,4,4.0,2289
4724,734437998,12.31041947183396,2459292.946327576,0.2449829931972789,5.8795918367346935,0.004580665835250463,4.580665835250463,0.16153677414690085,0.000409158740137501,7.720570498306425,0.0037051988552848653,0.0024991223899129,2,39,2207,4,19.5,2246
4730,734328161,2.9327343172767204,2459283.4728665045,0.04931972789115646,1.183673469387755,0.0031154015870750304,3.1154015870750302,0.1539514531550617,0.00020867313154811679,6.000377416296187,0.0034046282372630324,0.0022963902854870044,6,43,2246,7,7.0,2289
4757,724192798,6.600700632574592,2459284.8998559257,0.059353741496598646,1.4244897959183676,0.004284099998875831,4.284099998875831,0.2010997553485213,0.00022941891000459875,5.345674994967762,0.004007071139667805,0.002702732456271284,3,25,2267,8,8.0,2292
4769,732629169,0.10301243612900587,2459282.954439259,0.004166666666666667,0.1,0.3228568192098517,322.8568192098517,0.10426907534288267,5.003353234094537,6.213395661895438,0.5091157943744309,0.34339389880913995,96,96,2196,1,1.0,2292
4809,730467228,1.6852555813720191,2459283.753461368,0.1647108843537415,3.9530612244897965,0.01176272449555224,11.76272449555224,0.0684728821469023,0.0164650408194335,33.874737072200425,0.005356985498102658,0.0036132372171203686,10,238,2054,23,24.0,2292
5007,732626699,6.73260509643621,2459283.5669392594,0.004166666666666667,0.1,7.105396309399431,7105.396309399432,0.70741630485258,50.486656713627056,8.516308628677454,1.1799182327600672,0.7958439449346197,2,2,2284,1,1.0,2286
5049,734454689,5.690386258059553,2459285.2213499397,0.12457482993197279,2.989795918367347,0.13289362305538582,132.89362305538583,0.1377271438559532,0.4768393063172483,858.3041051235756,0.0011377840253085853,0.0007674248113507254,3,54,2221,18,18.0,2275
5065,734537979,7.8096474832405445,2459284.8065225924,0.004166666666666667,0.1,0.01322195650997181,13.22195650997181,0.5777284875526205,0.00026223020092737886,4.91827199080907,0.004656330616430579,0.0031406519738503835,3,3,2289,1,1.0,2292
5074,732623561,13.862178378697552,2459291.353410348,0.009183673469387756,0.22040816326530616,2.7377647582862417,2737.764758286242,0.500437063020516,14.990711743428246,9.19198620867025,0.5956851318388341,0.40178411698289096,2,4,2287,2,2.0,2291
5147,734438699,6.128665121636806,2459285.556245314,0.01921768707482993,0.46122448979591835,0.006501611181845149,6.501611181845149,0.3340026033880894,0.00019021926581952244,5.484935235107443,0.0035560736288535906,0.00239853880268015,3,9,2239,3,3.0,2248
5165,734120006,4.600085093912357,2459285.716088919,0.11454081632653063,2.748979591836735,0.002560709465073228,2.560709465073228,0.1444098112849974,0.00016065220763063266,5.6540492831522675,0.0031702882939002256,0.0021383301591125226,3,49,2242,16,16.0,2291
5204,732624723,2.179596703398872,2459284.4931892594,0.004166666666666667,0.1,2039.2657440396204,2039265.7440396203,1.0002270405296596,2079302.3874067331,493.4412399903774,4.132742824818185,2.787496846633067,1,1,2202,1,1.0,2203
5225,732621435,10.824744826607757,2459291.362594021,0.009183673469387756,0.22040816326530616,2.5352414706003996,2535.2414706003997,0.5777294812299786,9.641173971378116,9.061229618653277,0.48461050225412633,0.3268653057157199,2,3,2283,1,1.5,2286
5233,732621538,11.04106006983302,2459290.96871647,0.08945578231292517,2.146938775510204,1.0818970454670742,1081.8970454670741,0.19723952381883292,15.216515820874998,8.40556423241395,0.6563050372349251,0.4426716830128997,2,26,2263,13,13.0,2289
5259,732551092,4.762157991576861,2459287.521105926,0.004166666666666667,0.1,3643.3329566171096,3643332.9566171095,1.0002340550061308,6636937.516386185,2462.222798490967,1.4796926414823284,0.998039013545345,1,1,2136,1,1.0,2137
5278,729406345,0.26107519107484173,2459282.8834103476,0.02423469387755102,0.5816326530612245,0.02189808799529521,21.89808799529521,0.07224870030442151,0.05059002020314253,53.21929398778364,0.0059769320073117145,0.004031385408951649,62,211,2081,1,3.0,2292
5286,725758733,0.6952232927827806,2459283.5301450416,0.06938775510204082,1.6653061224489796,0.008336815596830199,8.3368155968302,0.06938447728107587,0.00802753809113617,49.24709650671218,0.0025729156862174408,0.0017354078552660468,24,231,2061,1,10.0,2292
5291,732299551,0.9780372139116853,2459283.563121232,0.09447278911564626,2.26734693877551,0.008365109541804321,8.36510954180432,0.07119912949220913,0.007627281283456041,32.50041373048216,0.0038002396919757176,0.002563226556033804,16,218,2074,13,14.0,2292
5328,734579627,2.043847792571045,2459284.470621232,0.01921768707482993,0.46122448979591835,0.10916118589277478,109.16118589277478,0.2142313564558342,0.13107780956068624,5.7817064372642495,0.08855713312811436,0.059730967980651806,8,22,2270,2,3.0,2292
5420,732279860,8.205672770448338,2459285.6127470825,0.21989795918367347,5.277551020408163,0.01505102299758796,15.05102299758796,0.127756203553534,0.007135798738128533,63.195865048987585,0.0018903735456993922,0.0012750394885332472,2,63,2229,31,31.5,2292
5430,734525969,11.48674508317701,2459289.7761543617,0.14965986394557823,3.5918367346938775,0.003214248446981521,3.214248446981521,0.15222649416526252,0.00022729064773630863,4.995228897818455,0.004268255289072319,0.0028788987515663833,2,44,2244,22,22.0,2288
5454,734537829,0.12067977724167918,2459282.947772593,0.004166666666666667,0.1,0.002411466913835079,2.411466913835079,0.11450025071634072,0.00022969932072259056,5.126020657133654,0.004181330547558765,0.002820268816645599,79,79,2212,1,1.0,2291
5478,732549116,10.986579341390806,2459291.036344021,0.14464285714285716,3.4714285714285715,1.3817073690967367,1381.7073690967368,0.15759402495340044,39.13686270323263,11.751259519792038,0.7528762282206376,0.5078080589644123,2,41,2244,20,20.5,2285
5493,734538560,2.212182596236755,2459283.0194477625,0.11955782312925171,2.869387755102041,0.001713297607530955,1.713297607530955,0.08781141722762253,0.00020254181974601929,5.460010175239033,0.003686200040685267,0.002486307865024462,8,138,2153,17,17.0,2291
5541,734523097,0.7232867758687513,2459283.076545518,0.054336734693877564,1.3040816326530615,0.001700746660208679,1.700746660208679,0.07907692495020234,0.0002502046409912494,5.8225735393340905,0.003841914503124081,0.0025913358310563073,22,173,2115,7,8.0,2288
5568,734525661,0.16237945467896686,2459283.0159672867,0.004166666666666667,0.1,0.0029114580646283695,2.9114580646283694,0.12978012492364926,0.00025853593589373193,6.1566633877130785,0.003693431486129393,0.002491185408154184,61,61,2225,1,1.0,2286
5656,734425577,9.853724541866569,2459285.5434164535,0.16972789115646258,4.073469387755102,0.003261957710239621,3.2619577102396207,0.14588546751347864,0.00025536883448140104,6.020072605387587,0.0037540254788420834,0.002532055496318686,2,48,2226,23,24.0,2274
5672,734536371,2.442229638954204,2459284.1672087833,0.21989795918367347,5.277551020408163,0.0015139931323794968,1.5139931323794968,0.07575699123834057,0.00021775664446476668,5.528578480649973,0.0037747415940806704,0.002546028324619365,6,190,2101,31,32.0,2291
5685,732558412,3.793002153819903,2459285.6652725926,0.004166666666666667,0.1,3142.609566185982,3142609.5661859824,1.0002233888110073,4937997.442741823,2004.085177259045,1.5681017961941512,1.0576701714516061,1,1,2238,1,1.0,2239
5704,734537197,10.986579341390806,2459290.9731892594,0.004166666666666667,0.1,0.014766618314377474,14.766618314377475,0.7074156288890605,0.00021805301644250822,5.480671221749982,0.0038103274299149717,0.0025700306420578523,2,2,2289,1,1.0,2291
5720,732555350,13.590592093625807,2459292.485094021,0.039285714285714285,0.9428571428571428,440.3044538362044,440304.4538362044,0.5777341882850431,290802.0181019974,209.84090017472636,3.634323357401532,2.451317521517289,1,3,2255,3,3.0,2258
5757,732554300,3.5392172411798257,2459285.463605926,0.004166666666666667,0.1,1509.1342632661597,1509134.2632661597,1.00022489598845,1138743.1122819472,636.6699514935012,2.3703557231278634,1.5987830319222067,1,1,2223,1,1.0,2224
5773,734536579,4.929941136687029,2459287.7590225926,0.039285714285714285,0.9428571428571428,0.005695742838678954,5.695742838678954,0.2434409099105981,0.00027575263511708196,5.307439901766724,0.004424760294018848,0.002984459931214656,3,17,2273,5,6.0,2290
5780,734526567,0.7487700400289289,2459283.5614434774,0.0744047619047619,1.7857142857142856,0.0013894683850457846,1.3894683850457845,0.07048805880392849,0.00021526439682415408,5.4218126594782925,0.003826983535955422,0.0025812650316709984,21,223,2065,10,11.0,2288
5781,732537105,0.6083042544061147,2459283.065825314,0.059353741496598646,1.4244897959183676,0.014737882308153179,14.737882308153178,0.06951828636648674,0.024978595116832068,43.91414153301603,0.005089728363142212,0.003432974749185358,27,230,2062,8,9.0,2292
5834,734578744,0.10099422772912986,2459282.9102725927,0.004166666666666667,0.1,0.0022775375075799764,2.2775375075799764,0.1047925661729552,0.0002463909121755965,4.977475490922571,0.004459829031695805,0.003008113470724272,95,95,2197,1,1.0,2292
5901,732531186,8.287255844493787,2459291.001420552,0.059353741496598646,1.4244897959183676,2.6422155579685165,2642.2155579685164,0.33399260218969873,31.415863746468954,12.07542289683212,0.6564280805424243,0.4427546745868234,1,9,2273,9,9.0,2282
5913,732535237,1.611874732240896,2459283.684439259,0.004166666666666667,0.1,533539.2382221166,533539238.2221166,1.0002323150223003,142332059361.31824,82395.27248235614,6.475362264702346,4.367572011805171,1,1,2152,1,1.0,2153
5916,732530936,8.287255844493787,2459288.780451164,0.039285714285714285,0.9428571428571428,1.7038774850800829,1703.8774850800828,0.3022393941044935,15.967591662895554,9.289975019656303,0.608303283355232,0.41029494358237695,2,11,2275,5,5.5,2286
5932,734540774,1.0276332384916018,2459283.508605926,0.004166666666666667,0.1,0.008373397003136647,8.373397003136647,0.4087836982879843,0.00021034133211641332,5.10369287345389,0.004018766524552689,0.00271062088530466,6,6,2286,1,1.0,2292
5951,734578676,5.578900831871082,2459286.5638950416,0.12457482993197279,2.989795918367347,0.00301388693590217,3.01388693590217,0.13771472703779372,0.00024525489048484784,5.083355567194344,0.004356857417004493,0.0029386600681265973,3,54,2238,18,18.0,2292
5988,734526149,0.590515356460763,2459283.043333817,0.054336734693877564,1.3040816326530615,0.0016455064395279368,1.6455064395279368,0.07303256340472714,0.00027889221858037443,5.492444228696349,0.004299990941476736,0.0029003041558591236,27,206,2086,7,8.0,2292
6035,732574758,6.439448210144336,2459286.7275940212,0.009183673469387756,0.22040816326530616,256.3181083705843,256318.1083705843,0.7074318130498108,65698.9726786746,185.2294531482913,1.9569703358638941,1.3199584081100055,1,2,2175,2,2.0,2177
6037,732532054,8.57923730591972,2459291.0429681707,0.059353741496598646,1.4244897959183676,3.965575416424956,3965.575416424956,0.35417611831597,62.90315353341586,16.049274230663535,0.6988690523845135,0.4713807179175189,1,8,2269,8,8.0,2277
6051,734536834,0.8947184771617529,2459283.1422768105,0.08945578231292517,2.146938775510204,0.0014484570034406163,1.4484570034406163,0.06925498882217918,0.00024337121213467567,5.233408302629235,0.004215654217639124,0.0028434198149461243,18,232,2058,12,13.0,2290
6063,734540314,0.5296257806453798,2459282.928722389,0.014200680272108843,0.3408163265306122,0.0025896888936443123,2.5896888936443125,0.13082468100454214,0.00020119465697594107,5.490878295923437,0.003653266896987725,0.002464094763919955,30,60,2230,2,2.0,2290
6069,728216941,0.9400894292627909,2459283.4902130687,0.08945578231292517,2.146938775510204,0.013523140526358514,13.523140526358514,0.07287341203313161,0.01892759662349874,118.83562308224693,0.001637254098098469,0.0011043127600826042,17,207,2085,1,13.0,2292
6095,734536836,3.2058389024349596,2459285.656777695,0.009183673469387756,0.22040816326530616,0.007676531320049126,7.6765313200491265,0.4087841668141577,0.00017678739932308556,4.776947533742094,0.003936318034852703,0.0026550101408692184,5,6,2284,1,1.0,2290
6108,734578642,8.328351049940867,2459286.5638950416,0.12457482993197279,2.989795918367347,0.11559398887324282,115.59398887324282,0.16799119080810546,0.24051546474529295,5.43815039524181,0.1275367326814464,0.0860223476874723,2,36,2256,18,18.0,2292
6115,734577550,0.6455058308810783,2459282.976939259,0.004166666666666667,0.1,0.004729853279563343,4.729853279563343,0.23663328018996466,0.000201343608415765,5.230985834144348,0.003836192374484316,0.0025874763081642493,18,18,2274,1,1.0,2292
6136,732527494,3.9072639210755438,2459286.7090225928,0.004166666666666667,0.1,17.352382630349148,17352.382630349148,1.0002214103868603,150.5525914750214,29.88570946412848,0.5806247514778606,0.39162602959521153,1,1,2258,1,1.0,2259
6147,732570496,11.48674508317701,2459283.013943477,0.009183673469387756,0.22040816326530616,317.56480649382524,317564.8064938252,0.7074202845409823,100847.40632346067,357.6550034488313,1.2556918034007243,0.84695251814429,1,2,2255,2,2.0,2257
6153,724525645,1.761977105129712,2459284.0249749734,0.10952380952380952,2.6285714285714286,0.008355909220003675,8.355909220003674,0.08810963168668076,0.004782753494166556,37.60474274812186,0.002600826458419079,0.0017542334132059079,9,137,2155,11,16.0,2292
6205,732572580,12.807343628742146,2459287.864082116,0.014200680272108843,0.3408163265306122,5.84420492244914,5844.204922449139,0.44770219347753915,85.3868279389469,6.689743803534223,1.95344393818658,1.3175798854624174,2,5,2287,2,2.5,2292
6223,734531084,2.7095695313579236,2459283.691545518,0.02423469387755102,0.5816326530612245,0.004089101925349694,4.089101925349694,0.20956902914588546,0.0001922886773928336,4.949331620482882,0.003962281257225088,0.0026725220944456285,6,23,2268,3,4.0,2291
6237,734535601,0.5482858669686995,2459283.2903720485,0.009183673469387756,0.22040816326530616,0.0038081185879962893,3.8081185879962893,0.16358374648664648,0.00027553357642461416,5.3359299444925465,0.004399386759760628,0.002967345716822223,29,38,2253,1,1.0,2291
6281,728204490,11.261698027838273,2459283.6140225925,0.25,6.0,0.033066385206060096,33.0663852060601,0.16799119080810546,0.0196809449507199,134.32378747116385,0.0014770154636903163,0.000996233281863157,1,36,2256,36,36.0,2292
6294,731712139,6.600700632574592,2459289.102355926,0.004166666666666667,0.1,3093.911471021629,3093911.471021629,1.000238293819658,4786144.095259611,1844.3865587119951,1.6774745274560146,1.13144106802645,1,1,2098,1,1.0,2099
6302,731708817,10.986579341390806,2459291.0417776946,0.11955782312925171,2.869387755102041,1.5456844286057725,1545.6844286057724,0.17033872493461896,41.80995617460118,14.131176118436546,0.6471076662328242,0.4364681412605047,2,35,2253,17,17.5,2288
6328,734534627,1.710450865294682,2459283.150689259,0.004166666666666667,0.1,0.009201807215259462,9.201807215259462,0.4087836982879843,0.0002540197680804033,5.367508807094947,0.004199291179374041,0.0028323830968393637,6,6,2286,1,1.0,2292
6340,724204691,13.590592093625807,2459290.977798103,0.02423469387755102,0.5816326530612245,0.006408558263147388,6.4085582631473885,0.35417230291049984,0.0001642784760486187,4.811240778268792,0.003767456433249773,0.002541114550957624,2,8,2283,4,4.0,2291
6398,734419008,1.3895782185291174,2459283.078662865,0.12457482993197279,2.989795918367347,0.0014658480075407472,1.4658480075407472,0.07210024120327153,0.0002277633004083849,5.875034147084079,0.003632841719286373,0.0024503181702997257,12,212,2077,16,18.0,2289
6406,731492095,12.31041947183396,2459288.957253885,0.16972789115646258,4.073469387755102,0.014028972217942809,14.028972217942808,0.1444098112849974,0.004821895506549373,48.78244534441385,0.002013076729390422,0.0013578016520912062,2,49,2242,24,24.5,2291
6421,734576365,8.205672770448338,2459286.3069477626,0.029251700680272108,0.7020408163265306,0.13663104355915176,136.63104355915175,0.3339897172968622,0.08400618928828271,4.964965703873357,0.0825570920575911,0.05568399572210381,2,9,2283,4,4.5,2292
6437,731709235,8.57923730591972,2459291.330332116,0.21488095238095237,5.157142857142857,1.8261297037578093,1826.1297037578092,0.17803434882598362,53.35599511914535,15.10879460159765,0.6837176523489361,0.4611612386003886,2,32,2241,3,16.0,2273
6441,728294970,0.7232867758687513,2459283.2803491233,0.06938775510204082,1.6653061224489796,0.011644012774424206,11.644012774424207,0.0709089559088274,0.01491413368400495,17.499309983806317,0.009869453138588752,0.006656854943065393,22,220,2072,10,10.0,2292
6489,726554203,0.8515372351356052,2459283.5995327965,0.06938775510204082,1.6653061224489796,0.05698776826523883,56.987768265238834,0.07764689564973222,0.2922845158667306,158.4527018860116,0.004825232597879564,0.0032545747995950114,18,180,2112,10,10.0,2292
6492,731717191,2.466510963233714,2459285.0244392594,0.004166666666666667,0.1,8.680692408163596,8680.692408163595,0.7074156288890605,75.3544206851491,8.51677467193553,1.4414321626785727,0.9722326741390616,2,2,2289,1,1.0,2291
6513,731714223,0.8473354312714435,2459283.5119392592,0.004166666666666667,0.1,9191.391081135072,9191391.081135072,1.0002282844453891,42240835.003184676,3780.1354117267156,2.431497838046116,1.6400228234494238,1,1,2190,1,1.0,2191
6521,734572919,1.6936125001937465,2459284.0838414365,0.009183673469387756,0.22040816326530616,0.005521825149960204,5.521825149960204,0.2781403575280856,0.0001981885944137647,5.017479063821354,0.003967973450230027,0.0026763614260286173,9,13,2278,1,1.0,2291
6549,734515505,0.8144588678708918,2459283.253189259,0.079421768707483,1.906122448979592,0.0013945392553953808,1.3945392553953808,0.07149678109380339,0.00021003189136257992,5.228469291079233,0.00391997283927172,0.0026439854574880073,19,216,2074,11,11.0,2290
6572,404763306,3.3684061981807982,2459283.985689259,0.004166666666666667,0.1,3.590613619679936,3590.613619679936,0.7074165760672093,12.892506165831053,7.390623473499728,0.6870725448807568,0.46342408261213863,2,2,2282,1,1.0,2284
6578,734520706,1.611874732240896,2459283.497940076,0.10450680272108842,2.508163265306122,0.0016074134642292141,1.6074134642292142,0.08841367710620583,0.00017569690705900468,4.535110142538362,0.004133416958116537,0.0027879515433134605,9,136,2155,15,15.0,2291
6581,725087327,0.3839999403115271,2459282.9771093274,0.034268707482993196,0.8224489795918367,0.00819306313125538,8.19306313125538,0.07401358978103505,0.006712628347273621,31.999083706112987,0.003620960244991905,0.0024423042256791483,41,200,2092,1,5.0,2292
6602,731632647,13.590592093625807,2459292.5408508237,0.2449829931972789,5.8795918367346935,0.007537220989269674,7.537220989269674,0.16799119080810546,0.001022574604339572,34.04065741078341,0.0013285091821197373,0.0008960671672195719,1,36,2256,36,36.0,2292
6603,731703708,5.690386258059553,2459285.3261059257,0.004166666666666667,0.1,5.808612789131101,5808.612789131101,0.7074173925703778,33.73998253405739,12.735003897395035,0.6450425183335301,0.4350752180854783,2,2,2276,1,1.0,2278
6605,731713548,2.34747127691651,2459284.6994392592,0.004166666666666667,0.1,2483.096836742107,2483096.836742107,1.0002301760877532,3082884.950319329,598.131656658535,4.151421863564182,2.8000956856631474,1,1,2172,1,1.0,2173
6626,731696454,2.3591120197892064,2459284.8686059257,0.004166666666666667,0.1,4040.1372038708823,4040137.2038708823,1.0002315618880175,8161354.313050816,1697.0195332789717,2.380725221273412,1.6057771626017887,1,1,2159,1,1.0,2160
6648,734529397,0.6487067933269246,2459282.9821237493,0.01921768707482993,0.46122448979591835,0.0024994903072260554,2.4994903072260555,0.12224156927734654,0.00021553708695913653,5.295230075575871,0.003920948766117291,0.0026446437111272703,25,69,2221,2,3.0,2290
6659,731698374,3.4357184182573337,2459284.419439259,0.004166666666666667,0.1,0.4177647632926588,417.7647632926588,0.7074156288890605,0.17452739744897125,6.372064806788755,0.0927185476049491,0.06253780359162897,2,2,2289,1,1.0,2291
6685,734530459,0.5402095063030107,2459282.9873219123,0.04931972789115646,1.183673469387755,0.0015304093985969035,1.5304093985969034,0.07194328434087267,0.00024943928675891285,5.183494574412255,0.0043089829688720575,0.002906369195246228,30,213,2079,7,7.0,2292
6700,734442843,6.2202912580598895,2459286.5495784604,0.004166666666666667,0.1,0.013182293767142228,13.182293767142228,0.7074198681096537,0.00017377286896323683,5.204049040520137,0.0035823218581382855,0.0024162429907853,2,2,2258,1,1.0,2260
6710,734575912,1.6359729414238087,2459284.0661654496,0.039285714285714285,0.9428571428571428,0.0027607797021865607,2.7607797021865608,0.13648826093562558,0.00020960237551014615,5.285438161121231,0.0038737545736826887,0.002612811664429171,10,55,2236,5,5.5,2291
6726,734427325,2.4543402737222197,2459283.0605308414,0.17976190476190476,4.314285714285714,0.0013782234114113495,1.3782234114113494,0.07558693789749375,0.00018140222820330328,4.971067313997351,0.003831657328372263,0.0025844174614678694,8,191,2093,9,26.0,2284
6735,731694778,8.205672770448338,2459290.989430756,0.12959183673469388,3.110204081632653,12.994129694733278,12994.129694733278,0.2508944572401613,1350.7792521883932,85.62726280996866,0.6070089954210477,0.4094219583306676,1,16,2232,16,16.0,2248
6749,734441862,2.5158002469513496,2459285.0278267595,0.09948979591836736,2.3877551020408165,0.0027831924789291163,2.7831924789291165,0.10226170613493864,0.00038730801873838,7.054718693725588,0.00394515018919814,0.002660967347361487,7,100,2186,14,14.0,2286
6774,734576664,1.55701699568773,2459284.33164164,0.10952380952380952,2.6285714285714286,0.13318008367982373,133.18008367982372,0.0866463284508725,1.2593223629165042,6.669527036945492,0.23795148429564528,0.1604960773611529,9,142,2149,15,16.0,2291
6779,731694405,2.682895440940533,2459285.1165225925,0.004166666666666667,0.1,182.49567439945912,182495.67439945912,1.0002272469066944,16652.3355872567,222.56054836388935,0.8199821385283269,0.5530703753732139,1,1,2200,1,1.0,2201
6839,727257370,6.93542052478454,2459285.612925654,0.2349489795918367,5.638775510204081,0.006632845198494904,6.632845198494904,0.12310941213994007,0.0014958176045246946,20.13649456526974,0.0027162544367512246,0.001832088517976005,2,68,2222,34,34.0,2290
6875,732068484,2.7365088229787373,2459284.039855926,0.004166666666666667,0.1,407.78147619248796,407781.476192488,1.0002225932136641,83142.86616286231,496.87636808113774,0.8206900194655645,0.5535478345241903,1,1,2246,1,1.0,2247
6884,732068293,3.4527556084812137,2459286.096939259,0.004166666666666667,0.1,841.4809550012776,841480.9550012776,1.000223488660741,354045.0988149311,171.571503186297,4.904549644748258,3.3080734147769175,1,1,2237,1,1.0,2238
6891,734575553,2.312892554708073,2459283.8152725925,0.004166666666666667,0.1,0.2268592285849852,226.8592285849852,0.5004368720798488,0.10293021918834913,6.072768665333266,0.07471360793966139,0.05039363816245879,4,4,2288,1,1.0,2292
6934,734533700,12.31041947183396,2459289.8121093274,0.02423469387755102,0.5816326530612245,0.008710674913661957,8.710674913661956,0.3785429693160749,0.0002655655010802491,5.1740260960756626,0.00445422561563005,0.003004334018366417,2,7,2285,3,3.5,2292
6939,732067290,10.560300728527373,2459285.03366545,0.14464285714285716,3.4714285714285715,4.804654328870689,4804.654328870689,0.24345136524566896,196.21997736945474,12.377015237488065,1.600555296442818,1.0795597574820033,1,17,2247,17,17.0,2264
6940,731691086,2.179596703398872,2459284.854439259,0.004166666666666667,0.1,1039.0554181688226,1039055.4181688227,1.0002224941622817,539818.0810129934,1457.4288375121994,0.7129373259434529,0.48086963843481245,1,1,2247,1,1.0,2248
6949,731691589,8.246363418192377,2459290.960961368,0.22491496598639457,5.3979591836734695,8.093848686114637,8093.848686114637,0.2246046018927779,655.1038655371964,52.50608386490286,0.6893828116496561,0.4649823361996871,1,20,2236,20,20.0,2256
6973,734572333,2.7774207876171735,2459285.5156892594,0.004166666666666667,0.1,0.01320468568341668,13.20468568341668,0.577728818199277,0.00026154558599674415,5.702423765594705,0.004010783386469318,0.002705236332435801,3,3,2287,1,1.0,2290
6975,734572064,0.6816025539476509,2459283.19749198,0.029251700680272108,0.7020408163265306,0.0019306498962402678,1.9306498962402678,0.10082547423792527,0.00019196156462540666,4.858331405279567,0.004033062961865096,0.002720263700165315,24,103,2188,4,4.0,2291
6999,731347469,10.718181692165734,2459293.420179055,0.2098639455782313,5.036734693877551,0.0051519825434450965,5.151982543445096,0.18378947006942514,0.0003981438619194451,11.884399299032392,0.0023744212760904706,0.0016015252098276478,1,30,2246,30,30.0,2276
7024,731380103,1.9260574391442842,2459283.7940225927,0.18979591836734694,4.555102040816326,0.00740750259044229,7.407502590442291,0.07119912949220913,0.005980949314387607,40.946332444803325,0.002671068653426655,0.001801611124663871,8,218,2074,27,27.0,2292
7041,734575431,3.609942847244091,2459285.687100824,0.01921768707482993,0.46122448979591835,0.21462908285464052,214.62908285464053,0.30223748132515155,0.2533610376386328,5.26796204248759,0.13512704366237294,0.09114194230566097,4,11,2281,2,3.0,2292
7055,734387167,3.1900200917801507,2459285.78430062,0.004166666666666667,0.1,0.013035292683746938,13.035292683746938,0.7074165760672093,0.00016991885535094645,4.899126697638104,0.0037628517980041556,0.002538008767033695,2,2,2282,1,1.0,2284
7065,734575190,1.9939174251787803,2459283.871105926,0.004166666666666667,0.1,0.009453485925091126,9.453485925091126,0.44770219347753915,0.00022342099033974006,5.198764093673274,0.004066088934207704,0.0027425394133331338,5,5,2287,1,1.0,2292
7095,734575343,2.1263500455199225,2459284.117594021,0.009183673469387756,0.22040816326530616,0.11345600679003788,113.45600679003788,0.31691988276953187,0.06436132738370562,4.901857444779529,0.07319253971086986,0.049367691697605465,8,10,2282,1,1.0,2292
7152,732178418,10.25148139910249,2459285.6079851775,0.22491496598639457,5.3979591836734695,0.00789558676573428,7.895586765734279,0.17534452957670782,0.0010286147911914318,18.461402100965554,0.0024568390070743833,0.0016571152077933249,1,33,2259,33,33.0,2292
7166,732024553,3.1586162531346837,2459283.354855926,0.004166666666666667,0.1,1546.4915812561135,1546491.5812561135,1.0002250984834362,1195818.1054480171,333.98744692051235,4.630388343979204,3.1231541508021077,1,1,2221,1,1.0,2222
7246,734583639,11.373664952401914,2459285.8957827967,0.02423469387755102,0.5816326530612245,1.341746456920774,1341.7464569207739,0.500438404292904,3.600567109318901,9.26649958262376,0.2895907877526425,0.19532631036870535,1,4,2280,4,4.0,2284
7272,734556607,1.8605069658541238,2459283.0337504838,0.16972789115646258,4.073469387755102,0.0013495893055070797,1.3495893055070798,0.07179387749492393,0.00019488886840868174,5.201806620526442,0.0037953716717107036,0.002559943121348107,9,214,2077,20,24.0,2291
7278,734552473,2.5033863456409566,2459284.961344021,0.14464285714285716,3.4714285714285715,0.0017522043594204008,1.7522043594204009,0.08965891221022336,0.00020263452773334258,5.050822578934524,0.003985745907689709,0.002688348784358363,7,132,2160,8,21.0,2292
7298,732024050,1.5340818234037814,2459284.0631892593,0.004166666666666667,0.1,952.5852527666717,952585.2527666717,1.0002251998677352,453709.33189427195,195.44749108268792,4.8738678991978555,3.287378860918559,1,1,2220,1,1.0,2221
7308,724228018,1.9645466220384815,2459283.896505586,0.079421768707483,1.906122448979592,0.0022362736003971244,2.236273600397124,0.1047925661729552,0.0002375436817520731,5.899373307253917,0.0036947142936343967,0.002492050649962496,8,95,2197,11,12.0,2292
7337,734566294,4.532324918884144,2459285.92244096,0.02423469387755102,0.5816326530612245,0.4160306667846672,416.03066678466723,0.3169201858649594,0.8654075785264741,5.992935312790084,0.2195258942158701,0.14806818711444092,3,10,2281,3,3.0,2291
7367,724181725,3.1742793370658124,2459284.4106892594,0.004166666666666667,0.1,0.00858132718208254,8.58132718208254,0.44770219347753915,0.00018409794051487167,4.854194947230862,0.00395295844623001,0.002666233944577101,5,5,2287,1,1.0,2292
7372,734509692,0.2868024483468754,2459283.0946348375,0.01921768707482993,0.46122448979591835,0.0018092062163016943,1.8092062163016942,0.08394186731332119,0.0002487652621159567,5.397658188748189,0.004132420299335474,0.002787279306175283,56,152,2140,1,3.0,2292
7382,734553154,0.6053026532296936,2459283.039632253,0.02423469387755102,0.5816326530612245,0.002571819046907698,2.5718190469076982,0.10697552593506493,0.00030094852105669355,5.892074573165058,0.004163828847261422,0.0028084640815199124,26,91,2199,3,3.5,2290
7418,734389868,0.16237945467896686,2459282.9486033414,0.014200680272108843,0.3408163265306122,0.00333946795382913,3.33946795382913,0.07385155097338571,0.0011207806445724974,13.037193095808338,0.0036315431681340046,0.0024494423095467455,99,201,2088,1,2.0,2289
7420,732008771,9.058988747872613,2459290.9771178304,0.04931972789115646,1.183673469387755,0.5570282918730846,557.0282918730845,0.26808124326656235,2.1719636256293238,8.463214740832944,0.24626682493038943,0.16610469778118808,2,14,2278,7,7.0,2292
7437,724162964,3.4527556084812137,2459285.6332913,0.01921768707482993,0.46122448979591835,0.006083181774706371,6.083181774706371,0.2894344742702702,0.00022203060302471853,5.497552465563245,0.0038331166356186668,0.002585401750720806,4,12,2278,3,3.0,2290
7443,734555552,1.2902053942058351,2459283.6165225925,0.004166666666666667,0.1,0.006755706473354274,6.755706473354274,0.33399029225381915,0.0002053780647935438,4.778235520929726,0.004241548858629586,0.002860885511014155,9,9,2281,1,1.0,2290
7474,732004766,6.600700632574592,2459286.5033338172,0.0844387755102041,2.0265306122448985,658.2617669495602,658261.7669495601,0.35423691639441407,1733234.2153102283,1308.6800718004595,1.4226895304228149,0.959590941874285,1,8,2067,8,8.0,2075
7504,734496385,2.442229638954204,2459284.2448618445,0.09948979591836736,2.3877551020408165,0.0023518317147307203,2.35183171473072,0.10991926998297921,0.00023783783381976933,5.382251328441057,0.004052205807033048,0.00273317537234119,6,86,2201,14,14.0,2287
7516,732005078,2.1368942827937247,2459283.043520892,0.09447278911564626,2.26734693877551,0.06602226491385454,66.02226491385454,0.09814477637884464,0.2375622008073578,5.3913884510847625,0.12785068046329412,0.08623410256528674,8,109,2183,13,14.0,2292
7545,732003160,8.881506029548754,2459291.049728375,0.18477891156462584,4.43469387755102,1.4603019828871306,1460.3019828871306,0.1935977868000395,28.788505396525153,13.812400281589333,0.5493579342886774,0.37053685032286354,2,27,2257,3,13.5,2284
7554,732033002,2.528275706856569,2459284.4290225925,0.004166666666666667,0.1,4.152753110858201,4152.753110858202,0.7074154940504961,17.245358399742468,8.160326999787243,0.719686817785102,0.48542210831316746,2,2,2290,1,1.0,2292
7583,732033162,1.8605069658541238,2459283.7165225926,0.004166666666666667,0.1,1.7460632515745635,1746.0632515745635,0.5004372541281625,6.0974737569982755,6.554144972867144,0.5328119102653108,0.35937671001302496,4,4,2286,1,1.0,2290
7585,734556280,0.8947184771617529,2459283.0145498035,0.014200680272108843,0.3408163265306122,0.003582750161174241,3.582750161174241,0.1657434151571345,0.00023746782627178992,4.805124211927068,0.004535370465911559,0.003059065470060407,19,37,2253,1,2.0,2290
7588,732002928,8.084801566590462,2459290.8881297354,0.02423469387755102,0.5816326530612245,317.7099159043845,317709.9159043845,0.5777388392409192,151409.3859959566,693.4994650770113,0.7934969587232789,0.5352063663316329,1,3,2228,3,3.0,2231
7640,731865060,3.2217361560974416,2459285.825689259,0.004166666666666667,0.1,2501.0198032466324,2501019.803246632,1.0002326392959238,3127550.028115912,3355.4877449359383,0.7453520898775867,0.5027330971790009,1,1,2149,1,1.0,2150
7681,731864749,2.179596703398872,2459284.458605926,0.004166666666666667,0.1,5359.446632361807,5359446.632361807,1.0002291213227454,14361834.102567159,1290.4515382152345,4.153156064871848,2.8012653884202403,1,1,2182,1,1.0,2183
7686,731864753,3.469877283466469,2459284.845689259,0.004166666666666667,0.1,469.72326434388737,469723.2643438874,1.0002256063198474,110319.97253293874,102.99944913669277,4.560444432285338,3.0759776286829474,1,1,2216,1,1.0,2217
7774,734510575,3.253767550320764,2459282.969850569,0.01921768707482993,0.46122448979591835,0.004770488308082265,4.770488308082265,0.2434409099105981,0.00019343924892917155,4.853495642591602,0.004052589850373197,0.002733434406025359,6,17,2273,2,3.0,2290
7807,734510600,11.430065177841527,2459291.55847579,0.014200680272108843,0.3408163265306122,0.009936076217560515,9.936076217560515,0.44770283489305546,0.0002468140265029292,5.2631703483067325,0.004221360963403397,0.002847268962230809,2,5,2284,2,2.5,2289
7836,734564431,0.4476387996815415,2459282.927217287,0.004166666666666667,0.1,0.004086999079576194,4.086999079576194,0.21922494441419949,0.00017538739550279487,5.037129649461298,0.0037181855442961938,0.0025078817916472373,21,21,2270,1,1.0,2291
7924,731856095,8.165182905610632,2459289.866573613,0.009183673469387756,0.22040816326530616,179.70170996296957,179701.7099629696,0.707429734745832,32292.70456361524,105.53955980390649,2.407974752627888,1.6241567197004505,1,2,2189,2,2.0,2191
7965,734567406,9.14905572598271,2459286.4508083067,0.039285714285714285,0.9428571428571428,0.18146820549594453,181.46820549594452,0.2894338090558209,0.1975842576355101,4.765160520690243,0.13192090823072503,0.08897943358338395,2,12,2280,6,6.0,2292
7966,734554445,0.2273075535451406,2459282.9293627287,0.01921768707482993,0.46122448979591835,0.01058058483325243,10.580584833252429,0.07539728559387644,0.010747082439710528,23.855133946646077,0.006145800076737763,0.0041452853613501706,70,192,2099,2,3.0,2291
7976,734545532,0.6715624117736959,2459283.5295784604,0.06437074829931973,1.5448979591836736,0.0015049647654939635,1.5049647654939635,0.07194650325238633,0.00024121386768278903,5.364863606215111,0.00409409059728097,0.002761426276326029,23,213,2077,9,9.0,2290
8037,731794099,11.206128589018785,2459292.923206266,0.18979591836734694,4.555102040816326,0.004246579508028337,4.246579508028336,0.18084218532143218,0.00027951828152909596,10.709908937640872,0.0022076708762318008,0.0014890536059839476,2,31,2243,4,15.5,2274
8047,731794205,0.1442023862409387,2459282.888163749,0.014200680272108843,0.3408163265306122,0.019088631990196017,19.088631990196017,0.06978868845530563,0.041538849323313365,31.500553598005812,0.009150062120236273,0.006171632348736189,112,228,2064,1,2.0,2292
8087,734546233,5.257379482234622,2459283.983801879,0.01921768707482993,0.46122448979591835,0.007442503871817422,7.442503871817422,0.3541728451034613,0.00022156345552806926,5.293468969244454,0.0039767078921937125,0.0026822527264223073,3,8,2281,2,3.0,2289
8088,734549109,11.950420681651691,2459289.224000229,0.02423469387755102,0.5816326530612245,0.007722228984864146,7.722228984864146,0.37854347571457325,0.0002087148717313658,5.1092806044213335,0.00399882078180736,0.0026971676661320387,2,7,2283,3,3.5,2290
8095,734505734,1.652238238048505,2459283.9389039194,0.039285714285714285,0.9428571428571428,0.002599164825531394,2.599164825531394,0.13300228871656872,0.00019591407591810958,4.832164281472884,0.004096435556192613,0.002763007929443284,10,58,2231,5,6.0,2289
8096,734500895,13.3903999493066,2459289.3640031884,0.014200680272108843,0.3408163265306122,0.008163428537726416,8.163428537726416,0.447703692737985,0.00016660391372641515,4.644545273724003,0.0039301976973048006,0.0026508820297482805,2,5,2280,2,2.5,2285
8146,734545039,0.2058962048143187,2459283.074439634,0.004166666666666667,0.1,0.002970617740532154,2.9706177405321537,0.1473859765199637,0.00020737738936856242,4.976904028529168,0.004092007614004739,0.002760021323354067,47,47,2242,1,1.0,2289
8151,734355202,7.618860982670576,2459286.610961368,0.009183673469387756,0.22040816326530616,0.011051270358291138,11.051270358291138,0.5777284875526205,0.00018319586479806653,5.313787416541226,0.003602206909737345,0.002429655274340581,2,3,2289,1,1.5,2292
8188,734562676,1.541689095206219,2459282.9241787354,0.13460884353741495,3.2306122448979586,0.08098906844225312,80.98906844225311,0.07612118041171508,0.6165675454715323,7.025763815170134,0.16179532572360225,0.10912945212707559,11,197,2095,1,20.0,2292
8191,734398127,2.0337626815527177,2459284.458535314,0.009183673469387756,0.22040816326530616,0.006239846489573742,6.239846489573742,0.3022387553926676,0.00021414626317395164,5.2113083467403305,0.003971215705990078,0.0026785482975786312,8,11,2277,1,1.0,2288
8192,734558730,1.7971874045093899,2459283.405967287,0.004166666666666667,0.1,0.008261163540553612,8.261163540553612,0.408783932448616,0.0002047404691313169,5.115792187617707,0.003955523331268007,0.00266796393583435,6,6,2285,1,1.0,2291
8216,734559612,0.7056171751380312,2459283.5077981027,0.009183673469387756,0.22040816326530616,0.0036398230388050186,3.6398230388050186,0.1868819019318694,0.0001921005204303291,4.984984816020465,0.003932017379426594,0.002652109388524615,22,29,2262,1,1.0,2291
8221,734547383,0.145636086351013,2459282.886743681,0.014200680272108843,0.3408163265306122,0.0031105794291661822,3.110579429166182,0.0705438226706449,0.001078841038944427,9.684344565599146,0.0047964894551977945,0.0032351878154578406,109,223,2032,1,2.0,2255
8232,734558673,2.8752765067816846,2459283.0431042253,0.09948979591836736,2.3877551020408165,0.002179239728749489,2.179239728749489,0.10870861432080353,0.00020895977499584643,4.9706438760480065,0.004112763103956965,0.002774020709535252,6,88,2203,14,15.0,2291
8233,734548036,0.6023158630784412,2459283.1484528645,0.034268707482993196,0.8224489795918367,0.002088772631106348,2.088772631106348,0.08934189604784662,0.0002901375784465193,5.957603757377083,0.004043387592610665,0.0027272275681982094,27,133,2159,4,5.0,2292
8237,724176841,1.8605069658541238,2459284.5490225926,0.004166666666666667,0.1,7.885653997048492,7885.653997048492,0.5777284875526205,93.27530844175028,6.211973160012026,2.198714164078929,1.4830123864015439,3,3,2289,1,1.0,2292
8239,734361854,8.881506029548754,2459284.4952130686,0.034268707482993196,0.8224489795918367,0.006532765912954194,6.532765912954194,0.31691988276953187,0.00021338515236728124,5.32831035671642,0.0038771051839358926,0.0026150716200835644,2,10,2282,5,5.0,2292
8250,141610893,3.7371304721926752,2459283.270859327,0.009183673469387756,0.22040816326530616,1.095523212750704,1095.523212750704,0.3785429693160749,4.200598883864685,5.141177815414359,0.5637778113308187,0.3802629241405765,5,7,2285,1,1.0,2292
8253,726020613,6.344593847910486,2459286.523189259,0.004166666666666667,0.1,0.07150788151321975,71.50788151321976,0.7074156288890605,0.005113377118508676,5.296046501684248,0.01909488820017029,0.012879325644253536,2,2,2289,1,1.0,2291
8255,734547291,5.662307759573371,2459287.1436654497,0.04430272108843538,1.063265306122449,0.005403916621306991,5.403916621306991,0.23663368898339643,0.0002628208336503417,5.059365190000588,0.004531571781509322,0.0030565032925329305,3,18,2273,6,6.0,2291
8257,734557704,1.5040262598384921,2459283.2280506203,0.004166666666666667,0.1,0.010771495234998657,10.771495234998657,0.408783932448616,0.00034807532879279626,5.362476267956281,0.004920239414434307,0.0033186560194484738,6,6,2285,1,1.0,2291
8260,731181404,1.2649278310105465,2459283.7271178304,0.04931972789115646,1.183673469387755,0.02811252001817184,28.112520018171843,0.10641480475919109,0.03635443396151717,5.397321286486191,0.049959193661669864,0.033697014475698006,13,92,2200,7,7.0,2292
8261,731754005,2.5158002469513496,2459284.823818511,0.009183673469387756,0.22040816326530616,0.08153012674567163,81.53012674567162,0.35417203216978954,0.02658864626866112,5.272086764823982,0.0437401796021374,0.029502346959488335,6,8,2284,1,1.0,2292
8262,724658842,13.590592093625807,2459287.202355926,0.004166666666666667,0.1,1267.9050530695852,1267905.0530695852,0.70742522604898,1607583.2235993876,250.66614203831395,7.153293648961635,4.8248304660472385,2,2,2220,1,1.0,2222
8263,724647401,11.89145282713325,2459290.917168851,0.034268707482993196,0.8224489795918367,362.2447945065676,362244.7945065676,0.5777357261831746,196831.93672065806,127.09222986017319,4.9367800813080125,3.329812546410369,2,3,2246,1,1.5,2249
8264,726034282,2.5408130306160563,2459284.4869392593,0.004166666666666667,0.1,27485.062788462783,27485062.788462784,1.0002290163776733,377714338.2428708,2551.7226404432736,10.771179576040522,7.2650610927023624,1,1,2183,1,1.0,2184
8265,731210691,3.6278439891592744,2459286.2452725926,0.004166666666666667,0.1,5800.65080146284,5800650.801462839,1.0002265262233156,16823774.860255744,951.4297297851671,6.096772698886157,4.112216848027895,1,1,2207,1,1.0,2208
8266,733770796,4.146217333804293,2459283.3156042253,0.014200680272108843,0.3408163265306122,3.116893750003465,3116.893750003465,0.35417203216978954,38.86010659524265,5.305152190570403,1.661763227666009,1.1208439414987246,4,8,2284,2,2.0,2292
8268,726193069,3.5392172411798257,2459284.8106892593,0.004166666666666667,0.1,795.934855717662,795934.855717662,1.000223488660741,316756.1472731477,173.61153914086404,4.584573465890769,3.0922524388849113,1,1,2237,1,1.0,2238
8269,733810015,7.771111755595476,2459285.202355926,0.004166666666666667,0.1,27.841583884492994,27841.583884492993,0.7074161694232667,775.15379319726,11.213104123309144,3.511422447736835,2.368421993617183,2,2,2285,1,1.0,2287
8270,731191461,4.762157991576861,2459286.249855926,0.004166666666666667,0.1,3509.0341474231363,3509034.1474231365,1.0002299643585648,6156660.323890809,351.347982109352,9.987346807448008,6.736373133311755,1,1,2174,1,1.0,2175
8271,727631229,1.7707144739870353,2459282.8677725927,0.004166666666666667,0.1,17753.842414458348,17753842.41445835,1.0002227915812427,157599460.2387101,3281.6225196821097,5.410080625658968,3.6490493900303305,1,1,2244,1,1.0,2245
8273,733409926,3.1120892029193277,2459284.2065225923,0.004166666666666667,0.1,11035.032253314965,11035032.253314964,1.0002276607883793,60885968.41585077,1659.2954714077237,6.650432333159443,4.485655155240417,1,1,2196,1,1.0,2197
8274,731744200,4.10540030557449,2459285.1115225926,0.004166666666666667,0.1,1568.3786124884534,1568378.6124884535,1.0002245929281548,1229905.7360556033,268.00655739908694,5.852015815243619,3.9471305916927153,1,1,2226,1,1.0,2227
8275,734483860,2.566074498311785,2459284.640610144,0.01921768707482993,0.46122448979591835,0.00763437705735682,7.63437705735682,0.22458968951036296,0.0005828371305389618,4.911151944394519,0.006951927474204543,0.00468901084190243,7,20,2270,2,3.0,2290
8276,734503308,2.918263107001424,2459285.0452300757,0.01921768707482993,0.46122448979591835,0.1612237408168326,161.22374081683262,0.2781403575280856,0.1689551149193259,5.38543549696297,0.1079393606450252,0.07280410133888116,5,13,2278,2,3.0,2291
8277,734339696,3.1900200917801507,2459285.485689259,0.004166666666666667,0.1,2158.501398389517,2158501.398389517,0.7074348288874176,4659128.2868495,377.3561172825363,8.089393048631033,5.456220861075835,2,2,2155,1,1.0,2157
8278,734362932,9.471400626594729,2459286.197355926,0.004166666666666667,0.1,10.140591932856278,10140.591932856278,0.7074156288890605,102.83160474870982,6.392450290666588,2.2434218476247407,1.513167305830798,2,2,2289,1,1.0,2291
8279,734500197,0.6297363868907321,2459282.9835634087,0.054336734693877564,1.3040816326530615,0.043521685715570274,43.52168571557027,0.07486706117988098,0.1846783699336752,5.945572674989407,0.10221845727296168,0.06894540487856582,26,195,2097,2,8.0,2292
8281,734557358,0.5789460440801454,2459283.267696062,0.029251700680272108,0.7020408163265306,0.06098123936412641,60.98123936412641,0.09490404976580862,0.21754462593151552,5.053806133335262,0.13051805682755593,0.0880332232750276,28,117,2175,4,4.0,2292
8283,734488103,4.600085093912357,2459285.898189259,0.004166666666666667,0.1,9710.543394292461,9710543.39429246,1.0002282844453891,47147326.50621848,744.4463360831761,13.043980369872509,8.798044226273108,1,1,2190,1,1.0,2191
8284,734404166,11.950420681651691,2459291.223002184,0.009183673469387756,0.22040816326530616,8.333121377557184,8333.121377557183,0.5777289837394939,104.16136783965081,6.253596276568596,2.3080142966132,1.556734315805477,2,3,2286,1,1.5,2289
8286,726193101,3.5567676658773775,2459286.340689259,0.004166666666666667,0.1,4978.017748672329,4978017.748672329,1.0002277644944695,12390330.35304836,738.7454070368112,6.738475395251124,4.5450393870572805,1,1,2195,1,1.0,2196
8288,734558514,4.857322116064393,2459286.613189259,0.004166666666666667,0.1,14376.767147392113,14376767.147392113,0.7074294400129159,206691433.61033314,2008.5433964152758,10.122668556332343,6.827646402490451,2,2,2191,1,1.0,2193
8289,734403002,3.5744051203857796,2459285.882355926,0.004166666666666667,0.1,1758787.4551184126,1758787455.1184127,1.0002301760877532,1546666656140.9512,148473.73259582825,11.845781906124385,7.989870434455946,1,1,2172,1,1.0,2173
8290,731199500,3.5392172411798257,2459285.5606892593,0.004166666666666667,0.1,44615.37254904061,44615372.54904061,1.0002246938574588,995265733.844843,3058.3077795923705,14.588254604965629,9.839642927941204,1,1,2225,1,1.0,2226
8291,727658821,2.6303324464287408,2459285.264855926,0.004166666666666667,0.1,3.2334381441180864,3233.4381441180863,0.577728818199277,15.682683347756724,5.607500201936055,0.9987479174428049,0.6736462413616653,3,3,2287,1,1.0,2290
8292,731740796,2.8469711303632916,2459285.563605926,0.004166666666666667,0.1,307946.3388201905,307946338.8201905,1.0002291213227454,47415473796.37979,33245.89990488909,9.262686216982335,6.247596261285805,1,1,2182,1,1.0,2183
8293,734396127,3.4357184182573337,2459285.96555062,0.004166666666666667,0.1,1585.1982295931514,1585198.2295931515,1.0002201430956774,1256426.7135526307,446.27164528274466,3.552092646596035,2.395853666933789,1,1,2271,1,1.0,2272
8294,734346867,3.3851095976342407,2459285.2794392593,0.004166666666666667,0.1,1.6244905373009224,1624.4905373009224,0.5004368720798488,5.277939011560479,5.102175500257957,0.6367834807794405,0.42950457357307464,4,4,2288,1,1.0,2292
8295,731776078,9.285837979777545,2459287.0803066064,0.06437074829931973,1.5448979591836736,0.6110961617439058,611.0961617439058,0.23037300143992318,3.547665929532272,5.760458448017029,0.462412226017223,0.31189277351761974,2,19,2272,9,9.5,2291
8296,734364819,4.399784229166433,2459284.6051195315,0.04430272108843538,1.063265306122449,0.45011943297893087,450.1194329789309,0.2303738430936326,1.9247712874801055,5.133653332133538,0.38218886121466533,0.25778285526417466,3,19,2270,6,6.0,2289
8297,733753375,2.617353400320823,2459283.5314545655,0.014200680272108843,0.3408163265306122,0.19506165585053942,195.0616558505394,0.2781403575280856,0.2473188222905028,4.98612075796334,0.14105250076881534,0.09513860836963128,6,13,2278,2,2.0,2291
8298,731775336,2.6696570293177104,2459283.855230076,0.014200680272108843,0.3408163265306122,0.7714533341684173,771.4533341684173,0.27814001126338433,3.8684116041971905,5.147949367809028,0.540315056392192,0.36443751274260894,6,13,2279,2,2.0,2292
8299,734560944,3.081452547234742,2459285.6765225925,0.004166666666666667,0.1,25.476949135790804,25476.949135790805,0.7074160341124133,649.0749372676718,9.868960071417273,3.650825085418614,2.4624477845802066,2,2,2286,1,1.0,2288
8300,724655768,0.8225564437776212,2459283.336981776,0.009183673469387756,0.22040816326530616,0.4261940506283775,426.1940506283775,0.2011002393498053,2.2705171098878,5.286579241161916,0.403090572548295,0.2718808664159551,19,25,2266,1,1.0,2291
8301,726016741,5.33597952973379,2459285.1528491233,0.01921768707482993,0.46122448979591835,0.5830082978399878,583.0082978399878,0.35417203216978954,1.3595947014011194,5.036691504637961,0.3273967607593742,0.22082608981476742,3,8,2284,2,3.0,2292
8302,734544175,5.523979892032937,2459287.557849123,0.079421768707483,1.906122448979592,0.5366518781086397,536.6518781086397,0.2142318095893172,3.167947621052833,4.717393925559743,0.5335828354255865,0.35989669190987894,2,22,2269,11,11.0,2291
8303,731731305,2.3825669656511854,2459283.6473899395,0.009183673469387756,0.22040816326530616,1.2227703853961278,1222.7703853961277,0.31691988276953187,7.475837077008975,5.336145001914258,0.7246316342352995,0.4887573413161335,7,10,2282,1,1.0,2292
8304,731164035,1.6039211382005887,2459282.9640225926,0.004166666666666667,0.1,0.5965956400436088,596.5956400436088,0.35417203216978954,1.4237054308761727,5.714398240842157,0.2952939609186169,0.19917304796884994,8,8,2284,1,1.0,2292
8305,726021036,8.49477984913113,2459288.1762674907,0.02423469387755102,0.5816326530612245,0.605278538319833,605.278538319833,0.3785429693160749,1.2822673813270775,5.7165112614780815,0.2801387792429345,0.18895101797041314,2,7,2285,3,3.5,2292
8306,734558530,1.2966033209428318,2459284.0536059258,0.004166666666666667,0.1,0.25961105811384155,259.6110581138416,0.3785429693160749,0.23589265523245945,4.882871655676771,0.14066851349103535,0.09487961249901211,7,7,2285,1,1.0,2292
8307,731193618,3.849709140725094,2459285.1778321164,0.029251700680272108,0.7020408163265306,0.7386170287098994,738.6170287098994,0.2434401155342421,4.637218478352043,4.981244939737722,0.6113724707565047,0.4123650821236373,4,17,2275,4,4.0,2292
8308,734544452,4.62289619635153,2459285.464600824,0.06437074829931973,1.5448979591836736,0.2104523181118433,210.4523181118433,0.1901477767659333,0.6200624947810789,4.935666316143281,0.22562485423288403,0.15218187928833404,3,28,2263,9,9.0,2291
8309,731066849,1.6852555813720191,2459283.975808307,0.039285714285714285,0.9428571428571428,0.37807554163677043,378.0755416367704,0.13529438329142765,4.002351225150245,4.82826757271434,0.5859779400454846,0.3952367058178097,10,56,2235,5,6.0,2291
8310,731067966,7.4327353184415434,2459286.955238579,0.014200680272108843,0.3408163265306122,1.3019168441064692,1301.9168441064692,0.500437063020516,3.389974937936297,5.503779063432963,0.47309923930500336,0.3191010652266312,2,4,2287,2,2.0,2291
8311,727829966,3.6639130200690655,2459284.952355926,0.004166666666666667,0.1,2.365289656259988,2365.289656259988,0.5777284875526205,8.391892737015738,5.58798429054618,0.7331448419048785,0.4944994212227698,3,3,2289,1,1.0,2292
8312,734402514,1.7971874045093899,2459283.321105926,0.004166666666666667,0.1,0.18042049134651825,180.42049134651825,0.4477024070957572,0.08137888424429766,4.727522248378116,0.08533698245907442,0.05755900611026199,5,5,2286,1,1.0,2291
8313,734558328,0.42603468638474157,2459283.116573613,0.009183673469387756,0.22040816326530616,0.13234321182482076,132.34321182482074,0.1444098112849974,0.42911078004467973,4.876959605100444,0.18995492228496028,0.12812283979830047,37,49,2242,1,1.0,2291
8314,731198898,3.985344352436402,2459285.935961368,0.009183673469387756,0.22040816326530616,2.103429854946165,2103.429854946165,0.44770219347753915,11.061042886697114,5.813502980027147,0.8090495795256623,0.5456964653484839,4,5,2287,1,1.0,2292
8315,727831623,0.3478288738142049,2459283.0525004836,0.034268707482993196,0.8224489795918367,0.1654108813867536,165.4108813867536,0.07020140583398292,3.078085464128551,4.951549736073591,0.5010882154177414,0.33797937098188413,46,225,2067,4,5.0,2292
8316,731881663,8.411153825458651,2459284.015893341,0.04430272108843538,1.063265306122449,0.6664842339196559,666.4842339196559,0.22458882618035658,4.442012340634706,5.0978671478028295,0.5846774777638292,0.3943595560257852,3,20,2272,6,7.0,2292
8317,733753276,10.456340887966862,2459283.9133848376,0.02423469387755102,0.5816326530612245,0.39705812052816625,397.0581205281662,0.3785429693160749,0.5517930287707592,5.046813301276456,0.20815452846067,0.14039830598992986,2,7,2285,3,3.5,2292
8318,726033173,0.34440470671957063,2459283.178189259,0.004166666666666667,0.1,0.4872967908714435,487.29679087144353,0.1901477767659333,3.3244142735105027,5.015242067290662,0.5141391406545518,0.34678209945673266,28,28,2263,1,1.0,2291
8319,726225436,2.566074498311785,2459284.856539599,0.04931972789115646,1.183673469387755,0.28489083781237523,284.89083781237525,0.14161240234932432,2.069651131470646,4.9441290519708,0.411503726298102,0.2775554608782558,7,51,2241,7,7.0,2292
8320,724697351,10.878423043005194,2459283.1916416404,0.029251700680272108,0.7020408163265306,0.7532761285059705,753.2761285059705,0.35417257388828655,2.2696997031077735,4.809779122447445,0.4429697456056859,0.29877900013873326,2,8,2282,4,4.0,2290
8321,731737671,0.285387257576594,2459282.95494096,0.009183673469387756,0.22040816326530616,0.09854101508187264,98.54101508187264,0.11974698050197065,0.34957193952117066,4.706125974804655,0.17767230294073955,0.11983832654845511,56,72,2220,1,1.0,2292
8325,733481517,4.785772788164239,2459284.791522593,0.004166666666666667,0.1,0.4675192304511668,467.5192304511668,0.7074156288890605,0.2185742308416512,4.842038816245118,0.1365482726317744,0.0921005481126227,2,2,2289,1,1.0,2291
8326,727825948,0.7828579131385726,2459282.983954565,0.029251700680272108,0.7020408163265306,0.3937994813213416,393.7994813213416,0.10812070876062983,6.900972401258618,5.492404074242239,0.6764063288828158,0.4562298184829461,21,89,2202,4,4.0,2291
8327,731161623,2.55341252500299,2459285.0356892594,0.004166666666666667,0.1,0.8441860486811643,844.1860486811643,0.4477024070957572,1.7816252119697928,5.125625445469393,0.36827844925277464,0.2484004109353667,5,5,2286,1,1.0,2291
8329,141624136,2.430178762597056,2459284.2507572863,0.009183673469387756,0.22040816326530616,0.7409467297817994,740.9467297817994,0.33399029225381915,2.470509253684543,4.807168699445443,0.46240111972808984,0.31188528242822733,6,9,2281,1,1.5,2290
8330,724642492,0.4565841464200772,2459282.9219392594,0.004166666666666667,0.1,0.29172946462904975,291.72946462904974,0.2142318095893172,0.9361668858602719,5.050103270225818,0.27095138560201387,0.18275420585593816,22,22,2269,1,1.0,2291
8333,724223672,2.0337626815527177,2459283.1298559257,0.004166666666666667,0.1,0.7671272358155736,767.1272358155736,0.35417203216978954,2.353936783720171,5.600946228971097,0.38739230715859324,0.26129253147079,8,8,2284,1,1.0,2292
8335,737562632,13.324326697394477,2459290.759048103,0.0844387755102041,2.0265306122448985,0.9938601548593848,993.8601548593848,0.20520132498171262,11.853096089005446,5.323308121295538,0.9146381158551047,0.6169149574093516,2,24,2268,12,12.0,2292
8336,350857733,5.283450004732033,2459285.446871232,0.04430272108843538,1.063265306122449,1.1211261999314601,1121.1261999314602,0.23037258116734216,11.940777583641184,5.341240889170069,0.9149326738596772,0.6171136340615657,3,19,2273,6,6.0,2292
8337,737555352,3.849709140725094,2459285.969711368,0.014200680272108843,0.3408163265306122,1.6426782036464833,1642.6782036464833,0.35417230291049984,10.79356672294095,5.111425491785279,0.9089823564659402,0.6131001999635372,4,8,2283,2,2.0,2291
8338,737562486,4.024967751089634,2459284.0516756536,0.01921768707482993,0.46122448979591835,0.22468298513744767,224.68298513744767,0.26808124326656235,0.3533771066719217,5.153700509211158,0.16312293458251978,0.11002491203461473,5,14,2278,2,3.0,2292
8339,737448340,5.832881164258258,2459286.5015225927,0.004166666666666667,0.1,3464.2964723769414,3464296.4723769412,0.707433012706181,12001350.04852332,430.3546267912717,11.384227681820537,7.678556375165613,2,2,2167,1,1.0,2169
8340,737524965,9.902587620558172,2459283.0294392593,0.004166666666666667,0.1,16.601308447915393,16601.308447915395,0.7074157638454651,275.603442182827,7.886202540415577,2.9770723538814643,2.008007792986284,2,2,2288,1,1.0,2290
8341,737418500,3.1742793370658124,2459282.9823559257,0.004166666666666667,0.1,3154.6048236166826,3154604.8236166826,1.0002261164528616,4975765.79659282,395.84620638683907,7.969268803687506,5.375198167872323,1,1,2211,1,1.0,2212
8343,737418443,3.237712241754199,2459283.3315225923,0.004166666666666667,0.1,828.574788167259,828574.7881672591,1.0002227915812427,343268.0897932091,180.321229213818,4.594993012080496,3.099280326507822,1,1,2244,1,1.0,2245
8344,737516513,0.39361581399628787,2459283.179294701,0.034268707482993196,0.8224489795918367,0.0346345968475633,34.6345968475633,0.07452160157265436,0.11815619693113431,4.837812711833,0.1004833715108772,0.06777510556514044,40,197,2095,4,5.0,2292
8345,737457483,4.668858312224545,2459283.054277695,0.01921768707482993,0.46122448979591835,0.2124643128381842,212.4643128381842,0.30223748132515155,0.24827596326390994,5.313759135436354,0.13261128121628368,0.08944508378273552,4,11,2281,2,3.0,2292
8346,737292010,8.452863421613316,2459288.506335518,0.01921768707482993,0.46122448979591835,1.3628632376181076,1362.8632376181076,0.44770219347753915,4.6434905111272755,4.748663196716991,0.6417500498785444,0.4328544785367223,2,5,2287,2,2.5,2292
8348,737223987,9.902587620558172,2459283.9504596675,0.09447278911564626,2.26734693877551,1.6886296763007118,1688.6296763007117,0.1901477767659333,39.920582571568254,6.170196417624976,1.4481529849563144,0.9767658066614828,2,28,2263,14,14.0,2291
8349,737287152,2.0137415051158594,2459283.2231892594,0.004166666666666667,0.1,3505.499027070915,3505499.027070915,1.0002273502359715,6144261.714397565,341.3929844095395,10.268222216498955,6.925821001280829,1,1,2199,1,1.0,2200
8350,737079789,9.378160355854567,2459290.7856892594,0.004166666666666667,0.1,3.8262864104841317,3826.2864104841315,0.7074157638454651,14.640467695055541,5.329101653443111,1.0154030617401306,0.6848799822879608,2,2,2288,1,1.0,2290
8351,737345285,4.334974526004805,2459284.9619392594,0.004166666666666667,0.1,23674.5530784229,23674553.0784229,0.7074340696933976,560484463.4630632,2139.9722130997134,15.645471395224753,10.552725883734489,2,2,2160,1,1.0,2162
8353,736697067,3.2058389024349596,2459284.879099123,0.014200680272108843,0.3408163265306122,1.1922757590009363,1192.2757590009362,0.30223748132515155,7.818368170256924,5.393970717451104,0.7331021146349319,0.49447060207401317,5,11,2281,2,2.0,2292
8354,736426466,0.19888883660196532,2459282.977355926,0.004166666666666667,0.1,0.8399577318219635,839.9577318219635,0.1458731165496484,16.93269578993994,5.290051518691897,1.1000644984914656,0.7419833390607484,48,48,2244,1,1.0,2292
8356,737099545,3.1586162531346837,2459285.2065225923,0.004166666666666667,0.1,8.21039536884288,8210.39536884288,0.7074156288890605,67.41059211271661,5.536312762153332,2.0972898356534846,1.4146026140924624,2,2,2289,1,1.0,2291
8357,737460219,0.6519236288448479,2459283.0270327968,0.054336734693877564,1.3040816326530615,0.0013844067808065964,1.3844067808065963,0.07452160157265436,0.0001887833402722134,5.334713347581631,0.0036423841094680694,0.0024567544243006,26,197,2095,1,8.0,2292
8358,736465346,2.4910336991722106,2459283.0043117083,0.01921768707482993,0.46122448979591835,0.9564901761916121,956.4901761916121,0.23037258116734216,8.69129784293508,5.212171527936852,0.7999053745951785,0.5395287836201124,7,19,2273,2,3.0,2292
8359,736865668,0.9262417236294056,2459283.6527130688,0.0744047619047619,1.7857142857142856,0.2194194916817329,219.4194916817329,0.07745044235535063,4.3571146563532395,5.298997837080461,0.5570840827729947,0.3757480660818796,17,181,2111,10,11.0,2292
8361,736865720,1.2218779113583706,2459283.480332116,0.014200680272108843,0.3408163265306122,0.607623323034306,607.6233230343059,0.19359374509727786,4.98428238638591,5.348674501559188,0.590296418515911,0.3981494796411109,13,27,2265,2,2.0,2292
8362,736288326,13.999999999999996,2459291.424345722,0.034268707482993196,0.8224489795918367,0.9672424218133344,967.2424218133344,0.31691988276953187,4.677789512776622,4.892481164355936,0.6251815795943131,0.42167919843134566,2,10,2282,5,5.0,2292
8363,736863627,11.48674508317701,2459283.2092606877,0.04931972789115646,1.183673469387755,4.485164941398327,4485.164941398328,0.40879033313294794,60.35011365464599,12.002664615389119,0.9153272103062712,0.61737974524907,1,6,2258,6,6.0,2264
8364,736713766,4.80950468683409,2459285.5390225924,0.004166666666666667,0.1,4.855958269718599,4855.958269718599,0.7074154940504961,23.580330717248447,5.758528130565971,1.1925550917954584,0.8043673895827994,2,2,2290,1,1.0,2292
8365,736800852,3.4187652959153554,2459283.260272593,0.004166666666666667,0.1,12587.144135154465,12587144.135154465,0.7074230893129407,158436197.47915345,3392.1510559659755,5.247676077447348,3.539509022964622,2,2,2235,1,1.0,2237
8366,736285907,1.4528389841272102,2459283.321369531,0.009183673469387756,0.22040816326530616,0.3601423759316496,360.1423759316496,0.2781403575280856,0.8430664511210085,4.5522459820135435,0.28524640540506,0.19239606461962772,11,13,2278,1,1.0,2291
8368,736252651,2.34747127691651,2459283.7977725924,0.004166666666666667,0.1,1.2378556694377683,1237.8556694377683,0.7074156288890605,1.5322866583592254,5.4825341836231125,0.31930348582385787,0.21536725065685813,2,2,2289,1,1.0,2291
8369,737410941,13.725713528773555,2459288.809419668,0.029251700680272108,0.7020408163265306,0.007067944724728949,7.0679447247289495,0.3541772170873682,0.00019982337052729514,5.198270890866002,0.003845733897930758,0.0025939119775602038,2,8,2265,4,4.0,2273
8370,736426772,4.600085093912357,2459285.456573613,0.009183673469387756,0.22040816326530616,2.0798174065274346,2079.8174065274347,0.5777284875526205,6.488460666741757,4.810893021825604,0.7487901730986022,0.5050520525418873,3,3,2289,1,1.0,2292
8371,737099775,2.59158712252413,2459285.387355926,0.004166666666666667,0.1,18412.272745837497,18412272.7458375,1.0002308136210774,169505893.83355516,1458.7102217847143,12.622296375842422,8.513622268880631,1,1,2166,1,1.0,2167
8372,736297099,11.04106006983302,2459289.5423899395,0.009183673469387756,0.22040816326530616,1.8361939277303616,1836.1939277303616,0.5777284875526205,5.057412210350779,5.6461604443721525,0.5632821112174571,0.3799285789946426,2,3,2289,1,1.5,2292
8374,736033078,6.73260509643621,2459285.8222368783,0.039285714285714285,0.9428571428571428,0.9440223007556039,944.0223007556039,0.30223748132515155,4.901479573781471,5.4087509505939,0.5788707585048977,0.39044297754276114,2,11,2281,5,5.5,2292
8377,736699668,3.4187652959153554,2459286.266939259,0.004166666666666667,0.1,12446.25826787453,12446258.26787453,1.00022943673584,77454672.43531755,1044.1155313670856,11.920384185434292,8.04018898248637,1,1,2179,1,1.0,2180
8378,736801015,13.258579475670759,2459290.709898443,0.014200680272108843,0.3408163265306122,18.35495591952183,18354.95591952183,0.5004385965755626,673.808813615179,10.49352005698749,3.498341037104993,2.3595987030250862,2,4,2279,2,2.0,2283
8381,735489466,6.568130301789574,2459286.5677981027,0.009183673469387756,0.22040816326530616,4.364889639456531,4364.889639456531,0.70741630485258,19.052261564634964,10.206144090928326,0.6048205934960266,0.40794590145422005,1,2,2284,2,2.0,2286
8382,736710886,1.283839037237226,2459283.536811708,0.029251700680272108,0.7020408163265306,0.19751857642896148,197.51857642896147,0.13648826093562558,1.0728736709493962,4.541401114633906,0.3225517699737116,0.21755818830008877,13,55,2236,4,4.0,2291
8383,736866689,11.261698027838273,2459293.684209667,0.059353741496598646,1.4244897959183676,1.5848723726262552,1584.8723726262554,0.3339920231841945,11.303191968812891,8.337765147862378,0.5702507846599333,0.38462888483740276,1,9,2275,9,9.0,2284
8384,736033101,2.179596703398872,2459283.6611059257,0.004166666666666667,0.1,6636.428390023233,6636428.390023233,1.000231026917718,22021090.88795318,598.0013021290166,11.09768217292518,7.485284077246177,1,1,2164,1,1.0,2165
8385,736479880,1.4745595415925634,2459283.147568511,0.02423469387755102,0.5816326530612245,0.8041841322304267,804.1841322304267,0.16799119080810546,11.64081813356168,5.168235540335795,0.933607757565372,0.6297098054535087,11,36,2256,3,3.0,2292
8389,736244160,10.932367441281443,2459285.400723273,0.15467687074829933,3.712244897959184,7.448710078999002,7448.710078999002,0.2303755308489107,527.0911774893226,14.305100105468831,2.2696922254795657,1.530886432941836,1,19,2266,19,19.0,2285
8396,735949135,1.49660483058134,2459283.746573613,0.009183673469387756,0.22040816326530616,2.470779030250333,2470.779030250333,0.2680816028391155,42.733243114273435,5.60230547607541,1.65017931440943,1.1130306990485836,11,14,2277,1,1.0,2291
8397,735265176,0.29109026628718515,2459282.894439259,0.004166666666666667,0.1,0.3871326040062128,387.1326040062128,0.16150813689083549,2.922497235150308,5.009785779775513,0.48258397532556624,0.32549843202857565,39,39,2253,1,1.0,2292
8398,735916124,0.2797959815899029,2459283.138189259,0.004166666666666667,0.1,1.021049250133036,1021.0492501330359,0.17534564813495318,17.20193592475438,4.9688199638858155,1.1804576187547882,0.7962077558038502,33,33,2257,1,1.0,2290
8399,735942685,4.465562864809374,2459282.8931892593,0.004166666666666667,0.1,0.3616588069314587,361.6588069314587,0.5777284875526205,0.19619563894662914,5.073784475123874,0.12346039365314902,0.0832728946803919,3,3,2289,1,1.0,2292
8407,737408729,1.3030329739977584,2459283.226222389,0.10450680272108842,2.508163265306122,0.0014243581283118045,1.4243581283118045,0.07487162377710792,0.0001978076175745709,5.502471467508542,0.0036147536483356786,0.0024381179335867253,13,195,2094,15,15.0,2289
8409,737518971,10.10047502428109,2459291.6357827964,0.014200680272108843,0.3408163265306122,0.010760380204065337,10.760380204065337,0.5004368720798488,0.0002315715642720824,5.194023388467049,0.004143369946295574,0.0027946647418694015,2,4,2288,2,2.0,2292
8415,735736638,4.443528103994686,2459283.092355926,0.004166666666666667,0.1,0.7426683573083755,742.6683573083756,0.5777284875526205,0.8273344334206815,5.2933642041820415,0.24300979082745644,0.16390785837545963,3,3,2289,1,1.0,2292
8419,737554058,0.524411931804514,2459283.0869732727,0.014200680272108843,0.3408163265306122,0.0028919350658373117,2.8919350658373117,0.13082391279948533,0.00025089865275058367,5.295843948811727,0.004229889119302426,0.0028530211245800796,30,60,2231,2,2.0,2291
8425,735515822,8.411153825458651,2459291.118019191,0.01921768707482993,0.46122448979591835,11604.522134914047,11604522.134914046,1.0002315618880175,67332466.98985504,1272.4987873025373,9.119475987488753,6.151002284829862,1,1,2159,1,1.0,2160
8427,737084923,1.329072007639274,2459283.9592606877,0.10952380952380952,2.6285714285714286,0.010377130805969083,10.377130805969083,0.07907269030735495,0.009314738985602656,57.16023497367515,0.002387846126481758,0.001610580147363927,11,173,2118,15,16.0,2291
8429,735624440,6.867145460417393,2459289.7115906198,0.014200680272108843,0.3408163265306122,0.23375163378062583,233.75163378062584,0.5004368720798488,0.10927965259022362,5.058339505105263,0.09242227950287078,0.06233797349444947,2,4,2288,2,2.0,2292
8438,736074263,0.6423206631836224,2459283.0480191913,0.059353741496598646,1.4244897959183676,0.0018440052532823132,1.8440052532823132,0.07179226385943972,0.0003638380250322062,6.3266609517795205,0.004263776970565173,0.00287587816711532,25,214,2078,8,9.0,2292
8442,735215104,1.851326527188773,2459283.043605926,0.004166666666666667,0.1,1.3671715791964147,1367.1715791964148,0.4087836982879843,5.607474380887257,5.139629357947217,0.6515786502557933,0.43948377866976485,6,6,2286,1,1.0,2292
8449,350953743,10.404745383113742,2459283.0640225927,0.25,6.0,0.0028166884392687394,2.8166884392687392,0.11974698050197065,0.000285614415500766,5.548687460888451,0.004307395959716432,0.002905298772235554,2,72,2220,36,36.0,2292
8455,735326128,3.1586162531346837,2459285.5561059257,0.004166666666666667,0.1,1080.8681379213458,1080868.137921346,1.0002209212442728,584137.9657867787,305.526641734593,3.5377213973381796,2.3861603921072305,1,1,2263,1,1.0,2264
8458,737555605,1.49660483058134,2459282.9906807556,0.0844387755102041,2.0265306122448985,0.001845216291797103,1.845216291797103,0.08965891221022336,0.0002247183287918878,5.387814318911424,0.003934790606066288,0.002653979904267023,11,132,2160,12,12.0,2292
8459,737516352,5.469599615978497,2459286.3177725924,0.004166666666666667,0.1,0.013407454200194884,13.407454200194884,0.7074164404005089,0.00017975982813032344,5.27425606698519,0.0035950100499481433,0.0024248010589155156,2,2,2283,1,1.0,2285
8467,735202417,2.0337626815527177,2459284.1194307557,0.009183673469387756,0.22040816326530616,2.4921220969726496,2492.1220969726496,0.2680816028391155,43.474707823535496,5.966282506181597,1.5628939868702325,1.0541575521855069,8,14,2277,1,2.0,2291
8489,735202489,3.469877283466469,2459283.561105926,0.004166666666666667,0.1,5315.142371156238,5315142.371156238,1.0002265262233156,14125369.21283018,407.6333685434315,13.039026687507143,8.794703013292287,1,1,2207,1,1.0,2208
8493,737554811,5.861805509577326,2459286.6073219124,0.014200680272108843,0.3408163265306122,0.009329566950628615,9.329566950628616,0.408783932448616,0.0002611224584587851,5.454911536685684,0.004189376563943077,0.0028256957803474148,3,6,2285,2,2.0,2291
8495,735172582,3.237712241754199,2459285.588189259,0.079421768707483,1.906122448979592,0.6348537830512031,634.8537830512031,0.1330000258804613,11.688140449778297,5.226340963112754,0.9251027442032207,0.6239732525315127,5,58,2234,11,12.0,2292
8508,737528749,2.2563895335852826,2459283.663546402,0.10952380952380952,2.6285714285714286,0.0020923289966318878,2.092328996631888,0.09772110500664494,0.0002407812346580631,5.264809908510223,0.0041681527027278,0.002811380482077297,7,110,2181,15,16.0,2291
8517,737556481,2.723005862835282,2459283.5027725925,0.004166666666666667,0.1,0.009910191081087054,9.910191081087055,0.44770219347753915,0.0002455297181591435,5.195084634346581,0.0042655437759023095,0.002877069860989012,5,5,2287,1,1.0,2292
8522,737411521,1.7446314950349422,2459283.7889264706,0.15467687074829933,3.712244897959184,0.004679176616025288,4.679176616025289,0.07401667987367125,0.002189469380395787,19.862344441936724,0.0033316082351035727,0.0022471389687734877,9,200,2090,22,22.0,2290
8524,735172596,10.050635494973681,2459292.888189259,0.004166666666666667,0.1,1097.463769021012,1097463.7690210121,1.0002242906835426,602213.3621569026,346.54457829466014,3.1668761762818862,2.1360287173087054,1,1,2229,1,1.0,2230
8530,737409479,9.805102571918539,2459284.6272172867,0.004166666666666667,0.1,0.013696713952864648,13.696713952864648,0.7074171199248533,0.0001875999731065971,4.804108812902611,0.004031981661211107,0.0027195343728659838,2,2,2278,1,1.0,2280
8536,737517709,3.7371304721926752,2459283.106471572,0.009183673469387756,0.22040816326530616,0.009329871973662486,9.329871973662486,0.4087836982879843,0.00026113953313479816,5.227045586073337,0.004372149682768399,0.002948974560075812,5,6,2286,1,1.0,2292
8539,737519936,0.8225564437776212,2459283.148444361,0.01921768707482993,0.46122448979591835,0.0031549787673649868,3.154978767364987,0.13897896142839436,0.0002637781120968831,5.887190949207944,0.0039014518677798395,0.002631493233360205,19,53,2236,2,3.0,2289
8557,737308804,3.036062133866502,2459283.6015225924,0.004166666666666667,0.1,0.013331949214517936,13.331949214517936,0.7074154940504961,0.0001777408698584854,5.158884782166143,0.0036547091451272877,0.0024650675469629624,2,2,2290,1,1.0,2292
8594,508188227,10.718181692165734,2459293.4150430006,0.1998299319727891,4.795918367346938,0.005610219163775434,5.610219163775434,0.1868951200255187,0.00045638110645110033,12.052709486349434,0.0025066525361199703,0.0016907139728314924,1,29,2237,29,29.0,2266
8596,737526954,3.868799246185601,2459283.821879735,0.009183673469387756,0.22040816326530616,0.009660651842204441,9.660651842204441,0.4477024070957572,0.00023332048504072012,5.092512762720176,0.004241889069825132,0.0028611149803218217,4,5,2286,1,1.0,2291
8613,735966989,0.39361581399628787,2459283.2372368784,0.039285714285714285,0.9428571428571428,0.025500176623615745,25.500176623615744,0.07006287081314792,0.07347926788542268,19.43379489827955,0.019726034718911732,0.013305028139020458,40,226,2066,5,6.0,2292
8621,737529871,0.7161664504318332,2459283.155451164,0.06938775510204082,1.6653061224489796,0.0014402432713788323,1.4402432713788322,0.0709089559088274,0.00022817307488272006,5.133504249955008,0.00416134065549591,0.0028067858191662687,22,220,2072,10,10.0,2292
8626,735173702,6.633432474535348,2459285.8521603476,0.02423469387755102,0.5816326530612245,0.006298969368464437,6.298969368464436,0.30223748132515155,0.00021822358307669297,5.112150982757214,0.00408660034330027,0.0027563741692299137,3,11,2281,3,4.0,2292
8628,736843876,5.415754681196399,2459284.019855926,0.004166666666666667,0.1,3.258748528695802,3258.748528695802,0.7074168477575495,10.619441973277054,9.217892300905083,0.49995879917065955,0.3372175901596247,2,2,2280,1,1.0,2282
8634,737227728,3.3851095976342407,2459282.9908593274,0.01921768707482993,0.46122448979591835,0.005766252575224968,5.766252575224968,0.2894338090558209,0.00019949801256773144,4.926046899352808,0.004054952229901299,0.0027350278091874403,4,12,2280,3,3.0,2292
8640,737529728,4.208205037085012,2459283.6559103476,0.2399659863945578,5.759183673469387,0.0019570567559406547,1.9570567559406546,0.0786566939703558,0.00033513122527263395,6.91443994123965,0.0037442551543295987,0.0025254655027179274,5,175,2116,35,35.0,2291
8648,736846885,1.7707144739870353,2459282.9511059257,0.004166666666666667,0.1,12083.379246444301,12083379.246444302,1.000229858639974,73004027.00670043,16614.007843957494,0.7273006826488901,0.49055758980769604,1,1,2175,1,1.0,2176
8659,737464699,4.738659719246386,2459285.9331892594,0.004166666666666667,0.1,0.01665828085553702,16.658280855537022,0.7074157638454651,0.0002774983210619512,5.2185555570428015,0.00451434625045371,0.0030448848310088428,2,2,2288,1,1.0,2290
8660,737523442,3.4357184182573337,2459283.2321348377,0.09948979591836736,2.3877551020408165,0.0024013966801924246,2.4013966801924247,0.12056101149502675,0.00020471806355519155,5.257895567565295,0.0038484081382163323,0.0025957157279214438,5,71,2220,14,14.0,2291
8664,737464942,1.4528389841272102,2459283.3515225924,0.004166666666666667,0.1,0.00876329540724232,8.763295407242321,0.4087848711429363,0.00023038603918378305,4.892504745400477,0.004387446375642079,0.002959292038069661,6,6,2281,1,1.0,2287
8669,736835707,11.543706055297235,2459282.936573613,0.009183673469387756,0.22040816326530616,5.406960836215151,5406.960836215151,0.7074157638454651,29.235225484364445,9.634924522292149,0.793633341714701,0.5352983553990969,1,2,2288,2,2.0,2290
8670,737461953,1.4818716517099257,2459283.0135123883,0.12457482993197279,2.989795918367347,0.0018479895784121036,1.8479895784121037,0.07452926292068926,0.0003363839499690948,5.990309608245077,0.004329954785766171,0.002920514491950743,11,197,2090,17,18.0,2287
8683,735165904,3.5567676658773775,2459285.874439259,0.004166666666666667,0.1,31.172220424966465,31172.220424966465,1.0002201430956774,485.8536631113482,59.46845462485542,0.5241807714965866,0.3535550866697603,1,1,2271,1,1.0,2272
8690,737529548,7.17977333087963,2459286.750094021,0.034268707482993196,0.8224489795918367,0.0068679975283962615,6.867997528396262,0.31691988276953187,0.00023584695025028574,5.945895237201528,0.003652690518032251,0.002463706001640531,2,10,2282,5,5.0,2292
8695,737521192,4.762157991576861,2459283.167083817,0.009183673469387756,0.22040816326530616,0.007999544464010886,7.999544464010886,0.37854347571457325,0.00022397449071090525,5.545811185955209,0.0038163587875433363,0.002574098737045283,4,7,2283,1,2.0,2290
8703,737523028,0.5402095063030107,2459282.96871647,0.009183673469387756,0.22040816326530616,0.003550020607585599,3.550020607585599,0.15951314818673865,0.00025205292628564856,4.940203395606909,0.004544813223879894,0.0030654345230540225,30,40,2250,1,1.0,2290
8722,737531775,0.7091162203374806,2459282.9861654495,0.009183673469387756,0.22040816326530616,0.0033374862952029703,3.3374862952029702,0.18378090211530831,0.0001670822215600147,4.800310359418422,0.0038081215429339134,0.002568542791672679,23,30,2262,1,1.0,2292
8726,736279696,10.718181692165734,2459293.420179055,0.2098639455782313,5.036734693877551,0.005846823661555794,5.846823661555794,0.1837948871017542,0.0005127802039399305,12.754606293391088,0.002510808358583699,0.0016935170366813024,1,30,2236,30,30.0,2266
8737,737351374,12.618688891229029,2459293.2939264704,0.13962585034013605,3.351020408163265,0.005279672128493388,5.279672128493388,0.21922494441419949,0.00029268684673609396,6.219116659666783,0.003890343033807295,0.002624000427497164,1,21,2270,21,21.0,2291
8821,737466128,2.3825669656511854,2459283.2144392594,0.004166666666666667,0.1,0.011985823976549202,11.985823976549202,0.5004374454030074,0.0002873199527936435,5.676346426844101,0.004223076984824904,0.002848426402822679,4,4,2285,1,1.0,2289
8842,737456927,4.532324918884144,2459284.193104225,0.04430272108843538,1.063265306122449,0.004851833159444964,4.851833159444964,0.22459055435966976,0.000235402850070897,5.059601077975958,0.004288491757672943,0.002892548062641942,3,20,2268,6,7.0,2288
8844,737533560,10.612667608006548,2459291.4985123887,0.009183673469387756,0.22040816326530616,0.010457217560700786,10.457217560700785,0.5004368720798488,0.0002187067982236578,5.70375752944825,0.003666781943906497,0.002473210538180559,2,4,2288,2,2.0,2292
8856,736894807,1.8331013255075308,2459283.8965225928,0.004166666666666667,0.1,3.902946541604373,3902.946541604373,0.7074165760672093,15.232991706621535,8.187474176003768,0.6741517363842409,0.454709116676272,2,2,2282,1,1.0,2284
8867,737531155,4.378074044793059,2459284.985451164,0.039285714285714285,0.9428571428571428,0.004946793908731985,4.946793908731985,0.2434409099105981,0.0002080015447914769,5.286769148026871,0.0038579618709994705,0.002602159632402179,3,17,2273,5,6.0,2290
8873,737466330,9.285837979777545,2459286.6812079665,0.06437074829931973,1.5448979591836736,0.006559585286748094,6.559585286748094,0.2434401155342421,0.0003657393526400376,7.200730116574514,0.0037559889844025972,0.0025333798626754334,2,17,2275,8,8.5,2292
8883,737456795,0.397529251565279,2459282.9370498033,0.01921768707482993,0.46122448979591835,0.0021273259507305947,2.1273259507305946,0.09772757648612607,0.0002489033635358506,5.656626377195315,0.0039443267617305265,0.0026604119531434822,40,110,2175,2,3.0,2285
8884,737457250,4.443528103994686,2459285.8273899397,0.01921768707482993,0.46122448979591835,0.008265530708409075,8.265530708409074,0.35417203216978954,0.00027327599156661366,5.682002458287036,0.004114473977741778,0.002775174678093739,3,8,2284,2,3.0,2292
8895,737126700,1.2279370127956557,2459283.65749198,0.009183673469387756,0.22040816326530616,0.005111905437591584,5.1119054375915844,0.2434401155342421,0.0002221184062244665,4.998546672844668,0.004216610836478298,0.0028440650455134886,13,17,2275,1,1.0,2292
8916,737536787,0.9447511856944869,2459283.000349123,0.014200680272108843,0.3408163265306122,0.003484119305736462,3.484119305736462,0.16574282111206462,0.00022457311572720223,5.310179265012578,0.003991027290483045,0.002691911028249727,18,37,2254,2,2.0,2291
8919,737211559,1.710450865294682,2459283.9556892593,0.004166666666666667,0.1,0.00957293616349125,9.572936163491251,0.4087836982879843,0.00027492332037083576,5.379034122168194,0.004359297302865624,0.0029403057485941075,6,6,2286,1,1.0,2292
8930,737217916,10.824744826607757,2459293.289243681,0.15467687074829933,3.712244897959184,0.007923783984612888,7.923783984612888,0.20958984030084807,0.0007220430553002886,15.48443737679381,0.0024541500664582378,0.0016553015421949535,1,23,2224,23,23.0,2247
8934,737479563,0.6584052343355729,2459283.3481892594,0.004166666666666667,0.1,0.0058511332566983055,5.851133256698305,0.26808124326656235,0.00023965032271348644,5.266673067254825,0.004156881524893143,0.0028037781767794034,14,14,2278,1,1.0,2292
8936,735178592,12.371464916409064,2459288.98494096,0.009183673469387756,0.22040816326530616,0.010939594645752473,10.939594645752473,0.5777284875526205,0.00017951209652006424,4.9789547631627515,0.0038056047186529472,0.0025668452169519407,2,3,2289,1,1.5,2292
8944,737127441,2.55341252500299,2459285.0927725923,0.004166666666666667,0.1,0.010034539040998465,10.034539040998466,0.5004368720798488,0.0002013839475306448,5.1946640446037,0.003863402504892498,0.0026058292896887214,4,4,2288,1,1.0,2292
8961,737479801,0.6616701629054358,2459283.385689259,0.004166666666666667,0.1,0.006080907016867685,6.080907016867685,0.27814001126338433,0.00024035329596063922,4.979650792873696,0.004402923611033484,0.0029697312903234074,13,13,2279,1,1.0,2292
8964,737534079,3.051117491089995,2459285.8156042253,0.2399659863945578,5.759183673469387,0.0014586328759822562,1.4586328759822562,0.07928210139482707,0.00018297444855307904,5.058084781962588,0.0038148627497842846,0.0025730896734009745,6,175,2117,1,35.0,2292
8977,737534133,1.0533665534696723,2459283.287849123,0.054336734693877564,1.3040816326530615,0.001880465637265137,1.880465637265137,0.09233740653773224,0.00021924136280196863,5.568485211154507,0.0037604444166317703,0.002536385010543485,16,124,2166,7,8.0,2290
8992,735178483,2.4062551070887763,2459284.022849123,0.01921768707482993,0.46122448979591835,0.004816406943858274,4.816406943858274,0.21922450199141727,0.0002435766464128851,5.593139818395151,0.003946182308075126,0.0026616635020066948,7,21,2271,3,3.0,2292
8996,737537256,1.1457773211102658,2459283.369354225,0.054336734693877564,1.3040816326530615,0.002007537442439709,2.007537442439709,0.0985765918618978,0.0002176311554710579,5.118945389012043,0.004075632675276751,0.0027489765784950437,14,108,2183,4,8.0,2291
9010,737371006,6.1895980097016245,2459289.01249198,0.009183673469387756,0.22040816326530616,0.011116470172798855,11.116470172798856,0.5777313165982988,0.00018536386365408992,5.401914337020836,0.0035643458853385603,0.0024041183632392826,2,3,2272,1,1.5,2275
9056,736773501,5.257379482234622,2459286.880961368,0.009183673469387756,0.22040816326530616,0.7342198441811915,734.2198441811914,0.4087836982879843,1.617236338768359,4.906478232014325,0.36654885484559524,0.24723381549008178,3,6,2286,2,2.0,2292
9072,737139285,0.872860869936932,2459283.100451164,0.0844387755102041,2.0265306122448985,0.0016518542205911399,1.65185422059114,0.06952167273707104,0.0003137915720997477,6.36193435259411,0.00393773469270899,0.002655965663502624,19,230,2060,11,12.0,2290
9075,737538151,2.4062551070887763,2459283.5558083067,0.1647108843537415,3.9530612244897965,0.0015306924922817357,1.5306924922817358,0.08126914181642948,0.00019095608973310522,4.9196419210211335,0.003972356896210346,0.002679318019837007,7,163,2129,22,23.0,2292
9078,737159821,1.9742885014443983,2459283.0840225928,0.004166666666666667,0.1,0.010622435887184182,10.622435887184182,0.500437063020516,0.00022567228835467678,5.667179154783031,0.003748755984966162,0.0025285012713922583,4,4,2287,1,1.0,2291
9080,737439923,1.9840786893064715,2459284.7201875583,0.12457482993197279,2.989795918367347,0.0018217260758890902,1.8217260758890903,0.08636293383875925,0.0002372860415335598,5.57979191339252,0.003904209288826966,0.0026333530883764777,8,143,2148,17,18.0,2291
9082,735167307,1.6359729414238087,2459284.2801450416,0.009183673469387756,0.22040816326530616,0.005147643031043741,5.14764303104374,0.2781403575280856,0.00017223848703784575,5.235020929999666,0.0035453709057499906,0.0023913199148455355,10,13,2278,1,1.0,2291
9099,737369725,0.5482858669686995,2459283.0324664703,0.054336734693877564,1.3040816326530615,0.013821454426530934,13.821454426530934,0.06978868845530563,0.02177771668097256,66.04775514511559,0.0031598255639628814,0.0021312731444508848,29,228,2064,7,8.0,2292
9104,736927836,3.849709140725094,2459283.2302725925,0.004166666666666667,0.1,1.6765559402030896,1676.5559402030897,0.7074154940504961,2.8108398206302656,5.770504448048045,0.41088403449968963,0.2771374844865032,2,2,2290,1,1.0,2292
9107,735247270,0.38590413595057604,2459283.2169902795,0.034268707482993196,0.8224489795918367,0.0023225711677449757,2.3225711677449756,0.07384689874752944,0.0005421308513386461,8.86612898168551,0.003713924015865047,0.002505007430099182,42,201,2091,1,5.0,2292
9109,737468972,0.33933155639051643,2459282.8882572865,0.02423469387755102,0.5816326530612245,0.001753667942492064,1.753667942492064,0.08127867407601383,0.00025064112708073446,5.333500556374903,0.004197868408211069,0.0028314234508370895,47,163,2122,2,3.0,2285
9113,737481194,4.465562864809374,2459283.7548389193,0.009183673469387756,0.22040816326530616,0.00815600309219572,8.15600309219572,0.4087836982879843,0.00019956115931971845,5.1784371677324925,0.0038579295778516094,0.0026021378509723525,4,6,2286,1,1.5,2292
9128,737541612,0.10611561997232512,2459282.920689259,0.004166666666666667,0.1,0.0020192816027113218,2.0192816027113216,0.10697455979603956,0.0001855261676927024,4.726181047135302,0.004075747120804749,0.0027490537709461416,91,91,2200,1,1.0,2291
9130,735223742,13.862178378697552,2459290.211454565,0.014200680272108843,0.3408163265306122,0.011268485414480627,11.268485414480628,0.44770219347753915,0.00031744690884090654,6.37008735056158,0.003955534359826671,0.0026679713744952593,2,5,2287,2,2.5,2292
9146,737442802,0.23765576544984085,2459283.025689259,0.004166666666666667,0.1,0.003216730106505423,3.2167301065054232,0.1522238896655974,0.00022764175671816458,5.064468836367372,0.004213151333268291,0.002841731642565959,44,44,2248,1,1.0,2292
9155,737164778,0.5040647806201161,2459282.9925004835,0.04430272108843538,1.063265306122449,0.0015293236642248357,1.5293236642248358,0.0733545362426814,0.00023856074873572397,5.142972263212118,0.004247176509296337,0.002864681309386441,32,204,2088,6,6.0,2292
9170,736962705,6.535720685223621,2459283.801199463,0.079421768707483,1.906122448979592,0.0035404557455582662,3.5404557455582664,0.17278493713909857,0.00021309205706636117,5.282141931453558,0.00390830602548727,0.0026361162993978615,3,34,2258,11,11.0,2292
9177,735168281,6.765991032000867,2459285.049855926,0.004166666666666667,0.1,9.405349182695293,9405.349182695292,0.7074156288890605,88.46059324842702,6.832486790687322,1.9467542024599132,1.3130677205314403,2,2,2289,1,1.0,2291
9205,142016907,2.723005862835282,2459285.5204001437,0.09948979591836736,2.3877551020408165,0.012840611993385525,12.840611993385524,0.12139093578276236,0.005770846072763666,41.82033588759126,0.0025689001637806985,0.0017326994224879932,5,70,2222,14,14.0,2292
9238,736625487,3.6278439891592744,2459284.3052725927,0.004166666666666667,0.1,10307.459626182857,10307459.626182858,1.0002327475883954,53121861.97269482,4387.993878034491,2.3490141309859496,1.5843883252299673,1,1,2148,1,1.0,2149
9242,736626181,2.7774207876171735,2459284.507355926,0.004166666666666667,0.1,1443.6552602983988,1443655.2602983988,1.0002261164528616,1042070.2552936189,1252.3533785411723,1.1527539151769353,0.7775218637373097,1,1,2211,1,1.0,2212
9246,737446779,0.4750146875187422,2459282.9137504837,0.029251700680272108,0.7020408163265306,0.0018111540582795775,1.8111540582795775,0.08636293383875925,0.0002345399501318147,5.004835699550433,0.004327465230632634,0.0029188353100179643,34,143,2148,4,4.0,2291
9250,735168363,12.129084526707379,2459287.9720838172,0.01921768707482993,0.46122448979591835,5.071407732304552,5071.407732304552,0.44770283489305546,64.29794096819599,8.90562431859492,1.273354009260543,0.8588655127887111,2,5,2284,2,2.5,2289
9254,737446619,0.5620156806651114,2459282.9925004835,0.04430272108843538,1.063265306122449,0.0015262791450814822,1.526279145081482,0.07784793716828599,0.00020849275856960409,5.067799786853444,0.0040294060732595826,0.0027177971625924613,28,179,2111,6,6.0,2290
9277,735168434,0.36910076589069984,2459282.9565225923,0.004166666666666667,0.1,0.36462163296360955,364.62163296360956,0.20520179889051113,1.5953872227005903,5.442346349742078,0.32821760782774934,0.22137974357732992,24,24,2267,1,1.0,2291
9279,736957828,4.509960729073031,2459285.865451164,0.039285714285714285,0.9428571428571428,0.005137622095102049,5.137622095102049,0.24344051254807914,0.00022435886673268654,5.421481336052919,0.003907227056514224,0.0026353885447957803,3,17,2274,5,6.0,2291
9291,736932757,1.3758986526002421,2459283.4219392594,0.004166666666666667,0.1,0.007476541254252857,7.476541254252857,0.3785432224045509,0.0001956453419429071,5.836826289830339,0.0033890110555685185,0.0022858566407449876,7,7,2284,1,1.0,2291
9293,737473743,1.2462951906403148,2459283.9603151097,0.014200680272108843,0.3408163265306122,0.004018964425108153,4.0189644251081535,0.19723804077329365,0.00020997697565370383,4.9500327431910645,0.004139927772447603,0.002792343027416433,13,26,2266,2,2.0,2292
9299,737444181,1.6936125001937465,2459283.1565566063,0.014200680272108843,0.3408163265306122,0.00468578137483134,4.685781374831341,0.21922450199141727,0.00023054374447352102,5.3314676588834145,0.004027586626057862,0.0027165699622675454,10,21,2271,2,2.0,2292
9320,736965499,8.66453446216303,2459286.6882657898,0.014200680272108843,0.3408163265306122,0.011034548502340098,11.034548502340098,0.5004372541281625,0.0002435225213009922,5.462621980745967,0.004040019075540438,0.002724955534561202,2,4,2286,2,2.0,2290
9328,737338750,0.7197178078373555,2459283.065859327,0.029251700680272108,0.7020408163265306,0.0020368877920072534,2.0368877920072532,0.1053245314540995,0.00019499885822972467,5.265693330773832,0.0037503816879817043,0.002529597793053895,22,94,2198,4,4.0,2292
9332,737474192,3.9461110224291622,2459283.806029395,0.04931972789115646,1.183673469387755,0.003662567211303668,3.662567211303668,0.19014726352845554,0.00018780158008243418,4.993443718790828,0.0038811860298749385,0.0026178241129602986,4,28,2264,7,7.0,2292
9333,736964085,0.7562145193943131,2459283.4502725927,0.004166666666666667,0.1,0.00718003733729599,7.18003733729599,0.30223779942343243,0.0002835411489073047,5.897896061260666,0.004037624532749592,0.0027233404375756054,11,11,2280,1,1.0,2291
9335,735897681,3.0061739191761836,2459283.0290225926,0.004166666666666667,0.1,0.011826623899813381,11.82662389981338,0.5777284875526205,0.00020980354930145558,5.459224075834612,0.003752238998058252,0.002530850531538009,3,3,2289,1,1.0,2292
9343,735168681,2.2788231840053705,2459283.713605926,0.004166666666666667,0.1,41.24764096189046,41247.64096189046,1.0002243913413187,850.683942460512,57.75284567043909,0.7142096719747119,0.4817278240757533,1,1,2228,1,1.0,2229
9347,737486269,1.1629071768049242,2459283.460961368,0.09948979591836736,2.3877551020408165,0.0016931783088715217,1.6931783088715218,0.0741815928288106,0.0002852518521704861,6.067382568289787,0.003936659523429435,0.002655240471758691,14,199,2093,14,14.0,2292
9353,736627213,3.2217361560974416,2459285.9502725927,0.004166666666666667,0.1,0.10429922105059979,104.29922105059978,0.7074154940504961,0.010878327511761878,5.286272356778566,0.027902719156262773,0.01882012623516982,2,2,2290,1,1.0,2292
9367,737448100,4.857322116064393,2459283.0329001434,0.0844387755102041,2.0265306122448985,0.0027979096136446667,2.797909613644667,0.1458731165496484,0.00018787915694700594,5.126402340480857,0.003781304145833706,0.0025504547051353743,4,48,2244,12,12.0,2292
9369,737448110,0.6519236288448479,2459283.3041501436,0.054336734693877564,1.3040816326530615,0.001565229575200842,1.565229575200842,0.07593758269472299,0.00023151967238138212,5.291344146618215,0.004066707518689184,0.0027429566428498475,24,189,2103,7,8.0,2292
9372,737437575,1.5114844908024763,2459283.6152470824,0.009183673469387756,0.22040816326530616,0.005522238333772061,5.52223833377206,0.25904832363429553,0.00022871337161236218,5.06606715358638,0.004221723963004849,0.002847513802107682,11,15,2276,1,1.0,2291
9377,737375112,0.5455804190100705,2459283.097670552,0.054336734693877564,1.3040816326530615,0.07460144789699794,74.60144789699794,0.06992530189296996,0.6316701792152845,198.8461194400233,0.005652532462100801,0.0038125809133284783,29,227,2065,6,8.0,2292
9395,737155232,2.59158712252413,2459283.169617831,0.17976190476190476,4.314285714285714,0.10277043996108504,102.77043996108503,0.0831838843858742,0.8185366580591112,298.7902700216223,0.004282206576084444,0.0028883087657388673,6,155,2137,25,26.0,2292
9411,736601469,6.068332081387963,2459288.7925089872,0.034268707482993196,0.8224489795918367,0.006338114075549496,6.3381140755494965,0.31691988276953187,0.0002008584501733932,5.230669265337472,0.0038317996286878235,0.0025845134417157856,2,10,2282,5,5.0,2292
9418,736627944,2.2788231840053705,2459284.512355926,0.004166666666666667,0.1,1698.164887411163,1698164.887411163,1.0002268345271321,1441881.9924180838,739.9488711233473,2.2949759823717386,1.547940093330459,1,1,2204,1,1.0,2205
9427,736627638,3.2217361560974416,2459286.028605926,0.004166666666666667,0.1,1520.577403410155,1520577.403410155,1.0002342743384607,1156077.8198807847,1203.0585810080884,1.263926318646932,0.8525066225866262,1,1,2134,1,1.0,2135
9433,737388540,1.283839037237226,2459284.0249749734,0.10952380952380952,2.6285714285714286,0.007090534932076785,7.0905349320767845,0.07630631012773782,0.004700776605750606,25.41737604281137,0.0038147764242407534,0.002573031447619556,12,187,2105,14,16.0,2292
9435,736236797,0.5963864238794657,2459283.336599123,0.02423469387755102,0.5816326530612245,0.002191184884309574,2.191184884309574,0.10641480475919109,0.00022085939507243102,4.942518480482295,0.004252307232871593,0.0028681419350273796,26,92,2200,3,4.0,2292
9437,737494240,4.443528103994686,2459285.088189259,0.004166666666666667,0.1,0.012286395714413484,12.286395714413484,0.5777286528037157,0.000226433279476737,5.168438393853362,0.004117425805939564,0.002777165658936709,3,3,2288,1,1.0,2291
9441,737273222,9.194424462240063,2459285.7043627286,0.029251700680272108,0.7020408163265306,0.005796761300948921,5.796761300948921,0.3169201858649594,0.00016801220790089517,5.048657164842846,0.003630860279238226,0.0024489817072967934,2,10,2281,5,5.0,2291
9444,736203433,4.146217333804293,2459284.617185858,0.009183673469387756,0.22040816326530616,0.007347288357238812,7.347288357238812,0.3785429693160749,0.00018893926171545947,5.071948631046502,0.003832668510273002,0.0025850994943160677,4,7,2285,1,2.0,2292
9453,737273235,0.4657082516315817,2459282.9751790552,0.029251700680272108,0.7020408163265306,0.0015553820194079012,1.555382019407901,0.08525924582638023,0.00017781217213285895,5.523446686014594,0.003414173405041378,0.0023028284129511523,35,147,2144,4,4.0,2291
9473,736945251,2.9765799360720404,2459284.6944902795,0.014200680272108843,0.3408163265306122,0.007032563474814555,7.032563474814555,0.31691988276953187,0.0002472847451364789,5.700430671018923,0.0039012698607466946,0.002631370471298189,5,10,2282,2,2.0,2292
9487,737505266,2.8895345532304195,2459283.0665225927,0.004166666666666667,0.1,0.011892116116743299,11.8921161167433,0.5777284875526205,0.00021213363860115856,5.136550976716965,0.004010035024878343,0.002704731569457941,3,3,2289,1,1.0,2292
9490,736630359,3.718690069810935,2459284.789855926,0.004166666666666667,0.1,7.39512731123557,7395.12731123557,0.5777284875526205,82.03186192407335,7.321553738098388,1.7494560157154586,1.179991916710818,3,3,2289,1,1.0,2292
9496,735584898,0.2163371503014958,2459282.9947028644,0.01921768707482993,0.46122448979591835,0.040054086691450136,40.05408669145014,0.0733545362426814,0.1636416457899927,18.748444588038733,0.030513826577393398,0.020581294062723188,74,204,2088,1,3.0,2292
9500,737490590,11.373664952401914,2459292.7713695313,0.18979591836734694,4.555102040816326,0.0030425107079403916,3.0425107079403917,0.13771472703779372,0.00024993552801416246,6.055625119345966,0.003692070739781637,0.002490267597316631,2,54,2238,26,27.0,2292
9503,737329349,1.0585900334415956,2459283.2608848372,0.0844387755102041,2.0265306122448985,0.0014529366129053035,1.4529366129053034,0.07486706117988098,0.00020582491810927173,5.247526953465297,0.0038664223758949822,0.002607866164774708,16,195,2097,12,12.0,2292
9508,737504546,3.3187889000449653,2459283.3472368782,0.039285714285714285,0.9428571428571428,0.004151707319904286,4.151707319904286,0.20956856552196282,0.00019822174720668856,5.0645771545866385,0.003931402016915316,0.00265169433219703,4,23,2269,5,6.0,2292
9510,735184537,1.4314383748248845,2459282.965918851,0.04430272108843538,1.063265306122449,0.00272513861665402,2.72513861665402,0.1166591702587719,0.0002822024582392015,6.215636672170185,0.0038221680138802883,0.002578017006529265,12,76,2215,6,6.0,2291
9517,737501676,0.48450709766901356,2459283.045663749,0.04430272108843538,1.063265306122449,0.0015885918300693575,1.5885918300693576,0.07194328434087267,0.00026876595627297126,5.659986225627366,0.004096252808392634,0.0027628846677408836,34,213,2079,4,6.0,2292
9537,737498778,6.765991032000867,2459285.0075685107,0.06437074829931973,1.5448979591836736,0.0036720451260851554,3.6720451260851554,0.19359374509727786,0.00018203285800807756,5.0681037503914395,0.003764821542321773,0.002539337341374459,3,27,2265,9,9.0,2292
9547,736634282,1.322513868233241,2459282.8725430006,0.014200680272108843,0.3408163265306122,0.004335982905902606,4.335982905902606,0.2010997553485213,0.00023500934700349508,5.487107161557629,0.003951064539326172,0.0026649565218711535,12,25,2267,2,2.0,2292
9549,737503011,1.5040262598384921,2459282.956905246,0.0844387755102041,2.0265306122448985,0.0018832102319740042,1.8832102319740043,0.0890309410236548,0.00023761421211337605,5.347030854939561,0.00407697937236669,0.002749884913238021,11,134,2156,12,12.0,2290
9560,737505861,5.053393476823411,2459285.9248644295,0.02423469387755102,0.5816326530612245,0.005930529965982838,5.9305299659828385,0.31691988276953187,0.00017585592838710205,4.72144000375118,0.003972089534016454,0.002679137686507793,3,10,2282,3,3.0,2292
9564,735193908,10.404745383113742,2459284.94121647,0.0844387755102041,2.0265306122448985,0.003956058067032239,3.9560580670322394,0.20520132498171262,0.0001878047451567703,5.153016495064869,0.0037610295508778997,0.0025367796781855523,2,24,2268,12,12.0,2292
9565,737492358,2.0337626815527177,2459284.6436654497,0.039285714285714285,0.9428571428571428,0.0029140869146012916,2.9140869146012918,0.15573685579838914,0.00017832995346285998,4.894700330729411,0.003858344819924872,0.002602417927913714,8,42,2250,5,5.0,2292
9578,737152794,0.19888883660196532,2459283.052355926,0.01921768707482993,0.46122448979591835,0.001571458646608407,1.571458646608407,0.0709089559088274,0.0002716430505800359,5.561498261222303,0.004191046617336999,0.0028268222159294476,80,220,2072,2,3.0,2292
9579,737489585,2.566074498311785,2459283.881803205,0.034268707482993196,0.8224489795918367,0.004285518446424744,4.285518446424744,0.18378090211530831,0.00027548502531970126,5.722663125007593,0.004101718155405509,0.0027665709937984007,6,30,2262,5,5.0,2292
9583,736947179,1.5724972904061216,2459283.1551450416,0.009183673469387756,0.22040816326530616,0.005896669435226082,5.896669435226082,0.26808124326656235,0.00024339497299830635,5.713312064404827,0.0038617384278966734,0.00260470688513198,11,14,2278,1,1.0,2292
9587,737498328,9.285837979777545,2459290.9934103475,0.009183673469387756,0.22040816326530616,0.01191737155305182,11.917371553051819,0.5777284875526205,0.00021303561710023306,5.226989454867006,0.003949021363213553,0.0026635784184632083,2,3,2289,1,1.5,2292
9593,737495943,3.3851095976342407,2459285.284855926,0.004166666666666667,0.1,0.012887210646923487,12.887210646923487,0.7074154940504961,0.00016608019825817806,4.666668862940696,0.0039054127501460456,0.0026341648119155847,2,2,2290,1,1.0,2292
9596,737156470,3.081452547234742,2459284.7853746335,0.014200680272108843,0.3408163265306122,0.006477035002184019,6.477035002184019,0.30223748132515155,0.00023073590330734316,4.957153350235168,0.0043335142850128,0.002922915341300958,5,11,2281,2,2.0,2292
9598,737406227,13.523531018643986,2459292.5737674907,0.2048469387755102,4.916326530612245,0.007689225750611529,7.689225750611529,0.1868813792635081,0.0008573007933360777,24.9132324481009,0.0016620784955370994,0.001121056586764535,1,29,2263,29,29.0,2292
9600,736974310,2.7911935828610845,2459283.0071518444,0.08945578231292517,2.146938775510204,0.0021747161625301544,2.1747161625301543,0.11665829706775357,0.00017971683472765547,4.7266294115383145,0.00401104768662978,0.002705414600451761,6,76,2216,12,13.0,2292
9613,736636546,1.2649278310105465,2459283.7931892592,0.004166666666666667,0.1,0.00684110754325153,6.84110754325153,0.33399000464948786,0.0002106033858824984,5.486546412704218,0.003740663267193436,0.0025230428080355027,9,9,2282,1,1.0,2291
9615,736606954,0.49418919848112874,2459283.1625940213,0.039285714285714285,0.9428571428571428,0.0014286990992426157,1.4286990992426156,0.07784649656378763,0.00018268570989781122,5.105490375163766,0.0037439481418349314,0.0025252584256272304,32,179,2112,5,6.0,2291
9628,735183989,1.9645466220384815,2459283.054158647,0.029251700680272108,0.7020408163265306,0.0033915072074758084,3.3915072074758084,0.17278493713909857,0.00019553945935212605,5.172480209520026,0.003823255880499081,0.002578750762511184,8,34,2258,4,4.0,2292
9630,736974224,2.2341767290275247,2459285.054838919,0.02423469387755102,0.5816326530612245,0.004351704613290306,4.351704613290306,0.20520227321649157,0.0002272479964959856,5.01898552840718,0.004247653536175752,0.0028650030596086284,7,24,2266,3,3.0,2290
9631,737153267,0.7675202463909672,2459283.4465906196,0.034268707482993196,0.8224489795918367,0.0018528342126314249,1.8528342126314248,0.10082443883620634,0.0001767992229041219,5.248516931170765,0.0035827670480420406,0.002416543267261595,21,103,2189,4,5.0,2292
9639,737277425,0.8642680770607766,2459283.017764089,0.01921768707482993,0.46122448979591835,0.002904600461928258,2.904600461928258,0.14027614618914885,0.00021935429992928012,5.049554276248486,0.004147964484500718,0.0027977637154328328,19,52,2239,2,3.0,2291
9643,736632845,3.609942847244091,2459284.278605926,0.004166666666666667,0.1,853.9093103209015,853909.3103209015,1.0002272469066944,364580.5551263588,389.73347716773395,2.191008369428308,1.477814899115276,1,1,2200,1,1.0,2201
9646,767053520,1.7794951700898307,2459283.910961368,0.02423469387755102,0.5816326530612245,0.0038420097725442846,3.8420097725442846,0.18083237180371586,0.00022879610593104968,5.310765570765946,0.004027932471915074,0.0027168032321024382,9,31,2261,3,3.0,2292
9650,767014868,3.5567676658773775,2459285.6319392594,0.004166666666666667,0.1,0.01647580073941781,16.47580073941781,0.7074154940504961,0.00027145201000500045,5.810439667115656,0.0040100753456765136,0.0027047587654637217,2,2,2290,1,1.0,2292
9657,765335286,2.7774207876171735,2459283.9638525243,0.04931972789115646,1.183673469387755,0.43313809984744656,433.13809984744654,0.15573685579838914,3.939780884328588,5.31868493756881,0.5277725123149538,0.3559776826621839,6,42,2250,7,7.0,2292
9662,765335987,8.925548028711386,2459287.0867436808,0.06437074829931973,1.5448979591836736,0.7536277620681198,753.6277620681198,0.23037258116734216,5.395570635718125,7.187375873711793,0.457049598298687,0.3082757306749542,2,19,2273,9,9.5,2292
9664,765335114,7.848374303531278,2459284.146063409,0.009183673469387756,0.22040816326530616,1.9310892891342981,1931.089289134298,0.5777284875526205,5.593658763913814,6.225751121801286,0.5372435706625132,0.36236582400007633,2,3,2289,1,1.5,2292
9671,764548757,3.096732988418198,2459284.7215225925,0.004166666666666667,0.1,0.015094920115178883,15.094920115178883,0.7074154940504961,0.00022785661328363207,5.199977832887223,0.004105294567760017,0.0027689832508835943,2,2,2290,1,1.0,2292
9679,765190582,0.9541441639539443,2459283.0694392594,0.004166666666666667,0.1,0.0068843936587235635,6.884393658723564,0.31691988276953187,0.00023697438024136605,5.4371665628009715,0.004003990685098916,0.0027006547181295804,10,10,2282,1,1.0,2292
9684,765200858,2.7095695313579236,2459285.12996647,0.02423469387755102,0.5816326530612245,0.004289192177241578,4.289192177241578,0.22458925765569754,0.0001839716953331035,5.630284915038624,0.0034069058392604277,0.002297926506988013,5,20,2271,4,4.0,2291
9689,767020869,0.24602899285037397,2459282.8731892593,0.004166666666666667,0.1,0.003370142524038184,3.370142524038184,0.16574282111206462,0.00021012042169811352,5.031740536555619,0.00407409255665175,0.002747937782713983,37,37,2254,1,1.0,2291
9705,766171697,6.2202912580598895,2459283.0760974223,0.04931972789115646,1.183673469387755,0.004698185204032241,4.698185204032241,0.2142318095893172,0.0002428023863252622,5.012164007428334,0.004396592348315563,0.0029654609121243514,3,22,2269,7,7.0,2291
9707,765334873,13.523531018643986,2459292.5802300754,0.059353741496598646,1.4244897959183676,108.90614481586358,108906.14481586359,0.40879444226720923,35581.64513596155,123.6676211694563,2.157108563501691,1.4549497932697228,1,6,2241,6,6.0,2247
9732,765338135,5.578900831871082,2459283.98871647,0.014200680272108843,0.3408163265306122,0.008283070011420477,8.283070011420477,0.3785429693160749,0.0002401323708493263,5.16476365342981,0.004243164801510767,0.002861975449555354,3,7,2285,2,2.0,2292
9753,765185553,0.2743142492717862,2459282.8785634087,0.02423469387755102,0.5816326530612245,0.016368895924190507,16.368895924190507,0.07351738784793083,0.02719598650836353,20.3926755260357,0.011436501657558835,0.0077138146887621994,58,203,2089,3,3.5,2292
9764,764562810,0.9877611310936041,2459283.8146348377,0.06938775510204082,1.6653061224489796,0.0015254290335220554,1.5254290335220553,0.08244827157337926,0.00018382776516865051,5.329787076529652,0.00359758192112402,0.0024265357622582084,16,158,2134,8,10.0,2292
9765,765196136,2.084690827621505,2459283.6442606878,0.01921768707482993,0.46122448979591835,0.003965386656595871,3.965386656595871,0.20956902914588546,0.00018082935036754867,4.86647768769083,0.003907821539576385,0.0026357895181278734,8,23,2268,2,3.0,2291
9766,767023893,3.351785219560495,2459283.140451164,0.009183673469387756,0.22040816326530616,0.009469861023983138,9.469861023983137,0.44770219347753915,0.0002241956695338874,5.137445342592406,0.004121747595355793,0.002780080665962359,4,5,2287,1,1.0,2292
9774,766173808,1.4600433853976145,2459283.6202725926,0.004166666666666667,0.1,0.008798096713932847,8.798096713932846,0.4087836982879843,0.00023221951736314785,5.477690999003597,0.003934294150712962,0.0026536450497187114,6,6,2286,1,1.0,2292
9775,764705207,0.9684090228748682,2459283.054855926,0.004166666666666667,0.1,0.005546690371461117,5.546690371461117,0.31691988276953187,0.00015382887038429733,4.992871235880911,0.00351304374194378,0.00236951554157816,10,10,2282,1,1.0,2292
9780,765345260,4.085142721811703,2459284.9990225923,0.004166666666666667,0.1,2884.5182638107112,2884518.2638107114,1.0002277644944695,4160222.80712878,3435.002051130266,0.8397428068089736,0.5663987635295924,1,1,2195,1,1.0,2196
9784,765199440,8.881506029548754,2459283.295723273,0.014200680272108843,0.3408163265306122,0.00756022761756403,7.56022761756403,0.3785432224045509,0.00020004964570282264,4.994819936092677,0.004004645289928951,0.0027010962430385477,3,7,2284,2,2.0,2291
9786,765360596,1.283839037237226,2459283.890961368,0.06938775510204082,1.6653061224489796,0.0016647822064826824,1.6647822064826823,0.09304710240675579,0.00016906148749630225,4.989631819684704,0.0036852659975927364,0.002485677861589597,13,122,2169,2,10.0,2291
9797,765425055,0.6986707963454328,2459283.0374919805,0.06938775510204082,1.6653061224489796,0.0014743395724323236,1.4743395724323236,0.06951828636648674,0.0002499728751065916,5.569904744698671,0.004014335559555551,0.0027076322403585262,23,230,2062,10,10.0,2292
9798,765345227,4.10540030557449,2459284.194430756,0.18477891156462584,4.43469387755102,0.021243818193782002,21.243818193782,0.08934189604784662,0.030011437461455803,6.2074684278041605,0.039467887097455995,0.026620725143299606,5,133,2159,26,27.0,2292
9802,766173885,1.6039211382005887,2459284.221301504,0.029251700680272108,0.7020408163265306,0.003402839980296921,3.4028399802969207,0.1522238896655974,0.0002547450384931573,6.049725841634719,0.0037310594667263903,0.0025165651333646233,10,44,2248,4,4.0,2292
9804,765345339,11.600949487968418,2459292.905519191,0.04931972789115646,1.183673469387755,1.2506773248747762,1250.6773248747763,0.35417257388828655,6.256775083823706,7.424801057470876,0.4764369634417907,0.32135232931457625,1,8,2282,8,8.0,2290
9811,767018819,4.95438794364651,2459286.712594021,0.11454081632653063,2.748979591836735,0.0028747352410907587,2.8747352410907587,0.1444098112849974,0.00020247051630604398,5.678544717497525,0.0035437154568192554,0.002390203329838969,3,49,2242,16,16.0,2291
9836,765196649,0.6649512817453793,2459283.4078831365,0.01921768707482993,0.46122448979591835,0.0023378871064899387,2.337887106489939,0.12224074045787213,0.0001885672062328705,4.823691600710299,0.0040259515812988925,0.0027154671396862895,24,69,2222,2,3.0,2291
9842,766174494,5.309649806872581,2459283.5499154497,0.014200680272108843,0.3408163265306122,0.008196743708343106,8.196743708343107,0.4087836982879843,0.00020155982226078686,4.91341762974914,0.004086328733027745,0.0027561909706109167,3,6,2286,2,2.0,2292
9844,765342428,11.543706055297235,2459282.9122768105,0.029251700680272108,0.7020408163265306,35.893084538815785,35893.08453881578,0.5004440498210891,2576.6270354211533,91.72670795795567,0.782609238636754,0.5278626997415041,1,4,2251,4,4.0,2255
9861,767039418,4.600085093912357,2459286.687185858,0.009183673469387756,0.22040816326530616,0.008820064128989101,8.8200641289891,0.44770219347753915,0.00019448382809870068,4.941027447064094,0.003991530743276049,0.0026922506025064408,4,5,2287,1,1.0,2292
9867,765424910,3.4357184182573337,2459284.824226674,0.01921768707482993,0.46122448979591835,0.005567600654254664,5.567600654254664,0.2590479511960758,0.00023248632783942722,5.020583131387385,0.0042949641601299545,0.00289691363829081,5,15,2277,3,3.0,2292
9880,804760935,3.1586162531346837,2459284.888189259,0.004166666666666667,0.1,4092.307626970482,4092307.626970482,1.0002273502359715,8373490.856880389,1756.4002951099485,2.3299401841163485,1.5715231243196741,1,1,2199,1,1.0,2200
9897,817838793,0.7713262592379319,2459283.1785974223,0.059353741496598646,1.4244897959183676,0.03162595390456424,31.62595390456424,0.07745044235535063,0.0905181869138128,6.6604504984649315,0.06388211939419917,0.043087899227167936,21,181,2111,8,9.0,2292
9901,804763309,0.5090763324418187,2459283.066233477,0.04931972789115646,1.183673469387755,0.01274884356710464,12.74884356710464,0.07020140583398292,0.01828496388358185,16.944027424860877,0.011286139281502005,0.007612396655538922,32,225,2067,5,7.0,2292
9905,817838788,3.3187889000449653,2459285.846939259,0.004166666666666667,0.1,406.43329289666417,406433.2928966642,1.0002411672529938,82594.0107874128,1176.0126980787602,0.34560280986816727,0.2331059017052255,1,1,2073,1,1.0,2074
9915,804757345,0.6551564161469298,2459283.2581127286,0.034268707482993196,0.8224489795918367,0.37610802832765405,376.10802832765404,0.09490404976580862,8.275249064892153,4.931625953999006,0.8249267851403391,0.5564054938218934,24,117,2175,4,5.0,2292
9925,805253224,9.194424462240063,2459286.988605926,0.04430272108843538,1.063265306122449,0.004678427588733422,4.678427588733422,0.2680816028391155,0.00015321379292115416,5.025059254801805,0.0034835555678560514,0.00234962604064215,2,14,2277,7,7.0,2291
9945,817969458,0.6359974006696201,2459283.4577725925,0.02423469387755102,0.5816326530612245,0.5870502978063759,587.0502978063759,0.11116593752369976,14.474378190491292,5.405993232822819,0.9952666644532061,0.6712981683887806,25,84,2207,1,3.0,2291
9960,804761560,7.848374303531278,2459290.4236994633,0.034268707482993196,0.8224489795918367,2.3000874466071495,2300.0874466071496,0.44770498516088336,13.226005655099492,9.351109065852366,0.5500044806010077,0.37097293983610397,1,5,2274,5,5.0,2279
9969,806464267,1.652238238048505,2459283.8852300756,0.1647108843537415,3.9530612244897965,0.025593199819205752,25.59319981920575,0.06885828940736023,0.07696389554583072,19.405749528312082,0.020217530035567713,0.013636537188430942,10,235,2057,23,23.5,2292
9989,812788884,11.150833350637186,2459283.263435858,0.2349489795918367,5.638775510204081,0.0048983929143111195,4.89839291431112,0.12399683741706509,0.0008038074802896083,7.9069861894333044,0.0050708415391516595,0.00342023576092787,2,67,2223,33,33.5,2290
10005,805097738,4.509960729073031,2459287.1909103477,0.059353741496598646,1.4244897959183676,0.0034706626638975886,3.470662663897589,0.17278550495547612,0.000204773488551736,5.1385232444560565,0.0039383429973303,0.0026563759593486447,4,34,2257,8,8.5,2291
10013,804758014,13.324326697394477,2459292.7931042253,0.16972789115646258,4.073469387755102,4.719723160691313,4719.723160691313,0.2508869207458466,178.20629370852797,19.672143635403366,0.959676433471616,0.6472928864640605,1,16,2251,16,16.0,2267
10039,817947310,8.794072918077328,2459288.3533312324,0.009183673469387756,0.22040816326530616,1818.4658780957373,1818465.8780957372,0.7074294400129159,3306818.149798501,672.0360731815834,3.826727775699059,2.5810925237414404,2,2,2191,1,1.0,2193
10069,805097590,3.9461110224291622,2459283.5688839536,0.004166666666666667,0.1,0.015574265992437365,15.574265992437365,0.7074157638454651,0.00024255776120319102,5.1762978850849475,0.004255036838968463,0.0028699830291167294,2,2,2288,1,1.0,2290
10076,804763976,2.15813987829545,2459283.8301450415,0.08945578231292517,2.146938775510204,0.001905025369245196,1.905025369245196,0.10036146176002758,0.00018871432618832536,5.104729613282952,0.003805788853691485,0.0025669694143339306,8,104,2188,13,13.0,2292
10095,804763409,1.9645466220384815,2459283.5490225926,0.004166666666666667,0.1,1007.0208765734869,1007020.876573487,1.0002242906835426,507045.522927417,1305.0125139310114,0.7716561073733292,0.52047491391699,1,1,2229,1,1.0,2230
10163,805110916,0.6917928004947898,2459283.1111144293,0.014200680272108843,0.3408163265306122,0.0029595232928685115,2.9595232928685116,0.14298961616167252,0.00021896945302578194,5.675435530439619,0.0036872923289197595,0.002487044603345312,24,50,2242,2,2.0,2292
10177,812841335,0.6519236288448479,2459283.5077300756,0.06437074829931973,1.5448979591836736,0.01761047693551198,17.61047693551198,0.07020140583398292,0.03488950101332244,78.96600907758187,0.003337758708085811,0.002251287405966418,25,224,2068,1,9.0,2292
10211,817639121,1.2712004102655536,2459284.026105926,0.004166666666666667,0.1,1.1839857612724014,1183.9857612724013,0.44770219347753915,3.5045557072394695,5.592754134482552,0.47337547529109725,0.3192873838466864,5,5,2287,1,1.0,2292
10230,804760520,3.286117409547481,2459284.406318511,0.11955782312925171,2.869387755102041,0.24609418335458372,246.09418335458372,0.10991458562715484,2.6041809244812573,5.355437231144758,0.42614327680265757,0.2874297024164694,5,86,2206,17,17.0,2292
10232,817640246,0.21001071174607472,2459282.9101450415,0.01921768707482993,0.46122448979591835,0.019819410489799967,19.819410489799967,0.07240471645336292,0.041244948377135264,4.738179392639976,0.06061622418543441,0.04088508308743721,76,210,2081,2,3.0,2291
10247,817524406,9.518367820793292,2459285.858223273,0.079421768707483,1.906122448979592,0.22721677463863493,227.21677463863494,0.20956856552196282,0.5937158207876185,5.5621896192700335,0.1959108633517632,0.13214006701184622,2,23,2269,11,11.5,2292
10271,811196429,0.5141377105013923,2459282.9823899395,0.04931972789115646,1.183673469387755,0.03892474096333232,38.924740963332326,0.07062291619541151,0.1681800359559399,51.66337101835515,0.011225856284269493,0.007571736330952039,31,222,2070,7,7.0,2292
10287,806485142,3.469877283466469,2459285.871726674,0.014200680272108843,0.3408163265306122,1.5018183418687345,1501.8183418687345,0.35417203216978954,9.02183332789342,5.504511021907031,0.7716913850617082,0.5204987083918172,4,8,2284,2,2.0,2292
10301,805187828,2.0641682940659947,2459283.980196062,0.014200680272108843,0.3408163265306122,0.0049250074504575535,4.925007450457554,0.2508771956776304,0.0001940455870964993,5.10756270047128,0.0038570314173553806,0.002601532050017119,8,16,2276,2,2.0,2292
10309,817516964,6.098423990976037,2459283.2734103478,0.06938775510204082,1.6653061224489796,0.5905467510389849,590.5467510389849,0.18378090211530831,5.231181977440512,4.939348201452089,0.6548551825326845,0.44169376941365474,3,30,2262,10,10.0,2292
10319,806486415,3.1586162531346837,2459285.1474919803,0.014200680272108843,0.3408163265306122,0.09932303180048911,99.3230318004891,0.30223748132515155,0.05425785555322535,5.384755039371098,0.061175898831831284,0.041262578464745236,5,11,2281,2,2.0,2292
10344,805079060,1.9260574391442842,2459284.086752184,0.10450680272108842,2.508163265306122,0.0018999235866656871,1.8999235866656872,0.09414645307028784,0.00021477772329253224,5.6559292475569265,0.003664423393502416,0.002471619717727247,8,119,2173,14,15.0,2292
10380,813800259,2.8752765067816846,2459284.4090225925,0.004166666666666667,0.1,4849.082720868478,4849082.720868478,1.0002300701744464,11756801.61691262,456.5849000181825,10.62033089722278,7.1633150527605425,1,1,2173,1,1.0,2174
10406,813800061,9.75672052099316,2459285.2515225927,0.004166666666666667,0.1,2.1105455143494867,2110.545514349487,0.7074156288890605,4.454402368140739,5.0164630789932465,0.5949933336293498,0.40131750548317136,2,2,2289,1,1.0,2291
10426,817513153,2.59158712252413,2459285.387355926,0.004166666666666667,0.1,3583.143663634476,3583143.6636344763,1.00022489598845,6419459.257121948,468.7507989282646,7.644026787424896,5.155825433309657,1,1,2223,1,1.0,2224
10467,811605734,2.8895345532304195,2459284.831743681,0.2399659863945578,5.759183673469387,0.06523029584761497,65.23029584761497,0.07928210139482707,0.36592926868759423,121.09939582668582,0.007064340032793265,0.004764832073919645,5,172,2120,34,34.0,2292
10479,805087401,1.0850985480972564,2459283.8016756536,0.009183673469387756,0.22040816326530616,0.004500497962191691,4.500497962191691,0.23663368898339643,0.00018229033716922406,5.106730445414287,0.0037389864162181924,0.0025219117875476815,15,18,2273,1,1.0,2291
10481,806084789,10.77133147864799,2459284.0762674906,0.14965986394557823,3.5918367346938775,0.0026894320059513734,2.689432005951373,0.1522238896655974,0.00015912697932198383,5.098823855265998,0.003498782117645145,0.002359896207773604,2,44,2248,22,22.0,2292
10484,819432803,1.7360228293713573,2459283.7524409597,0.13460884353741495,3.2306122448979586,0.006573643105545257,6.573643105545257,0.07949483590381667,0.0036946930045615705,46.10219903802242,0.001864586500375565,0.0012576463647481217,9,171,2121,19,19.0,2292
10486,813798045,7.96571081978112,2459285.6103151096,0.08945578231292517,2.146938775510204,0.692523738489642,692.523738489642,0.2010997553485213,5.994864104645876,5.592613334861677,0.6191414433863863,0.41760518237311905,2,25,2267,12,12.5,2292
10494,805822950,0.34101424850069306,2459283.130213069,0.029251700680272108,0.7020408163265306,0.015603204541861116,15.603204541861116,0.07452160157265436,0.0239808092095528,30.15007281859397,0.007263710878209012,0.004899305866861603,47,197,2095,3,4.0,2292
10519,813814281,7.215376703773205,2459284.799855926,0.004166666666666667,0.1,2142.719425862533,2142719.425862533,0.7074327119626417,4591246.5379686635,248.2640777268794,12.205804803338253,8.232702551826693,2,2,2169,1,1.0,2171
10522,813698726,3.5217534168554234,2459285.305119531,0.014200680272108843,0.3408163265306122,0.12635821126553703,126.35821126553704,0.35417203216978954,0.06386559021690436,5.6883411173175515,0.06282938818310375,0.042377841753071466,4,8,2284,2,2.0,2292
10575,805268338,11.206128589018785,2459292.935451164,0.1998299319727891,4.795918367346938,0.004681042575559787,4.681042575559787,0.1780321159185639,0.0003505945535072545,10.315461694650015,0.0025670179745171896,0.0017314299032221703,2,32,2245,3,16.0,2277
10588,808250761,6.068332081387963,2459286.758818511,0.009183673469387756,0.22040816326530616,6.918568719845006,6918.568719845006,0.577728818199277,71.79988969682665,7.078951290307034,1.6928090118145966,1.1417840360276519,3,3,2287,1,1.0,2290
10600,806175735,2.9327343172767204,2459284.989328715,0.12959183673469388,3.110204081632653,0.01536708425152575,15.36708425152575,0.10586519887156388,0.010980848445297318,61.269847785405574,0.002418723060248389,0.0016314063538704904,5,93,2199,18,19.0,2292
10676,815368077,8.62178040176251,2459288.8723899396,0.16972789115646258,4.073469387755102,0.02066008913325058,20.66008913325058,0.2010997553485213,0.005335491037423233,48.44667190238183,0.0021322506089664797,0.0014381833326362337,1,25,2267,25,25.0,2292
10685,813713266,1.396468919558117,2459283.3502300754,0.01921768707482993,0.46122448979591835,0.4861765436510427,486.17654365104266,0.17534452957670782,3.900065921341824,5.666764196769757,0.4928512137266581,0.33242358945545536,12,33,2259,2,3.0,2292
10728,813203415,11.950420681651691,2459288.7813270143,0.12457482993197279,2.989795918367347,0.00933878129180399,9.33878129180399,0.16799119080810546,0.0015698310482906675,30.877013242574144,0.0018147055646419974,0.0012240021345217844,2,36,2256,18,18.0,2292
10753,804922213,8.044908125573683,2459290.435961368,0.009183673469387756,0.22040816326530616,5.745503177780664,5745.503177780664,0.7074172561877593,33.01080676588771,12.989250663518913,0.6255455935957657,0.4219247225116456,1,2,2277,2,2.0,2279
10777,806344229,0.7268734418543599,2459283.1623899397,0.06938775510204082,1.6653061224489796,0.013439775408333536,13.439775408333537,0.07149353256085755,0.019507776806856263,21.391235234966036,0.009233854421144614,0.006228149481414147,22,216,2076,6,10.0,2292
10839,804921620,12.87085324248289,2459292.412321912,0.14965986394557823,3.5918367346938775,0.04285591052281101,42.85591052281101,0.15573685579838914,0.03856921040152285,7.259904117305054,0.0382564341077835,0.025803611296225215,2,42,2250,21,21.0,2292
10874,808265930,2.7095695313579236,2459285.351939259,0.004166666666666667,0.1,5204.761486051659,5204761.486051659,1.0002278682950847,13544771.063343335,1303.6318555140963,3.9925086703248174,2.6929102052642775,1,1,2194,1,1.0,2195
10884,812398560,13.590592093625807,2459292.5408508237,0.2449829931972789,5.8795918367346935,0.007348316017413343,7.348316017413343,0.16799119080810546,0.000971959469251923,33.65026338999006,0.001310239257075042,0.000883744271600595,1,36,2256,36,36.0,2292
10900,813477175,3.066247505475014,2459284.5815225923,0.004166666666666667,0.1,19649.63648620412,19649636.486204118,1.0002242906835426,193054107.01998207,4359.6293579279045,4.507180513057061,3.040051607349967,1,1,2229,1,1.0,2230
10910,813350649,1.4892200214376063,2459282.9752725926,0.004166666666666667,0.1,0.09172174416424853,91.72174416424852,0.3785429693160749,0.029445074233861505,4.923170572286937,0.04929200020850868,0.03324699865675751,7,7,2285,1,1.0,2292
10984,804930812,1.6440854753427832,2459283.933971572,0.1596938775510204,3.83265306122449,0.3550448436530983,355.04484365309827,0.0696699668973199,14.43350829503277,9.192663144882143,0.5844664745494013,0.39421723630743377,10,229,2053,22,23.0,2282
11018,813323066,11.543706055297235,2459282.996088919,0.014200680272108843,0.3408163265306122,1.5170642756310557,1517.0642756310558,0.5777284875526205,3.45222602459397,7.216028992125476,0.3641382825107936,0.24560790672520816,1,3,2289,3,3.0,2292
11098,815212897,0.16157821359169738,2459282.922245382,0.014200680272108843,0.3408163265306122,0.016512064312835424,16.512064312835424,0.07384689874752944,0.027401150921056928,32.960754464830785,0.007102353039389352,0.004790471495608628,99,201,2091,1,2.0,2292
11120,815448434,1.2038794049293657,2459283.16291715,0.11955782312925171,2.869387755102041,0.023491560274160238,23.49156027416024,0.06898849848111081,0.0645668482813969,35.69010780768043,0.010068665935795262,0.0067912221339506695,15,234,2058,1,17.0,2292
11130,819600952,0.9684090228748682,2459283.1663355175,0.09447278911564626,2.26734693877551,0.01117095597736925,11.17095597736925,0.07020140583398292,0.014038903962936198,106.190135044252,0.0015779652186213966,0.0010643229587355973,17,225,2067,7,14.0,2292
11166,812307534,13.324326697394477,2459286.9140225924,0.25,6.0,0.008786620553649748,8.786620553649747,0.12310776840114908,0.002624959825629887,33.801825619819674,0.0021435626017595145,0.0014458131672464014,2,68,2224,32,34.0,2292
11223,808197213,3.9656791697419376,2459286.706105926,0.004166666666666667,0.1,271.5713465225329,271571.3465225329,1.0002254029105602,36875.49812603082,102.53316648803352,2.648619523071372,1.7864693936809473,1,1,2218,1,1.0,2219
11269,808470454,6.251136709435749,2459287.347951164,0.14464285714285716,3.4714285714285715,0.029808727292971692,29.808727292971692,0.21922494441419949,0.009329882339680932,72.27721705454253,0.0018899558499500038,0.0012747577566100121,1,21,2270,21,21.0,2291
11276,808479326,2.5033863456409566,2459283.6955276947,0.18477891156462584,4.43469387755102,0.006562296785463757,6.562296785463757,0.08173397935320782,0.0034666309975908906,39.24726481304435,0.002121579987865164,0.00143098609730552,6,161,2131,26,27.0,2292
11279,811902918,6.765991032000867,2459286.7102555856,0.2449829931972789,5.8795918367346935,0.013972035984716772,13.972035984716772,0.12399520690968481,0.006539795950200383,66.79752422423265,0.0017121299749417,0.0011548158471210712,2,67,2225,31,33.5,2292
11284,811901074,13.456800848139817,2459286.7640225925,0.25,6.0,0.01577775252178829,15.777752521788289,0.12310776840114908,0.00846387413771909,62.906030511696414,0.0020682703916627787,0.0013950292672755826,2,68,2224,32,34.0,2292
11290,808186248,0.3636638376623721,2459282.884583817,0.034268707482993196,0.8224489795918367,0.011995699993316086,11.995699993316085,0.07194328434087267,0.015325011152107037,24.94108344162315,0.007019401467069624,0.004734521426594918,44,213,2079,2,5.0,2292
11356,805988504,2.24525566195868,2459283.8909868784,0.14464285714285716,3.4714285714285715,0.027911805377815107,27.911805377815107,0.08934189604784662,0.051808080483360386,123.93143053854456,0.0025973608248619994,0.0017518958753959257,7,133,2159,8,21.0,2292
11366,805433743,0.33104182496337603,2459283.0921858577,0.029251700680272108,0.7020408163265306,0.006502252209311923,6.502252209311923,0.07368150343896683,0.0042702076631436795,17.392604251551933,0.0053134289836711136,0.0035838587506212827,48,202,2090,3,4.0,2292
11402,808226020,4.509960729073031,2459283.809175654,0.02423469387755102,0.5816326530612245,0.08389809756664297,83.89809756664297,0.27814001126338433,0.045752790039462636,4.827968347174566,0.06265552525161869,0.04226057281236928,4,13,2279,3,3.0,2292
11403,804932384,0.7637330138378372,2459282.961105926,0.004166666666666667,0.1,1.1751697670071217,1175.1697670071217,0.26808124326656235,9.66716786901301,5.140525130318795,0.8553761586538375,0.5769433148885995,14,14,2278,1,1.0,2292
11411,808195771,3.1586162531346837,2459284.8965225928,0.004166666666666667,0.1,4360.264122697109,4360264.122697109,1.0002261164528616,9505951.609839795,836.2663889465423,5.21396552621205,3.516771567659551,1,1,2211,1,1.0,2212
11423,814833881,0.3654671897493404,2459282.9119987832,0.034268707482993196,0.8224489795918367,0.006314843386944729,6.314843386944729,0.07048141748466372,0.004446313040682813,18.407793073112224,0.005122869491034447,0.0034553281337073027,45,223,2069,4,5.0,2292
11425,815523053,2.2012668582072634,2459282.892687707,0.14965986394557823,3.5918367346938775,0.005550671760488442,5.550671760488442,0.08104002583686552,0.0025264164734000766,32.955006572733026,0.0021238444484810294,0.00143251345506612,8,159,2133,12,21.0,2292
11429,812518513,0.3478288738142049,2459283.095451164,0.009183673469387756,0.22040816326530616,0.22852377583816536,228.52377583816536,0.12977546808411633,1.5928050417616273,4.870472060073517,0.36645888204726806,0.24717312966900584,46,61,2231,1,1.0,2292
11520,804917116,0.2559602344402212,2459282.918605926,0.004166666666666667,0.1,0.8432938549421641,843.2938549421641,0.16358314459883402,13.511745989881097,5.971132789638907,0.8705906619667604,0.587205356783192,38,38,2254,1,1.0,2292
11537,812215300,0.8515372351356052,2459283.680451164,0.009183673469387756,0.22040816326530616,0.3467702368451344,346.77023684513443,0.2142313564558342,1.3227455687779368,4.914873989867915,0.33093352694070455,0.2232116059225041,17,22,2270,1,1.0,2292
11568,814329107,11.373664952401914,2459292.5408508237,0.2449829931972789,5.8795918367346935,0.0050039996185498176,5.003999618549818,0.12056101149502675,0.0008889204324768585,22.496860241179792,0.0018742371068135738,0.001264155609613904,2,71,2220,35,35.5,2291
11573,804917330,2.301479875998591,2459284.461599123,0.014200680272108843,0.3408163265306122,2.076335460817944,2076.3354608179443,0.26808124326656235,30.178182620950448,5.669611197265137,1.3702766634399295,0.9242389474166529,7,14,2278,2,2.0,2292
11607,816013381,10.718181692165734,2459293.420179055,0.2098639455782313,5.036734693877551,0.005024523436702855,5.024523436702855,0.18379761376806283,0.000378687536489644,14.323224539466112,0.0019213863606009733,0.0012959573456097218,1,30,2231,30,30.0,2261
11620,812218162,12.744147395238247,2459292.3043797356,0.039285714285714285,0.9428571428571428,0.5029533342699022,502.9533342699022,0.2894344742702702,1.5177723387192719,5.9338833611869495,0.2936157237230865,0.19804109248825474,2,12,2278,6,6.0,2290
11628,806882864,0.4074839173549353,2459282.9072368783,0.039285714285714285,0.9428571428571428,0.03449605165176608,34.49605165176608,0.06992530189296996,0.13506245528020905,18.24066089115364,0.028493234248283743,0.019218423208069435,40,227,2065,5,6.0,2292
11659,812159322,11.950420681651691,2459291.909260688,0.04931972789115646,1.183673469387755,4.205195202569167,4205.195202569166,0.25904869639939726,132.62750018783052,7.3172914860564,2.22577589236906,1.5012652720687036,2,15,2275,7,7.5,2290
11722,812190866,10.612667608006548,2459283.098036198,0.029251700680272108,0.7020408163265306,225.96120681749218,225961.20681749217,0.5004458315642788,102116.93397283496,81.03658720290424,5.576770064408488,3.761479876169222,2,4,2242,1,2.0,2246
11725,812049266,5.362439817572197,2459285.401105926,0.004166666666666667,0.1,7932.097357354668,7932097.357354668,1.000225504569334,31459084.243276455,1015.8271375769798,7.808510979805923,5.266768501150629,1,1,2217,1,1.0,2218
11743,811947299,0.9636305298078485,2459283.3930702116,0.09447278911564626,2.26734693877551,0.010806519188117755,10.806519188117754,0.07134579624420033,0.012670722980502558,44.094896718152604,0.003610167615811324,0.002435024697026389,16,217,2075,13,14.0,2292
11808,812005636,1.8150555400294508,2459284.330221572,0.02423469387755102,0.5816326530612245,0.07451943509832856,74.51943509832856,0.19359374509727786,0.07496747379954903,5.413803844183361,0.07152352659414066,0.04824195777292639,8,27,2265,3,3.0,2292
11829,808629526,6.73260509643621,2459284.941454565,0.01921768707482993,0.46122448979591835,1.0216188493429663,1021.6188493429663,0.35417203216978954,4.174820293331386,5.16260471909395,0.5597125137135747,0.37752091846322317,3,8,2284,2,3.0,2292
11840,812003054,0.5141377105013923,2459283.1206892594,0.004166666666666667,0.1,0.07841646455458315,78.41646455458314,0.25087758058375886,0.049193135305921565,4.894281686504,0.0640882315955102,0.04322692000236761,16,16,2275,1,1.0,2291
11869,812007039,1.7883194082911298,2459284.148818511,0.009183673469387756,0.22040816326530616,1.0288631411461817,1028.8631411461818,0.2894338090558209,6.351356179255127,4.851505557710409,0.7346351409071055,0.4955046141286291,9,12,2280,1,1.0,2292
11886,812059352,6.5034709898525485,2459285.602355926,0.004166666666666667,0.1,1.1835190563001947,1183.5190563001947,0.7074156288890605,1.4007173566257034,4.948237537334014,0.3382514861338924,0.2281475017765361,2,2,2289,1,1.0,2291
11891,812060535,1.1686738515937125,2459282.9352725926,0.004166666666666667,0.1,0.6037184207712579,603.7184207712579,0.35417230291049984,1.4579037263141665,4.837373720088563,0.3529959965522567,0.23809253780672923,8,8,2283,1,1.0,2291
11927,806011565,0.3181974222097794,2459282.937151844,0.029251700680272108,0.7020408163265306,0.015725255101540065,15.725255101540066,0.07164235088404161,0.026582992160915024,30.940233873383836,0.007452351611566598,0.005026542298372183,51,215,2077,4,4.0,2292
11931,811994970,10.404745383113742,2459292.6446348373,0.009183673469387756,0.22040816326530616,13.327311825099718,13327.311825099718,0.5777289837394939,266.42586072516417,8.675892328060176,2.660657870859887,1.794589148023666,2,3,2286,1,1.5,2289
11952,815832142,2.578799260365644,2459283.7235889193,0.12457482993197279,2.989795918367347,0.14973014026231712,149.73014026231712,0.0985765918618978,1.2106322047605507,828.9461948140425,0.0018771317992497122,0.001266108052913606,6,108,2183,18,18.0,2291
11957,808638816,1.396468919558117,2459283.3829001435,0.01921768707482993,0.46122448979591835,0.28657607489798786,286.57607489798784,0.16799119080810546,1.4782652406708687,4.889960651630384,0.3516299152253169,0.23717112857501477,12,36,2256,3,3.0,2292
11998,809626579,9.805102571918539,2459291.5931807556,0.014200680272108843,0.3408163265306122,1108.820291764628,1108820.2917646281,0.5004553735005787,2458964.87885799,210.68380964149932,10.525918376465686,7.099634679930991,2,4,2195,1,2.0,2199
12006,809627725,1.9939174251787803,2459284.3352725925,0.004166666666666667,0.1,1.0156758243440234,1015.6758243440233,0.37854347571457325,3.61059083054919,5.057426770648421,0.5313424723162675,0.358385587694771,7,7,2283,1,1.0,2290
12009,812016769,5.690386258059553,2459286.3857913,0.014200680272108843,0.3408163265306122,0.964236468905255,964.236468905255,0.408783932448616,2.7892559039006244,4.804980634635741,0.49154981461854413,0.3315458077826414,3,6,2285,2,2.0,2291
12095,808676775,5.283450004732033,2459287.488189259,0.004166666666666667,0.1,6126.225544272617,6126225.544272617,1.000223289050455,18765319.709649164,4547.397746142275,1.3471936888453886,0.9086696943514021,1,1,2239,1,1.0,2240
12122,804957398,8.36965004008368,2459286.8221858577,0.009183673469387756,0.22040816326530616,531.7421016658178,531742.1016658178,0.7074340696933976,282749.66268398095,710.5113968780057,1.0583882189150726,0.7138730735971083,1,2,2160,2,2.0,2162
12123,804957163,2.7637159525068764,2459285.450689259,0.004166666666666667,0.1,4408.4266475884815,4408426.647588481,1.0002253013434017,9717112.75358411,847.7592025031306,5.200092944520059,3.507414639498219,1,1,2219,1,1.0,2220
12129,805271996,1.362353753811012,2459283.8100430006,0.12959183673469388,3.110204081632653,0.014284287049997435,14.284287049997435,0.07034091773984048,0.022852575930993137,75.92464598285014,0.002815787019540129,0.0018992223253339602,12,224,2068,18,19.0,2292
12131,807183605,0.5402095063030107,2459283.1451450414,0.04931972789115646,1.183673469387755,0.006580850641518797,6.580850641518797,0.07303413749058224,0.004460682302095772,27.66726744180006,0.0034138888425644296,0.0023026364781899566,30,206,2085,1,7.0,2291
12205,809607596,0.6849825143969644,2459283.298189259,0.04430272108843538,1.063265306122449,0.20334050138097468,203.34050138097467,0.08552951708677575,3.01835724363623,4.777375404652425,0.5142933971836035,0.34688614406016693,23,146,2146,6,6.0,2292
12233,804990078,0.2559602344402212,2459282.9948899397,0.02423469387755102,0.5816326530612245,0.01027806421425118,10.278064214251179,0.07119912949220913,0.011514607835157507,21.664315200621964,0.007004781739917575,0.004724660555724791,62,218,2074,3,4.0,2292
12252,804968741,1.3094945106964637,2459283.813605926,0.004166666666666667,0.1,0.8392761890072509,839.2761890072509,0.3785429693160749,2.4653458250208713,5.3091992694410415,0.4182393548858086,0.2820985801199303,7,7,2285,1,1.0,2292
12270,816031193,7.732766177673347,2459289.1198899397,0.17474489795918366,4.193877551020408,0.009264460810156019,9.264460810156018,0.14298961616167252,0.002145755852572918,29.015494260067445,0.0022577465006047115,0.001522829151898497,2,50,2242,25,25.0,2292
12288,808689000,3.3684061981807982,2459285.811939259,0.004166666666666667,0.1,1291.7194218316588,1291719.4218316588,1.0002215084754158,834269.5323685574,427.21075644053445,3.0236116538686906,2.0393981207801772,1,1,2257,1,1.0,2258
12299,816047852,11.31754302681275,2459292.819583817,0.2048469387755102,4.916326530612245,0.004595266779064306,4.595266779064306,0.143009339497036,0.000527911919269301,10.85548476491298,0.0029932742491059847,0.002018935821601231,2,50,2214,20,25.0,2264
12342,808611330,0.6782392714899631,2459283.4691076265,0.06437074829931973,1.5448979591836736,0.016417947500440566,16.417947500440565,0.07194328434087267,0.02870696851354921,72.53428645008228,0.00330343161819557,0.002228134101035728,23,213,2079,8,9.0,2292
12357,816633058,3.0210810654181173,2459283.2946603475,0.0844387755102041,2.0265306122448985,0.015132259673369923,15.132259673369923,0.11740695603034829,0.008586948105836162,81.96941182785157,0.0015987575122929421,0.0010783471686853785,6,75,2217,12,12.5,2292
12373,809478569,2.5033863456409566,2459285.1586059257,0.004166666666666667,0.1,1.423290339871263,1423.290339871263,0.5004368720798488,4.051510783141711,5.662179905137929,0.5027358239111239,0.3390906676859058,4,4,2288,1,1.0,2292
12412,809389019,0.527012408546248,2459283.189532797,0.04931972789115646,1.183673469387755,0.00518656082974153,5.18656082974153,0.0709089559088274,0.0029590454564670057,15.426885488835541,0.004986692175370799,0.0033634777926418447,31,220,2072,7,7.0,2292
12426,814296972,2.430178762597056,2459285.0007147696,0.22491496598639457,5.3979591836734695,0.033198604662053356,33.198604662053356,0.0753957811122334,0.10580614574470185,182.40230434881678,0.0025219712095349922,0.0017010462764973644,6,192,2100,32,32.0,2292
12429,805391266,0.3916735660475164,2459283.0010974226,0.034268707482993196,0.8224489795918367,0.012267053317545133,12.267053317545132,0.07319293316108837,0.015424261202288242,18.55758422700035,0.009464457885565625,0.006383689387269409,41,205,2087,5,5.0,2292
12441,809467583,2.7095695313579236,2459284.6927725924,0.004166666666666667,0.1,1611.0340670754974,1611034.0670754975,1.0002266288980939,1297715.3826389092,260.87274773515963,6.175555250834533,4.165354951325059,1,1,2206,1,1.0,2207
12461,809394467,10.150561700018478,2459283.2552470826,0.009183673469387756,0.22040816326530616,8.76474318201792,8764.74318201792,0.7074154940504961,76.82072304672961,6.12709713118516,2.0230165139114193,1.3645059449018073,2,2,2290,1,1.0,2292
12475,815909285,12.432813075795126,2459289.576114429,0.11454081632653063,2.748979591836735,0.008087116158730916,8.087116158730916,0.17534452957670782,0.0010791238881193103,20.432091131736037,0.0022737244613940037,0.001533606138806154,2,33,2259,16,16.5,2292
12510,807698932,0.3478288738142049,2459283.179294701,0.034268707482993196,0.8224489795918367,0.006994425405612748,6.9944254056127475,0.07076542517558257,0.005405879536392256,22.794265733020534,0.0045616564334951095,0.003076795112299413,45,221,2071,4,5.0,2292
12516,808927661,3.5392172411798257,2459284.845689259,0.004166666666666667,0.1,2091.803020440457,2091803.0204404572,1.0002275571766854,2187819.93816191,594.4239122979182,3.519042516903443,2.3735616598566325,1,1,2197,1,1.0,2198
12518,809057410,0.2585050620665716,2459283.1073899395,0.009183673469387756,0.22040816326530616,0.9371754764686929,937.175476468693,0.11450025071634072,34.6927660109257,5.9111460025082625,1.409168008108673,0.9504708000193397,60,79,2212,1,1.0,2291
12536,805292169,5.746961656131777,2459283.0927130687,0.01921768707482993,0.46122448979591835,0.0070618315520714695,7.061831552071469,0.3785429693160749,0.0001745431270444125,5.346069362625258,0.0034948761080487423,0.0023572616403944036,3,7,2285,2,2.0,2292
12554,809420689,0.34101424850069306,2459283.002696062,0.009183673469387756,0.22040816326530616,0.41166039901278606,411.66039901278606,0.127756203553534,5.338124949634037,4.860521630845042,0.6722433041896122,0.4534218967959074,47,63,2229,1,1.0,2292
12560,809420461,2.4181873497803776,2459283.3305532048,0.009183673469387756,0.22040816326530616,0.6333102433515356,633.3102433515356,0.3339897172968622,1.8048683895029158,4.8539221379136475,0.391421756689169,0.26401035794494065,7,9,2283,1,1.0,2292
12609,815925114,0.7945619701437246,2459283.181709667,0.079421768707483,1.906122448979592,0.007074584552419185,7.074584552419185,0.06978868845530563,0.00570567111118341,44.14853816378451,0.002419647140792681,0.0016320296376586274,20,228,2064,11,11.0,2292
12616,814774467,0.38210514068743107,2459282.9462674903,0.034268707482993196,0.8224489795918367,0.017130757488814992,17.130757488814993,0.07240312257519473,0.03081359947476205,29.847214210761607,0.008317300869858622,0.005609942580506289,42,210,2082,5,5.0,2292
12646,809058855,2.6044383976907945,2459283.8602725924,0.004166666666666667,0.1,330.074589743589,330074.589743589,1.0002332905665705,54474.6173971993,522.5597772613288,0.6316494382201958,0.4260417093081046,1,1,2143,1,1.0,2144
12667,809079156,0.9354506756844992,2459283.5290225926,0.004166666666666667,0.1,0.9072261234702317,907.2261234702316,0.3169201858649594,4.11529619553412,5.5352603922981745,0.5182955632878438,0.34958556811536745,10,10,2281,1,1.0,2291
12668,808811210,12.998818834395253,2459292.151930756,0.01921768707482993,0.46122448979591835,2.276261213071478,2276.2612130714783,0.44770219347753915,12.953412775334094,6.723537157604489,0.7570233773776623,0.5106052727489966,2,5,2287,2,2.5,2292
12703,809070971,2.312892554708073,2459284.483605926,0.004166666666666667,0.1,2981.162575778144,2981162.575778144,1.0002259121230674,4443665.151610089,387.14598338828915,7.7003577557155705,5.193820150894085,1,1,2213,1,1.0,2214
12719,814765245,1.541689095206219,2459283.8068797356,0.14965986394557823,3.5918367346938775,0.2285276338219427,228.5276338219427,0.07212942387614713,5.535837218547128,766.2815325031287,0.004342284699270654,0.002928830904674662,10,212,2059,20,21.0,2271
12745,808863359,2.9038633031012635,2459285.6165225925,0.004166666666666667,0.1,1311.927597597589,1311927.597597589,1.0002257081622243,860577.0106690908,486.6674738768128,2.6957371676120467,1.818249809531935,1,1,2215,1,1.0,2216
12748,809066810,3.2058389024349596,2459285.3757572863,0.009183673469387756,0.22040816326530616,1.374764473047986,1374.764473047986,0.408783932448616,5.66993206906472,4.8662697530001475,0.6920026316662065,0.46674938059234217,5,6,2285,1,1.0,2291
12832,809883075,1.9452068362832247,2459283.7344392594,0.004166666666666667,0.1,4370.261329522785,4370261.329522785,1.0002263211526092,9549592.04416113,406.02211870800375,10.763604070214994,7.259951484024683,1,1,2209,1,1.0,2210
12848,809881978,3.6820817916293156,2459285.541105926,0.004166666666666667,0.1,7396.676903213952,7396676.903213952,1.000220628794742,27355414.60526937,1756.0200955520907,4.212182378749171,2.8410780916964598,1,1,2266,1,1.0,2267
12889,809872252,0.7985020786689354,2459283.514439259,0.004166666666666667,0.1,1.9940145926601685,1994.0145926601685,0.3785432224045509,13.916329685095942,6.1532030878244575,0.8573854377164472,0.5782985550495394,7,7,2284,1,1.0,2291
12904,814743540,0.5090763324418187,2459283.214014089,0.04430272108843538,1.063265306122449,0.004733724757228822,4.733724757228822,0.07452160157265436,0.0022072027826043057,16.76696921365265,0.003962611982023289,0.002672745165265944,31,197,2095,5,6.0,2292
12908,816736865,0.8947184771617529,2459283.362211368,0.0844387755102041,2.0265306122448985,0.03897663122376979,38.97663122376979,0.07119912949220913,0.16559037818935834,329.79305075597256,0.0017449823826905103,0.001176974492574201,18,218,2074,12,12.0,2292
12950,809874232,1.8605069658541238,2459284.0631892593,0.004166666666666667,0.1,6.494992410103214,6494.992410103215,0.7074156288890605,42.18492640729836,7.315721558737148,1.2555571285935962,0.8468616812313479,2,2,2289,1,1.0,2291
13064,814704166,1.55701699568773,2459283.621939259,0.15467687074829933,3.712244897959184,0.008717817851147587,8.717817851147588,0.0709089559088274,0.00836003828943663,41.61173896072958,0.0031074436768658772,0.002095942045640009,10,220,2072,20,22.0,2292
13119,809789125,4.146217333804293,2459286.351105926,0.004166666666666667,0.1,2.5710761784276706,2571.0761784276706,0.7074154940504961,6.610432715278235,5.885833577212863,0.6177631007957567,0.4166755030323464,2,2,2290,1,1.0,2292
13130,814709447,0.22956750827289302,2459283.0696518444,0.01921768707482993,0.46122448979591835,0.010699645459391604,10.699645459391604,0.07504187896446876,0.011104794056797897,22.664163956831608,0.006575526750974411,0.004435132032223399,69,194,2098,2,3.0,2292
13197,805622491,0.6616701629054358,2459283.5109783746,0.059353741496598646,1.4244897959183676,0.02573737472780103,25.737374727801033,0.07368150343896683,0.06690365824580437,30.178287975821764,0.01215115795203644,0.008195843755589127,26,203,2089,1,8.5,2292
13199,816904583,7.323249638104342,2459284.0469052456,0.04430272108843538,1.063265306122449,0.916867783604906,916.867783604906,0.2781403575280856,5.464202461981722,6.362481280467781,0.5195793371930298,0.3504514617516727,2,13,2278,6,6.5,2291
13234,809699570,1.6936125001937465,2459284.2065225923,0.004166666666666667,0.1,0.3738191696382734,373.81916963827337,0.35417230291049984,0.5589630863561929,5.405813809097467,0.1955894739429651,0.13192329282541826,8,8,2283,1,1.0,2291
13268,816195303,4.378074044793059,2459286.5427725925,0.004166666666666667,0.1,0.014138190917388648,14.138190917388648,0.7074154940504961,0.00019988844241653085,6.76887538872232,0.002953876411449975,0.0019923623441588934,2,2,2290,1,1.0,2292
13296,809996540,6.5034709898525485,2459286.6640225924,0.25,6.0,0.12903905721685766,129.03905721685766,0.1679929475266774,0.29971940917347833,437.47582680103005,0.0017697762844694918,0.0011936977502154944,1,36,2253,36,36.0,2289
13316,816901276,10.665294166649886,2459284.5340225925,0.014200680272108843,0.3408163265306122,1.2361353858497932,1236.1353858497932,0.5004368720798488,3.056061384300034,5.60579949567805,0.4410201923214795,0.2974640444634288,2,4,2288,2,2.0,2292
13321,809841233,7.581266667123832,2459287.0823049056,0.01921768707482993,0.46122448979591835,13.91581022593909,13915.81022593909,0.44770978293261604,484.1244356108773,13.517231209542555,2.302002321689928,1.552679294273525,2,5,2252,2,2.5,2257
13358,809735623,0.6917928004947898,2459283.430485178,0.06437074829931973,1.5448979591836736,0.013033730945816268,13.033730945816268,0.07179226385943972,0.018176961233368365,84.09596478485138,0.002267255588103118,0.0015292429435472266,23,214,2078,9,9.0,2292
13377,816903210,3.887984016493029,2459282.9915225925,0.004166666666666667,0.1,49.26702956239118,49267.02956239118,0.7074176656953844,2427.2402019015262,80.98409419930948,0.8603430349359135,0.5802934270443232,2,2,2274,1,1.0,2276
13381,816903601,1.652238238048505,2459284.0136059257,0.004166666666666667,0.1,0.062251139732950926,62.251139732950925,0.5004368720798488,0.007750408796102763,4.745852579409447,0.026233912112245673,0.017694531304630834,4,4,2288,1,1.0,2292
13382,810864117,11.206128589018785,2459292.935451164,0.1998299319727891,4.795918367346938,0.004919536329465991,4.919536329465991,0.17803827558662363,0.0003872294031509715,13.264244547286287,0.0020980538990865755,0.0014151179678177361,2,32,2234,3,16.0,2266
13383,809675073,7.396059416679779,2459287.7370327967,0.034268707482993196,0.8224489795918367,10.849913278642369,10849.913278642369,0.33399347260908013,529.7427816932699,11.105875317857766,2.930857668065887,1.9768364144515629,2,9,2270,4,4.5,2279
13398,816903371,9.14905572598271,2459288.3757572863,0.09948979591836736,2.3877551020408165,93.51731362143532,93517.31362143531,0.3169492539864359,43727.43973484946,241.46528342093953,1.2247214486253553,0.8260633000305918,1,10,2189,10,10.0,2199
13399,809838577,0.40950456636279803,2459283.0312419804,0.02423469387755102,0.5816326530612245,0.01794678208125973,17.94678208125973,0.08552951708677575,0.023512350056272446,4.804986873383559,0.0451305692773397,0.03044015194748395,40,146,2146,1,4.0,2292
13413,809838347,4.715277396198465,2459284.097594021,0.039285714285714285,0.9428571428571428,1.3787653202246686,1378.7653202246686,0.23663328018996466,17.108944274288095,6.593468080246707,0.8871819464932262,0.5983960248841402,3,18,2274,6,6.0,2292
13437,807452507,13.128056695706167,2459292.7796178306,0.1647108843537415,3.9530612244897965,0.006991134452955796,6.991134452955795,0.14895963543822308,0.001124147101604027,19.910602676025277,0.002381453820754349,0.0016062685962190404,2,46,2223,23,23.0,2269
13466,809681538,0.7828579131385726,2459283.3997368785,0.0744047619047619,1.7857142857142856,0.007017352308581275,7.017352308581275,0.07164235088404161,0.0052936475929457275,49.571768660930495,0.0020756689877867696,0.0014000195519943137,20,215,2077,10,11.0,2292
13475,807337502,2.324361827106112,2459282.978988579,0.2299319727891156,5.518367346938774,0.01818674190394798,18.18674190394798,0.06965639658809548,0.03787174303375358,87.7013745757645,0.003131236903777139,0.002111990357329785,7,228,2062,30,33.0,2290
13514,816448312,11.31754302681275,2459292.8189630685,0.19481292517006804,4.6755102040816325,0.006583624026390869,6.583624026390869,0.14740649684014767,0.0010185864750404713,20.21438480220407,0.002232818499572449,0.001506015445550013,2,47,2212,19,23.5,2259
13539,811125554,0.4476387996815415,2459283.081105926,0.04430272108843538,1.063265306122449,0.04040827168516224,40.40827168516224,0.06951828636648674,0.18777526836691671,17.5897779977155,0.03483965416024875,0.023499024794448098,36,230,2062,6,6.0,2292
13541,816926788,6.407673559247075,2459286.8978151097,0.01921768707482993,0.46122448979591835,32.13530631985446,32135.30631985446,0.5777321567426972,1549.0168684063167,92.13779216417002,0.604095040215451,0.40745652247096387,1,3,2267,3,3.0,2270
13543,816926812,2.9038633031012635,2459284.880689259,0.004166666666666667,0.1,2934.6995283115275,2934699.5283115273,1.000222890897675,4306230.660735951,5731.583897718556,0.5120224323122406,0.34535439923933675,1,1,2243,1,1.0,2244
13547,858971490,8.707500533261518,2459285.2565225926,0.039285714285714285,0.9428571428571428,2.026885429265249,2026.885429265249,0.2894338090558209,24.64958726020664,5.537025503441812,1.2680702093303475,0.8553016385608712,2,12,2280,6,6.0,2292
13559,872355384,9.285837979777545,2459284.8256552457,0.009183673469387756,0.22040816326530616,3.157135675248977,3157.135675248977,0.5777284875526205,14.951258507894721,6.553778845312163,0.8343765520606367,0.5627792742888417,2,3,2289,1,1.5,2292
13562,858968706,0.42603468638474157,2459283.2102725925,0.004166666666666667,0.1,0.1695749511373211,169.5749511373211,0.20956856552196282,0.33069013661208563,5.045145689103346,0.16119512623492047,0.10872462311811715,23,23,2269,1,1.0,2292
13576,859267560,3.1120892029193277,2459283.853563409,0.21989795918367347,5.277551020408163,0.03127137753923972,31.27137753923972,0.08196976974452216,0.07823192425613332,233.58960831106822,0.0016933763331344793,0.0011421666890155668,5,160,2132,32,32.0,2292
13583,872354225,2.179596703398872,2459284.2015225925,0.004166666666666667,0.1,551.1538173554956,551153.8173554955,1.0002200462123674,151885.2651927675,561.4120752232418,0.981727756989076,0.6621663004108161,1,1,2272,1,1.0,2273
13604,872102312,3.3684061981807982,2459283.9855021844,0.21989795918367347,5.277551020408163,0.009536172844506871,9.536172844506872,0.08196976974452216,0.0072750874016248215,17.18118751558161,0.007020708276966292,0.004735402857794613,5,160,2132,32,32.0,2292
13639,872374411,4.905614959435461,2459285.9273219123,0.01921768707482993,0.46122448979591835,0.3250669645909856,325.0669645909856,0.30223748132515155,0.5811769230761841,4.981585372700353,0.2164220971091433,0.1459747046466635,4,11,2281,2,3.0,2292
13657,860038991,0.34955370279234216,2459282.949694361,0.034268707482993196,0.8224489795918367,0.007177646311501864,7.1776463115018645,0.06978868845530563,0.005873121149323861,18.20413635495171,0.005953596504679071,0.00401564582805819,46,228,2064,3,5.0,2292
13662,859052881,1.2158487077984566,2459284.0612844974,0.01921768707482993,0.46122448979591835,0.8665243039558829,866.5243039558828,0.17278493713909857,12.764694278885864,5.405091624216216,0.9347966479317062,0.6305117010196319,13,34,2258,2,3.0,2292
13696,857136031,0.4281473257545271,2459283.108308307,0.009183673469387756,0.22040816326530616,0.0667100351726649,66.7100351726649,0.1458731165496484,0.10680549102571651,4.642849595332492,0.09954677007837712,0.06714337655360658,37,48,2244,1,1.0,2292
13722,856034606,8.328351049940867,2459283.513189259,0.004166666666666667,0.1,4.585283962380972,4585.283962380971,0.7074154940504961,21.024829015668146,5.523284243391514,1.1740425589520689,0.7918808572454262,2,2,2290,1,1.0,2292
13740,872366927,0.6715624117736959,2459283.4820072865,0.02423469387755102,0.5816326530612245,0.36861907704958047,368.6190770495805,0.11312808248493945,5.503140970577824,5.448859769884553,0.6088561338616565,0.4106678361403322,23,81,2211,3,4.0,2292
13744,872365779,1.234026160369208,2459283.0292947013,0.01921768707482993,0.46122448979591835,0.3749888111711169,374.9888111711169,0.16799119080810546,2.531098953063496,4.830586171514373,0.465768084273995,0.3141562689019257,13,36,2256,2,3.0,2292
13746,857008575,0.4726707870206837,2459283.0368032046,0.04430272108843538,1.063265306122449,0.01742569716675646,17.42569716675646,0.07164235088404161,0.03264290408785669,37.0421835064501,0.006897835187825296,0.004652526094580667,34,215,2077,2,6.0,2292
13763,872366282,1.4745595415925634,2459283.604439259,0.004166666666666667,0.1,0.13440748642591005,134.40748642591004,0.44770219347753915,0.04516343101832799,5.110693593308046,0.058806944859059546,0.03966474090048533,5,5,2287,1,1.0,2292
13765,872158903,13.456800848139817,2459292.5984868784,0.14464285714285716,3.4714285714285715,0.08209737759978225,82.09737759978225,0.21922450199141727,0.07076978379199289,218.60876388725927,0.0017209623279439824,0.001160773187605546,1,21,2271,21,21.0,2292
13775,872366083,11.543706055297235,2459293.097951164,0.04430272108843538,1.063265306122449,2.3447562650370517,2344.756265037052,0.3785429693160749,19.242586798506764,5.603042234346148,1.1071917188703169,0.7467905833470369,1,7,2285,7,7.0,2292
13790,871293807,8.794072918077328,2459284.6845327965,0.1596938775510204,3.83265306122449,0.01237176287947645,12.37176287947645,0.14894417212448896,0.0035203918851578024,55.77824514667954,0.0015043387991309804,0.0010146626191359642,2,46,2246,23,23.0,2292
13795,871263607,0.7599644689095343,2459283.3625344974,0.0744047619047619,1.7857142857142856,0.011079089271637496,11.079089271637496,0.07020140583398292,0.013808949647502719,17.09636475117053,0.009720565833340928,0.006556431831472365,21,225,2067,10,11.0,2292
13851,859041768,4.95438794364651,2459282.963605926,0.004166666666666667,0.1,1081.2203873253773,1081220.3873253772,0.7074313654502274,1169037.5259680387,154.35037290322987,9.906529585312343,6.681862663774682,2,2,2178,1,1.0,2180
13904,859306375,2.0641682940659947,2459284.7486144295,0.2048469387755102,4.916326530612245,0.007884606105857691,7.884606105857691,0.07351738784793083,0.006309951864619631,49.27994364565813,0.0022795956440755825,0.0015375661972720778,7,203,2089,26,29.0,2292
14008,872394225,2.2012668582072634,2459283.737355926,0.004166666666666667,0.1,1.3832059205752096,1383.2059205752096,0.5777284875526205,2.86988792807147,5.838379620918494,0.41035066016989136,0.27677772842971227,3,3,2289,1,1.0,2292
14022,872391247,7.8096474832405445,2459290.511131436,0.22491496598639457,5.3979591836734695,0.23294265088546287,232.94265088546288,0.17534452957670782,0.8953275969255196,9.089664375416953,0.1472170583857004,0.09929654551848133,1,33,2259,33,33.0,2292
14056,871416402,3.6278439891592744,2459284.4477981026,0.2399659863945578,5.759183673469387,0.008188865164648718,8.188865164648718,0.08751407194415049,0.004660497131593411,43.544890646675746,0.002217144078178976,0.0014954431931599732,4,139,2153,34,35.0,2292
14093,856329425,1.1802931310893467,2459284.0114375586,0.014200680272108843,0.3408163265306122,0.6848686953525113,684.8686953525113,0.19359424875267148,6.332109253296988,4.894402925924208,0.7270921876379635,0.490416961849429,13,27,2264,2,2.0,2291
14094,859170253,2.34747127691651,2459283.6101339534,0.004166666666666667,0.1,11766.585542645278,11766585.542645277,1.0002265262233156,69226267.66619444,1654.8794550661812,7.110237248171478,4.795789321577956,1,1,2207,1,1.0,2208
14099,872400086,5.33597952973379,2459285.6743372185,0.014200680272108843,0.3408163265306122,1.086384327110149,1086.384327110149,0.408783932448616,3.5406927185717136,6.4893163299730094,0.4100720523802517,0.2765898100500821,3,6,2285,2,2.0,2291
14144,873176035,1.2098492545885804,2459284.0583083066,0.039285714285714285,0.9428571428571428,0.3030754575670206,303.0754575670206,0.12056017036506472,3.2608430207707912,5.6511174250964915,0.4582240377923546,0.3090678792609973,14,73,2219,1,6.0,2292
14157,871971903,0.6649512817453793,2459283.494855926,0.06437074829931973,1.5448979591836736,0.007282132170196733,7.282132170196733,0.07105352006265103,0.005806724659391452,20.951958798807524,0.005143467299897006,0.0034692211654505645,24,219,2073,6,9.0,2292
14161,859176905,11.89145282713325,2459293.923750484,0.2299319727891156,5.518367346938774,2.086655359384352,2086.655359384352,0.19360647098809897,58.78076294944043,11.479744444806817,0.9444965742180543,0.6370542116673779,1,27,2240,27,27.0,2267
14164,872262971,0.11260524802110923,2459282.9374919804,0.009183673469387756,0.22040816326530616,0.10892805947273766,108.92805947273766,0.07593758269472299,1.1212729422768977,23.036259157047816,0.06500678878919713,0.04384647834156019,142,189,2103,1,1.0,2292
14165,873173377,2.466510963233714,2459285.121939259,0.004166666666666667,0.1,5384.732789516595,5384732.789516595,1.0002314546958433,14497673.607247587,3720.631268686867,1.4472632197753488,0.9761656682688176,1,1,2160,1,1.0,2161
14180,871893535,11.430065177841527,2459283.272296402,0.21488095238095237,5.157142857142857,0.014808345132634931,14.808345132634932,0.18083237180371586,0.003398949826292106,34.36787946944526,0.002399024250980446,0.001618119689046571,1,31,2261,31,31.0,2292
14181,859173456,2.8050346752422795,2459284.5469392594,0.004166666666666667,0.1,4.106840196043141,4106.840196043141,0.5004372541281625,33.73227279167133,6.089768820976007,1.3487671919161417,0.909731007632633,4,4,2286,1,1.0,2290
14207,855911703,10.878423043005194,2459291.737355926,0.004166666666666667,0.1,12.620047916895452,12620.047916895452,0.7074158989198644,159.26560942473722,7.3177609232996135,2.4389212914904,1.6450298742009983,2,2,2287,1,1.0,2289
14233,872323617,0.41768786133127483,2459283.15866545,0.039285714285714285,0.9428571428571428,0.006995247410479747,6.995247410479747,0.07164235088404161,0.005260349780886037,26.95909316660776,0.003804670313451566,0.0025662149692780023,38,215,2077,5,6.0,2292
14248,855652737,0.41768786133127483,2459283.005451164,0.039285714285714285,0.9428571428571428,0.010753144915377941,10.753144915377941,0.07105352006265103,0.012661498750037473,22.214611688949894,0.007163393852451135,0.00483164295996974,39,219,2073,4,6.0,2292
14259,846215211,0.6649512817453793,2459283.024949463,0.06437074829931973,1.5448979591836736,0.006873964969527858,6.873964969527858,0.07076542517558257,0.005221279081453722,31.4592686287084,0.00324829025778454,0.0021909417629735195,24,221,2071,9,9.0,2292
14267,855683892,2.324361827106112,2459284.393444361,0.22491496598639457,5.3979591836734695,0.01999530117405692,19.995301174056923,0.07062291619541151,0.04437913966357787,102.33706192918095,0.0029111963150891323,0.001963575013549934,7,222,2070,29,32.0,2292
14300,873182676,7.287113979723295,2459289.7233083067,0.009183673469387756,0.22040816326530616,2.060303303064547,2060.303303064547,0.5777284875526205,6.367274550928024,5.243931353873622,0.6805104336985139,0.45899799925705786,2,3,2289,1,1.5,2292
14320,860246735,8.57923730591972,2459287.210349123,0.18979591836734694,4.555102040816326,0.048241383111672954,48.24138311167295,0.13648752855291055,0.06399885372449814,214.36001290517336,0.0016690037829324876,0.001125727629119444,2,55,2237,27,27.5,2292
14370,873077422,11.31754302681275,2459292.5737674907,0.2048469387755102,4.916326530612245,0.004603281528932806,4.603281528932806,0.13300077948786526,0.0006145158242038046,21.871143253831356,0.0016029133575642064,0.0010811502479186608,2,58,2233,29,29.0,2291
14386,846198251,2.566074498311785,2459284.570808307,0.14464285714285716,3.4714285714285715,0.007755930539969269,7.7559305399692695,0.08965891221022336,0.003970194263694648,30.20791310583646,0.0029498514983772673,0.0019896475774836553,7,132,2160,6,21.0,2292
14396,873197466,3.8307132329996723,2459285.990689259,0.004166666666666667,0.1,1.481912885995312,1481.9128859953119,0.5777284875526205,3.2940987025184314,6.4058539257091756,0.40068793960997906,0.2702603127006469,3,3,2289,1,1.0,2292
14424,847473488,6.833260390991454,2459285.7123899395,0.13962585034013605,3.351020408163265,0.01399545896099437,13.99545896099437,0.15951191094576656,0.003917457430577552,61.062705846656065,0.0014495763527838982,0.0009777258551085244,2,40,2252,20,20.0,2292
14427,856123949,11.832775942109441,2459288.3369647693,0.014200680272108843,0.3408163265306122,5.526648886188457,5526.648886188456,0.44770326343980765,76.35961977802027,7.40410443898673,1.6690691898157646,1.1257717454578204,2,5,2282,2,2.5,2287
14439,856266575,4.356470986606099,2459284.5313695315,0.029251700680272108,0.7020408163265306,0.6062871049405715,606.2871049405715,0.2781403575280856,2.3892963485119267,5.218459668632062,0.4188974109842786,0.2825424328775655,3,13,2278,4,4.0,2291
14454,859413947,0.2825777908238607,2459283.0356892594,0.004166666666666667,0.1,2.2589582713508847,2258.958271350885,0.17534452957670782,84.19772578312552,5.96311694983265,2.176165152362908,1.4678032863637585,33,33,2259,1,1.0,2292
14462,873196113,3.70034065928579,2459283.213605926,0.004166666666666667,0.1,124.56507994125492,124565.07994125492,0.7074214004595955,15516.459140771229,283.32835035040773,0.6217578482108929,0.41936992325029876,2,2,2247,1,1.0,2249
14505,846348341,0.4966398054157273,2459283.1056892592,0.04931972789115646,1.183673469387755,0.0075443060015260325,7.544306001526032,0.06938447728107587,0.0065738618766584276,24.41659765445802,0.004696130300289661,0.0031674964928434246,33,231,2061,2,7.0,2292
14527,873202308,4.465562864809374,2459286.5522368783,0.11454081632653063,2.748979591836735,0.16655529109333972,166.55529109333972,0.14027543549102886,0.7212572897708653,5.8273463832001,0.20610535319065354,0.1390161562057558,4,52,2240,1,17.0,2292
14540,846348089,0.6649512817453793,2459283.070008987,0.06437074829931973,1.5448979591836736,0.012972999097035866,12.972999097035865,0.07062291619541151,0.018681156318457966,29.31244945550337,0.0065942402198366605,0.004447754094048739,24,222,2070,9,9.0,2292
14555,873199978,2.7095695313579236,2459283.2123559257,0.004166666666666667,0.1,1306.5046579729567,1306504.6579729568,1.0002303882071808,853477.2106525162,336.0993802351478,3.887256968634922,2.6219189050552556,1,1,2170,1,1.0,2171
14564,847480908,2.223152463703705,2459283.9822317082,0.12959183673469388,3.110204081632653,0.0725148056430917,72.5148056430917,0.09415208949929864,0.3128746237285942,318.03961760455746,0.002487247169919604,0.0016776252326450858,7,119,2168,6,19.0,2287
14566,859477634,1.8790046420110376,2459283.791939259,0.004166666666666667,0.1,0.24938349495701276,249.38349495701277,0.44770219347753915,0.15548031889243602,5.435449383519412,0.10259288751379925,0.06919795461607936,5,5,2287,1,1.0,2292
14568,847042714,0.5141377105013923,2459283.0317096673,0.04931972789115646,1.183673469387755,0.02656126369472924,26.56126369472924,0.07006287081314792,0.07972158238388641,27.063217522694075,0.014754466979846056,0.009951751638908712,32,226,2066,3,7.0,2292
14600,873201751,1.0175168042749447,2459283.708605926,0.004166666666666667,0.1,0.4547901314856491,454.7901314856491,0.3339897172968622,0.9307532866353031,5.922130395584544,0.23038506471829842,0.15539259727390964,9,9,2283,1,1.0,2292
14625,858557773,0.6584052343355729,2459282.923376334,0.059353741496598646,1.4244897959183676,0.008182203994348703,8.182203994348702,0.0709089559088274,0.007364330842564946,14.887525790601066,0.008151905123456652,0.0054983846779014245,26,220,2072,7,8.5,2292
14640,856146265,0.11657262220363532,2459282.891573613,0.009183673469387756,0.22040816326530616,0.047213277320649005,47.213277320649006,0.07687256374498008,0.20507660709279887,5.571802703307957,0.11494162425504946,0.07752706343926175,138,184,2107,1,1.0,2291
14648,873255875,2.0641682940659947,2459284.469855926,0.004166666666666667,0.1,0.06351922068134962,63.519220681349616,0.44770219347753915,0.010086728489914983,5.49000083057339,0.02587127027929319,0.01744993273930473,5,5,2287,1,1.0,2292
14671,859483589,8.287255844493787,2459282.991675654,0.009183673469387756,0.22040816326530616,2.969347298378479,2969.347298378479,0.5777284875526205,13.225535067581358,5.66707029228118,0.9075342497717033,0.6121234653795382,2,3,2289,1,1.5,2292
14722,871636380,2.643375853596135,2459284.5477725924,0.11454081632653063,2.748979591836735,0.04851359150384606,48.51359150384606,0.09607844007546433,0.13415340795431654,303.58314173434763,0.001706232466712234,0.0011508380323163592,7,114,2178,16,16.0,2292
14740,856066667,0.8266353725187094,2459283.4755702117,0.079421768707483,1.906122448979592,0.012521210741852435,12.521210741852435,0.07134579624420033,0.017010707950944066,81.15091045887198,0.0022729129097712225,0.00153305875473575,20,217,2075,7,11.0,2292
14762,873257161,9.471400626594729,2459282.9084103475,0.04931972789115646,1.183673469387755,0.28654414553935703,286.54414553935703,0.22458882618035658,0.8210754734288023,5.524923107069791,0.23194248157434197,0.1564430605519641,3,20,2272,6,7.0,2292
14782,873256729,2.223152463703705,2459283.977355926,0.004166666666666667,0.1,603.1868641429145,603186.8641429145,1.0002215084754158,181917.1965372814,656.6687446779601,0.9185557696045455,0.6195573786621783,1,1,2257,1,1.0,2258
14812,856781126,0.5847020861870904,2459282.89119096,0.054336734693877564,1.3040816326530615,0.009703744667362162,9.703744667362162,0.07149353256085755,0.010169567341490838,18.451317107493608,0.007711364249470379,0.0052012439292259405,28,215,2077,4,8.0,2292
14829,859509802,3.6639130200690655,2459283.9356892593,0.004166666666666667,0.1,3.855591635187133,3855.5916351871333,0.7074156288890605,14.86558685732499,7.860119584085677,0.6937082728987737,0.467899819842691,2,2,2289,1,1.0,2291
14830,873261294,7.074013831298388,2459289.820077014,0.029251700680272108,0.7020408163265306,0.4760469016725343,476.04690167253426,0.3339897172968622,1.0197929366640879,5.714468799451277,0.24991661607370014,0.16856644818137068,2,9,2283,4,4.5,2292
14849,873261345,4.378074044793059,2459283.101173953,0.014200680272108843,0.3408163265306122,0.05224196391943555,52.24196391943555,0.31691988276953187,0.01364611397079803,5.241593285332275,0.031517820332998416,0.02125847857345098,5,10,2282,2,2.0,2292
14864,872673819,0.13455398940103938,2459282.877798103,0.009183673469387756,0.22040816326530616,0.02414335154655572,24.14335154655572,0.08269105650875316,0.0457577617761951,19.29580556542711,0.015677776539138752,0.010574515404788043,118,157,2135,1,1.0,2292
14897,856096466,3.081452547234742,2459284.6840225924,0.004166666666666667,0.1,0.587607003441135,587.607003441135,0.5777284875526205,0.517922985739605,4.832470727142341,0.21060969477309108,0.1420542929806361,3,3,2289,1,1.0,2292
14899,873260689,0.40347248205889735,2459282.970094021,0.039285714285714285,0.9428571428571428,0.008306387611225432,8.306387611225432,0.07006287081314792,0.007796556491714884,16.033401836288235,0.007788265276965396,0.005253112961665585,40,226,2066,5,6.0,2292
14910,858585291,2.7095695313579236,2459283.780553205,0.16972789115646258,4.073469387755102,0.01574099012767791,15.74099012767791,0.08081306704851059,0.020441748541471405,116.20466820853542,0.0017400047891849046,0.0011736171517502392,7,165,2127,18,24.0,2292
14914,873274990,9.518367820793292,2459285.688758987,0.09447278911564626,2.26734693877551,0.2802606330795512,280.26063307955116,0.19359374509727786,1.060371303131036,5.36977637190033,0.2711988110317222,0.18292109202193596,2,27,2265,13,13.5,2292
14987,873818219,0.3213610292147654,2459282.9430021844,0.029251700680272108,0.7020408163265306,0.005840408112004305,5.840408112004305,0.0733545362426814,0.0034792574253061006,18.61635300708555,0.004480883716535141,0.003022314661092096,49,204,2088,2,4.0,2292
14994,869696611,3.3352462550780477,2459284.021658647,0.13460884353741495,3.2306122448979586,0.014697610746556651,14.697610746556652,0.10426907534288267,0.010368948559550284,78.24231416892871,0.0018405205495011885,0.001241414103265337,5,96,2196,19,19.0,2292
15013,861752412,1.710450865294682,2459283.627798103,0.16972789115646258,4.073469387755102,0.006197131667318228,6.197131667318228,0.06772475105703753,0.004685341790053565,50.33847628868579,0.001923027837340473,0.00129706450650241,10,244,2048,24,24.0,2292
15051,869966698,0.39361581399628787,2459283.15866545,0.039285714285714285,0.9428571428571428,0.008479871679268404,8.479871679268404,0.06978868845530563,0.00819753750144185,40.8496425654777,0.0031345012191084823,0.002114192107856794,41,228,2064,2,6.0,2292
15087,71620115,1.7707144739870353,2459284.485689259,0.004166666666666667,0.1,554.7257235692437,554725.7235692437,1.0002224941622817,153860.31419471046,113.4231896102426,4.890761099872557,3.298773168671629,1,1,2247,1,1.0,2248
15093,864964328,2.7095695313579236,2459284.9390225927,0.25,6.0,0.005289947227729716,5.289947227729716,0.0776863685758962,0.0025185187504948776,14.622850765424394,0.004853505703508521,0.0032736447480834485,5,180,2085,36,36.0,2265
15113,873858207,1.7794951700898307,2459284.5502725923,0.004166666666666667,0.1,1.0406945303217703,1040.6945303217703,0.408783932448616,3.24913531632495,5.431274199648515,0.4693503740906145,0.31657249028100265,6,6,2285,1,1.0,2291
15136,874646394,0.2273075535451406,2459283.0292947013,0.01921768707482993,0.46122448979591835,0.0024985030741245394,2.4985030741245393,0.07504187896446876,0.000605524208306748,8.240014171165893,0.004223308383366626,0.0028485824790008274,71,194,2098,1,3.0,2292
15154,874646398,10.665294166649886,2459293.4449749733,0.14965986394557823,3.5918367346938775,0.0073117640916984805,7.31176409169848,0.21423408124670468,0.0005880808354591644,8.357616524670886,0.004103468186961845,0.002767751373911942,1,22,2264,22,22.0,2286
15197,873738037,2.7365088229787373,2459283.0052725924,0.004166666666666667,0.1,6.899695689381198,6899.695689381198,0.7074158989198644,47.60580060606548,6.522383648767521,1.4960241141310189,1.0090544409355315,2,2,2287,1,1.0,2289
15206,861537747,1.329072007639274,2459283.2626620485,0.12457482993197279,2.989795918367347,0.004947221030706937,4.947221030706937,0.0691195930991471,0.0028513370254569393,44.586845411150755,0.0016936845590808558,0.0011423745845682287,13,233,2059,17,18.0,2292
15231,873737231,4.125758343526484,2459286.613605926,0.004166666666666667,0.1,1.5077068020838051,1507.706802083805,0.7074154940504961,2.2731798010497744,5.210025612432695,0.40925315271022195,0.2760374697897086,2,2,2290,1,1.0,2292
15284,942528438,2.617353400320823,2459282.9936059257,0.004166666666666667,0.1,2372.5091343245062,2372509.1343245064,1.0002314546958433,2814399.796226609,941.6709268243357,2.5194673284918,1.6993574318709026,1,1,2160,1,1.0,2161
15304,942530438,6.159056213334224,2459286.501939259,0.004166666666666667,0.1,256.73827530195774,256738.27530195774,0.7074202845409823,65914.54200502385,85.26516382605908,4.2582777610442974,2.8721690011090635,2,2,2255,1,1.0,2257
15313,942513795,0.4726707870206837,2459283.116573613,0.009183673469387756,0.22040816326530616,0.5125200991134278,512.5200991134278,0.14894417212448896,6.04156759589047,4.956777508582065,0.7012782859736835,0.4730057237108347,34,46,2246,1,1.0,2292
15321,915410850,0.6849825143969644,2459283.016939259,0.004166666666666667,0.1,0.0685123311856783,68.5123311856783,0.2508771956776304,0.03755151619596854,4.9587404000756035,0.05526591485582406,0.037276348884273613,16,16,2276,1,1.0,2292
15350,915418109,0.9877611310936041,2459283.3102725926,0.004166666666666667,0.1,0.7233692186356998,723.3692186356998,0.31691988276953187,2.6163151323481144,5.066856573842357,0.45146222057168883,0.30450709602838855,10,10,2282,1,1.0,2292
15354,915410285,1.6039211382005887,2459283.2452725926,0.004166666666666667,0.1,0.6272763953329722,627.2763953329722,0.4087836982879843,1.1804270284257816,5.420000697553617,0.2834883576586332,0.1912102776599442,6,6,2286,1,1.0,2292
15392,942529318,3.4018958266328396,2459284.236105926,0.004166666666666667,0.1,458.9766288077229,458976.6288077229,1.0002337267765935,105329.77289585111,459.7419322222245,0.9983353630355134,0.6733679772261658,1,1,2139,1,1.0,2140
15417,915416159,5.523979892032937,2459287.7001450416,0.009183673469387756,0.22040816326530616,0.15063487373719392,150.6348737371939,0.5777284875526205,0.03403629777873053,6.067467039864278,0.04300101722684904,0.029003788767603567,2,3,2289,1,1.5,2292
15424,390093300,2.1263500455199225,2459283.552823613,0.034268707482993196,0.8224489795918367,0.05466235047290881,54.662350472908805,0.15951191094576656,0.05975945118446227,4.913142526550042,0.07036536343843977,0.04746078742643989,8,40,2252,5,5.0,2292
15431,902621556,0.8307345280294022,2459283.4469392593,0.004166666666666667,0.1,0.007990131662465925,7.9901316624659255,0.30223811780053417,0.0003511321219094727,5.097238592487301,0.005198946109565326,0.0035066411099186068,11,11,2279,1,1.0,2290
15463,942531162,4.0449269365851315,2459285.755451164,0.039285714285714285,0.9428571428571428,0.8676544834766128,867.6544834766128,0.2142313564558342,8.281067329667746,5.413008009917768,0.7518297138898907,0.5071021947186637,4,22,2270,4,6.0,2292
15464,941714540,11.373664952401914,2459292.7713695313,0.18979591836734694,4.555102040816326,0.004971227623239953,4.971227623239953,0.13773602304771648,0.0006672538102157266,12.175399956215077,0.0030003871205768764,0.002023733387681692,2,54,2209,26,27.0,2263
15538,937422079,1.4600433853976145,2459283.395349123,0.12959183673469388,3.110204081632653,0.01724888971569638,17.24888971569638,0.07319293316108837,0.030496230133486277,122.98107899754223,0.002008166772503794,0.001354489931541747,11,205,2087,18,19.0,2292
15559,941402161,0.7056171751380312,2459282.8800380705,0.06938775510204082,1.6653061224489796,0.013639872515628617,13.639872515628618,0.07020140583398292,0.020930188752292606,16.342674339468008,0.012519253794363342,0.008444120999840377,23,225,2067,5,10.0,2292
15568,941880997,3.253767550320764,2459283.727355926,0.004166666666666667,0.1,587220.0786545107,587220078.6545106,1.000227453659259,172413710387.50485,45935.5144688966,12.783574657732924,8.622402979720036,1,1,2198,1,1.0,2199
15580,942750230,1.1401236263842294,2459283.1157742934,0.01921768707482993,0.46122448979591835,1.5600184593478759,1560.018459347876,0.15951252929263188,48.6731518701224,5.884518022607635,1.6766747946028053,1.1309016556069105,15,40,2251,2,3.0,2291
15592,938039075,0.21526966172132378,2459282.938971572,0.01921768707482993,0.46122448979591835,0.019654292583871188,19.65429258387119,0.07062291619541151,0.042878325083937956,20.80079608424753,0.014078420981540406,0.009495764860070421,74,222,2070,3,3.0,2292
15644,927877679,3.7371304721926752,2459283.6235123887,0.009183673469387756,0.22040816326530616,0.5421958515072646,542.1958515072646,0.3785429693160749,1.0289171948709068,5.314006033748155,0.2699498976607886,0.18207871149385446,4,7,2285,1,2.0,2292
15654,927867455,13.793777195197887,2459288.4731892594,0.004166666666666667,0.1,0.7298197378787644,729.8197378787644,0.7074154940504961,0.5326368497974284,4.80757570752554,0.21468636880332326,0.14480397194342592,2,2,2290,1,1.0,2292
15680,927902913,0.7524830735354365,2459283.4220583066,0.0744047619047619,1.7857142857142856,0.09490035255376963,94.90035255376964,0.07105352006265103,0.9861654221738599,5.377244646416456,0.26117408832360073,0.1761595091889928,22,219,2073,2,11.0,2292
15711,942865995,2.0337626815527177,2459284.0347368782,0.039285714285714285,0.9428571428571428,0.002869228755556978,2.869228755556978,0.15055650118954553,0.00018523065716358848,5.4063004182400585,0.0035601742656271567,0.0024013046442918906,8,45,2247,5,6.0,2292
15716,941293817,4.443528103994686,2459283.8376195314,0.11454081632653063,2.748979591836735,0.029632499348364955,29.632499348364956,0.12399520690968481,0.029415848090633457,88.7450279151354,0.0027331385924019807,0.0018434767249440043,4,67,2225,16,17.0,2292
15737,928582549,0.9732112117415588,2459283.087185858,0.009183673469387756,0.22040816326530616,0.30370437005522416,303.70437005522416,0.2142313564558342,1.014599788297046,4.848351780422738,0.2938111399808669,0.19817289894837914,17,22,2270,1,1.0,2292
15747,933356168,5.415754681196399,2459283.5150430007,0.04931972789115646,1.183673469387755,0.2736705997955266,273.6705997955266,0.21922450199141727,0.7864037705206545,5.370995295942,0.2334979216970272,0.15749219054163444,3,21,2271,7,7.0,2292
15757,902271829,3.8307132329996723,2459284.6440225923,0.004166666666666667,0.1,5421.0429025995445,5421042.902599544,1.00022489598845,14693853.075912448,653.7851676287561,8.291780191743074,5.592729118941774,1,1,2223,1,1.0,2224
15833,901576275,4.10540030557449,2459284.916939259,0.004166666666666667,0.1,13725.976753795154,13725976.753795154,1.0002200462123674,94201218.92286247,3341.440835462761,4.107801822531514,2.770674371058623,1,1,2272,1,1.0,2273
15885,901593901,2.9038633031012635,2459283.6098559257,0.004166666666666667,0.1,10424.32706677975,10424327.06677975,1.0002268345271321,54333297.39759845,4156.753833516322,2.50780476407512,1.6914911399400516,1,1,2204,1,1.0,2205
15892,941437058,0.5537370770930022,2459282.918359327,0.054336734693877564,1.3040816326530615,0.0290546348059337,29.054634805933702,0.07020140583398292,0.09496932791694458,26.954563170240853,0.016168673160697755,0.01090562063988787,29,225,2067,4,8.0,2292
15953,940901091,4.929941136687029,2459284.9830276947,0.11454081632653063,2.748979591836735,0.007689424032265719,7.689424032265719,0.14299031212600388,0.0014781810486996399,17.48032292682956,0.0031104939533402884,0.0020979994289358483,3,50,2241,16,17.0,2291
15961,939578788,1.526512088731531,2459283.970170552,0.0844387755102041,2.0265306122448985,0.015087172618367561,15.08717261836756,0.09340813688861184,0.013771178045793402,70.1210812974396,0.0023667475705070593,0.001596349366320693,10,121,2171,12,12.0,2292
15966,901752932,2.9038633031012635,2459285.672823613,0.02423469387755102,0.5816326530612245,0.9758557326685865,975.8557326685865,0.23663328018996466,8.570649698839295,4.619674169377839,0.8962115258306049,0.6044863927091629,5,18,2274,3,4.0,2292
15991,940873442,3.793002153819903,2459286.4711059257,0.004166666666666667,0.1,483.4441146180155,483444.1146180155,1.0002227915812427,116859.10597939845,79.10361118421729,6.111530275048581,4.122170696781723,1,1,2244,1,1.0,2245
16033,901752979,0.25094548947744255,2459283.0263950415,0.02423469387755102,0.5816326530612245,0.0224745324282812,22.4745324282812,0.07020140583398292,0.05682426838535962,34.47997425617373,0.009777211082570809,0.006594638528646168,64,225,2067,3,4.0,2292
16041,940873605,1.2649278310105465,2459282.997355926,0.004166666666666667,0.1,0.5970511917481549,597.0511917481549,0.35417203216978954,1.4258805022715682,5.19195992320104,0.32525593621326776,0.21938212344075797,8,8,2284,1,1.0,2292
16150,939871228,0.2559602344402212,2459282.9682317763,0.02423469387755102,0.5816326530612245,0.006583718175326724,6.583718175326724,0.07179387749492393,0.004637951916297637,32.4280058477347,0.0029700097571289477,0.002003244136738802,61,214,2077,3,4.0,2291
16151,940899288,2.918263107001424,2459283.2662674906,0.009183673469387756,0.22040816326530616,0.4598107268151089,459.8107268151089,0.33399000464948786,0.9514165702240742,5.02497298125545,0.27451534278711415,0.1851580620444585,6,9,2282,1,1.5,2291
16155,940899351,6.1895980097016245,2459283.869855926,0.004166666666666667,0.1,18.396067934403185,18396.067934403185,0.5777289837394939,507.6229731707656,7.546994387975327,4.221935605602457,2.84765655308408,3,3,2286,1,1.0,2289
16161,940882697,4.577386550001951,2459286.335689259,0.004166666666666667,0.1,1.4921173504771563,1492.1173504771564,0.7074154940504961,2.226414187594969,4.805232756935695,0.43914055789519424,0.2961962484117053,2,2,2290,1,1.0,2292
16169,902207048,4.738659719246386,2459286.3936994635,0.034268707482993196,0.8224489795918367,0.5839371874406666,583.9371874406665,0.22458882618035658,3.4098263887611617,5.705246240646073,0.457727218294264,0.3087327791004074,4,20,2272,5,5.0,2292
16193,940873143,4.905614959435461,2459283.6400430007,0.009183673469387756,0.22040816326530616,2.0167622263883827,2016.7622263883827,0.5004368720798488,8.134659755574052,5.603592247451834,0.7198104848922514,0.48550552063419095,3,4,2288,1,1.0,2292
16202,940881456,11.950420681651691,2459288.736088919,0.02423469387755102,0.5816326530612245,0.8368181061669844,836.8181061669844,0.35417230291049984,2.8010581712355935,5.705398820356572,0.4148490060881515,0.279811821184508,2,8,2283,4,4.0,2291
16246,940871943,2.832923107795245,2459283.2627725927,0.004166666666666667,0.1,12.334974147146394,12334.974147146393,0.4477041227895655,380.3789680269248,8.876460618456546,3.107301646376009,2.095846247387029,5,5,2278,1,1.0,2283
16257,901913428,0.41562683287903623,2459283.193605926,0.004166666666666667,0.1,0.031100337050061808,31.100337050061807,0.2142313564558342,0.010639540610901919,4.65428812704625,0.031341744871305616,0.021139717301568606,22,22,2270,1,1.0,2292
16268,901913855,0.8473354312714435,2459283.6786059258,0.004166666666666667,0.1,15168.73093150407,15168730.931504069,1.0002291213227454,115045199.03618416,5693.675562418272,2.6641368594352186,1.7969356936700518,1,1,2182,1,1.0,2183
16296,940882460,1.55701699568773,2459283.3261059257,0.004166666666666667,0.1,1.3413673038864082,1341.3673038864083,0.3785429693160749,6.2974318537742215,5.3324170084624765,0.6655376534214303,0.4488989973164915,7,7,2285,1,1.0,2292
16321,901320005,0.6715624117736959,2459283.308180756,0.06437074829931973,1.5448979591836736,0.033440107266439825,33.440107266439824,0.07048141748466372,0.12468384629999668,18.054779650840395,0.02765845399047512,0.01865537163798403,24,223,2069,9,9.0,2292
16354,942242121,0.36727948437722907,2459283.1450259937,0.034268707482993196,0.8224489795918367,0.08953086579060848,89.53086579060849,0.07179226385943972,0.8576880244261065,36.04219748483308,0.03633861820360238,0.0245100621904778,44,214,2078,1,5.0,2292
16363,901916217,2.0137415051158594,2459283.394855926,0.004166666666666667,0.1,184676.23634936198,184676236.349362,1.0002335084678646,17052656136.082703,53121.33349583608,3.4764985025053607,2.344866115274087,1,1,2141,1,1.0,2142
16466,942223726,11.31754302681275,2459292.5408508237,0.2449829931972789,5.8795918367346935,0.009574856565398939,9.574856565398939,0.1213959547251078,0.0032087257386787106,22.552651097856806,0.0035520878291900346,0.002395850417637957,2,70,2216,35,35.0,2286
16472,940882963,0.6682486711404202,2459283.455859327,0.04931972789115646,1.183673469387755,0.23931547159193553,239.31547159193553,0.08014619461643462,4.810839175234722,5.593204539500279,0.554580654274837,0.3740595266928619,24,168,2123,4,7.0,2291
16504,901916323,0.5218242867896513,2459283.133104225,0.009183673469387756,0.22040816326530616,1.3557147775086487,1355.7147775086487,0.16358314459883402,34.92128860115117,5.218404128152274,1.6014833181318568,1.0801856995358539,30,38,2254,1,1.0,2292
16523,901933979,11.373664952401914,2459292.5408508237,0.2449829931972789,5.8795918367346935,0.004833498726412632,4.833498726412632,0.12057885055981535,0.0008293762028072549,27.31045399934528,0.0014912891670781595,0.0010058607629017668,2,71,2199,35,35.5,2270
16532,940876006,0.28118344609714907,2459282.8785634087,0.02423469387755102,0.5816326530612245,0.17047493032156555,170.47493032156555,0.07469364131549452,2.8480467830779777,4.884477794587921,0.48861907554301154,0.3295690513577577,56,196,2096,3,3.5,2292
16540,940875967,3.081452547234742,2459283.8940225923,0.004166666666666667,0.1,2468.5092654906866,2468509.2654906865,1.0002264236415297,3046768.9969066847,501.7311939582816,4.919983639079735,3.3184835013353133,1,1,2208,1,1.0,2209
16553,940875796,0.8947184771617529,2459283.2456552456,0.06938775510204082,1.6653061224489796,0.0020753791932565375,2.0753791932565377,0.07845003488768296,0.0003790334940305898,4.842219672865787,0.005686032065264551,0.0038351760861085604,18,176,2116,6,10.0,2292
16565,940875984,5.496722504923847,2459283.497355926,0.004166666666666667,0.1,2.422735231245485,2422.735231245485,0.5777284875526205,8.80446900107717,5.1104983810007205,0.8211137546594052,0.5538336399969008,3,3,2289,1,1.0,2292
16572,901320845,11.543706055297235,2459294.324583817,0.079421768707483,1.906122448979592,0.00831128657313401,8.31128657313401,0.3022504264198529,0.0003799261647541672,11.820576764776058,0.002331985962846244,0.0015729029831689223,1,11,2241,11,11.0,2252
16630,940879090,2.961892375080792,2459285.088605926,0.004166666666666667,0.1,19501.194840290933,19501194.840290934,1.0002287021184848,190148300.09949484,1387.115540944551,14.05881072243749,9.482537921514563,1,1,2186,1,1.0,2187
16632,901553678,11.261698027838273,2459292.8745327964,0.2098639455782313,5.036734693877551,0.006050376723845762,6.050376723845762,0.15574514784797375,0.000768748228509546,17.359394409886715,0.0022587724979965316,0.0015235211776585267,2,42,2237,12,21.0,2279
16663,901918253,6.568130301789574,2459286.9497368783,0.039285714285714285,0.9428571428571428,2.1073258211908046,2107.3258211908046,0.30223748132515155,24.42452164161624,5.171379582552835,1.3515173172546875,0.9115859417608847,2,11,2281,5,5.5,2292
16678,940936679,0.16399387624379497,2459282.892423953,0.014200680272108843,0.3408163265306122,0.08872705365313974,88.72705365313973,0.07435092446850082,0.7793765149467465,25.44634902111615,0.04906402530658185,0.03309323169201528,97,198,2094,1,2.0,2292
16682,939735293,0.16977180473412648,2459282.9549069465,0.014200680272108843,0.3408163265306122,0.0029189067454884646,2.9189067454884645,0.07521811279107116,0.0008221816008248027,5.263927095183087,0.007703516355542401,0.0051959505972901665,94,193,2099,2,2.0,2292
16760,902206444,0.4565841464200772,2459282.9035123885,0.009183673469387756,0.22040816326530616,0.3765343237025931,376.5343237025931,0.1473839544968238,3.3317852777649755,5.226168161965077,0.49393536306148195,0.33315483816368674,35,47,2245,1,1.0,2292
16769,901552181,3.1275215664861626,2459283.463537899,0.0844387755102041,2.0265306122448985,0.006999004785704551,6.999004785704551,0.12310776840114908,0.001665526311670717,24.66492083991408,0.002339973940558075,0.0015782908003224572,6,68,2224,7,12.0,2292
16848,940874737,3.3851095976342407,2459285.695638239,0.014200680272108843,0.3408163265306122,0.5627140427373197,562.7140427373197,0.3339897172968622,1.4249119225220015,5.536058662695895,0.30493573696885,0.2056763368196749,4,9,2283,2,2.0,2292
16891,940093187,0.15919813413442632,2459282.920825314,0.014200680272108843,0.3408163265306122,0.005169294490167774,5.169294490167774,0.07319450229296227,0.002738964566423088,19.65878937286873,0.0037648825738856844,0.002539378506600354,100,205,2086,2,2.0,2291
16929,901262075,8.044908125573683,2459290.83286613,0.13460884353741495,3.2306122448979586,0.01175105105571198,11.751051055711981,0.22458925765569754,0.0013808720091394965,29.027148407530166,0.0018104533451743505,0.00122113405178359,1,20,2271,20,20.0,2291
16936,940005984,0.3764766554130119,2459283.1244647694,0.034268707482993196,0.8224489795918367,0.010055227884694214,10.055227884694213,0.07303256340472714,0.010414083604752603,21.00189881520993,0.006871743906575678,0.0046349277664748945,42,206,2086,4,5.0,2292
17026,902201624,2.6961994997758505,2459285.4356892593,0.004166666666666667,0.1,2.571873415427805,2571.873415427805,0.5777284875526205,9.921799297476426,5.40811857801887,0.8236904131988344,0.5555715723720723,3,3,2289,1,1.0,2292
17033,901934062,2.832923107795245,2459285.318605926,0.004166666666666667,0.1,7.600229735326347,7600.229735326347,0.7074154940504961,57.76349202973879,5.301730591601306,2.0273282059780082,1.36741414135843,2,2,2290,1,1.0,2292
17050,940808338,2.7365088229787373,2459284.443189259,0.004166666666666667,0.1,2441.39117018322,2441391.17018322,0.707424796395423,5960390.845848592,513.642988998894,6.721883833478092,4.533848531956085,2,2,2223,1,1.0,2225
17056,902204236,7.506633634010313,2459284.6814715723,0.009183673469387756,0.22040816326530616,4.841022123408656,4841.022123408657,0.5777284875526205,35.153242798998086,5.988099930375896,1.4002599114578254,0.9444623711438186,2,3,2289,1,1.5,2292
17127,940095432,0.4388687091994922,2459283.0486654495,0.039285714285714285,0.9428571428571428,0.00818552395119549,8.18552395119549,0.07224870030442151,0.007068795648515276,28.69850474380575,0.004143128866344188,0.0027945021356698962,37,211,2081,5,6.0,2292
17198,940803127,3.592130036272254,2459286.338189259,0.004166666666666667,0.1,9452.240242197964,9452240.242197964,1.0002249971903823,44672422.79811332,1530.9430054032412,6.17412941490157,4.164393238163746,1,1,2222,1,1.0,2223
17254,901253644,11.373664952401914,2459292.744311708,0.13460884353741495,3.2306122448979586,0.00569961522473909,5.69961522473909,0.16152605340562068,0.0006334694673465138,10.36896224311362,0.0034327529443726056,0.002315360140545397,2,39,2224,19,19.5,2263
17258,901935336,2.105417401896344,2459283.001505586,0.029251700680272108,0.7020408163265306,0.3791765732413534,379.1765732413534,0.1868813792635081,2.0847356685783036,5.520507994011472,0.369880514641811,0.24948098923634898,7,29,2263,4,4.0,2292
17272,902204051,2.9038633031012635,2459284.582355926,0.004166666666666667,0.1,51062.39513510379,51062395.13510379,1.0002290163776733,1303684098.4667356,4521.4186489818585,11.293445508878529,7.617324638391023,1,1,2183,1,1.0,2184
17336,942156300,6.471380426565233,2459285.4082402796,0.14965986394557823,3.5918367346938775,0.12628233054044846,126.28233054044846,0.12584963299050342,0.5182848777186302,1009.2112622014495,0.0010088281175658356,0.0006804452431983243,3,65,2205,21,22.0,2270
17351,902204103,4.509960729073031,2459283.968784497,0.04931972789115646,1.183673469387755,0.16685299775219856,166.85299775219855,0.2142313564558342,0.30623915144784697,4.732238027378067,0.16537839510670313,0.11154619931654064,3,22,2270,7,7.0,2292
17355,940786334,1.329072007639274,2459283.5377725926,0.004166666666666667,0.1,0.006511120137902598,6.511120137902598,0.35417230291049984,0.00016957874180080298,4.995528997235804,0.003686542270241087,0.002486538695697482,8,8,2283,1,1.0,2291
17387,940800242,5.362439817572197,2459283.9902725928,0.004166666666666667,0.1,2.4566257472748068,2456.6257472748066,0.5777284875526205,9.052515093260254,6.1388572295089645,0.6931258458021143,0.4675069781479255,3,3,2289,1,1.0,2292
17393,901968813,8.57923730591972,2459291.3403151096,0.15467687074829933,3.712244897959184,18.744457624998688,18744.45762499869,0.243467509048927,2986.5148790706576,52.63652852385757,1.4682841146667613,0.9903440676290041,1,17,2208,17,17.0,2225
17514,940799927,4.762157991576861,2459286.7763100076,0.014200680272108843,0.3408163265306122,0.9412173422908512,941.2173422908512,0.3785432224045509,3.1006152990016864,4.691491288972169,0.5307964704562669,0.3580173144855436,4,7,2284,1,2.0,2291
17540,942213169,2.0641682940659947,2459283.1261399393,0.17474489795918366,4.193877551020408,0.008047461512170818,8.047461512170818,0.07401358978103505,0.006476163678987064,43.21988509636752,0.002633239118477894,0.001776095452905635,8,200,2092,24,25.0,2292
17565,940837339,3.0210810654181173,2459285.8452725927,0.004166666666666667,0.1,17511.633585347106,17511633.585347105,1.0002272469066944,153328655.4137284,1420.6067709391573,12.326869013703375,8.314359243021297,1,1,2200,1,1.0,2201
17572,940075652,0.3839999403115271,2459282.9777725926,0.004166666666666667,0.1,0.005246487477003157,5.246487477003157,0.20520132498171262,0.0003303075701562114,5.632343813517509,0.004563363916001353,0.003077946793471842,24,24,2268,1,1.0,2292
17575,940837870,0.20897444018480893,2459283.034439259,0.004166666666666667,0.1,0.09809850834043624,98.09850834043624,0.1522238896655974,0.21171298144961,5.060474886192386,0.12858711957904084,0.08673082394377502,44,44,2248,1,1.0,2292
17582,902216536,3.9266394316891384,2459286.4725174904,0.034268707482993196,0.8224489795918367,0.19200119939023835,192.00119939023836,0.2590479511960758,0.27648345425467546,5.360332036679841,0.13872600477018868,0.09356940831659832,3,15,2277,5,5.0,2292
17605,901970448,2.084690827621505,2459283.054439259,0.004166666666666667,0.1,1.1832808540994888,1183.2808540994888,0.5004368720798488,2.8003071593568314,4.940186791750066,0.4790429609161845,0.3231100505302742,4,4,2288,1,1.0,2292
17661,901969369,7.506633634010313,2459289.3063695314,0.009183673469387756,0.22040816326530616,656.8299004782823,656829.9004782822,0.5777405905429579,647138.2772434653,157.72017435971014,7.213172088969055,4.865217920524117,2,3,2218,1,1.5,2221
17691,901969404,0.27567453072591497,2459282.9270327967,0.02423469387755102,0.5816326530612245,0.27661400135230996,276.61400135230997,0.07351894706434098,7.7663035330297765,5.337289578613541,0.7384165323775228,0.4980551277333892,59,203,2088,2,3.0,2291
17696,901967303,9.518367820793292,2459292.198189259,0.004166666666666667,0.1,0.25691267397200673,256.91267397200676,0.7074154940504961,0.06600412204744663,4.957744813829112,0.07328521364457481,0.049430199409533804,2,2,2290,1,1.0,2292
17748,902219473,2.7365088229787373,2459284.421105926,0.004166666666666667,0.1,0.49826832269363935,498.26832269363933,0.7074154940504961,0.24827132139993272,5.511595160972871,0.12785006864144516,0.08623368989710317,2,2,2290,1,1.0,2292
17750,901911125,12.998818834395253,2459292.5408508237,0.2449829931972789,5.8795918367346935,0.005508571963790437,5.508571963790437,0.12056101149502675,0.0010772249603491601,19.066998009401267,0.0024343660381320807,0.0016419573979037372,2,71,2220,35,35.5,2291
17764,901813735,1.0904793820670455,2459283.7320498032,0.04931972789115646,1.183673469387755,0.008742982495343613,8.742982495343613,0.09814477637884464,0.004165965988806724,35.26457272769314,0.0025884169293151687,0.0017458633004958646,15,109,2183,7,7.0,2292
17798,940778545,0.8947184771617529,2459283.384855926,0.004166666666666667,0.1,0.9490496683318972,949.0496683318972,0.30223779942343243,4.953824001284862,5.510593951989346,0.5711982564296593,0.38526794579094786,11,11,2280,1,1.0,2291
17810,901109844,11.31754302681275,2459292.5737674907,0.2048469387755102,4.916326530612245,0.005775153537305185,5.775153537305185,0.1330000258804613,0.000967219553004009,11.608035583245554,0.0037889493597973965,0.0025556113313081052,2,58,2234,29,29.0,2292
17878,901811159,11.261698027838273,2459292.8745327964,0.2098639455782313,5.036734693877551,0.005978732719551706,5.978732719551706,0.15576399571225838,0.000750650143568601,19.264452804165682,0.002011301169796165,0.0013566040535519797,2,42,2208,12,21.0,2250
17882,901969602,1.4745595415925634,2459284.3036059258,0.004166666666666667,0.1,0.926564429956893,926.564429956893,0.44770219347753915,2.1463041071533553,5.138329900316027,0.40321682163489114,0.27196602025825656,5,5,2287,1,1.0,2292
17900,940818735,3.4187652959153554,2459283.775247082,0.02423469387755102,0.5816326530612245,2.7925069420985587,2792.5069420985587,0.2434401155342421,66.28380768418346,5.688736594691264,2.0239645290111747,1.3651453723264366,5,17,2275,3,3.0,2292
17902,901108374,0.29690724052177797,2459283.1536144293,0.029251700680272108,0.7020408163265306,0.016494338733817372,16.494338733817372,0.06992530189296996,0.030879174365180565,16.37559005318718,0.01514231132712628,0.010213349067264454,54,226,2066,1,4.0,2292
17921,901127819,1.0585900334415956,2459282.9476280347,0.10450680272108842,2.508163265306122,0.007221553106549088,7.221553106549088,0.07020140583398292,0.005866968292954738,14.715028714856327,0.007361405723175576,0.004965200137040049,15,225,2067,15,15.0,2292
17946,902221272,4.085142721811703,2459286.600221572,0.014200680272108843,0.3408163265306122,0.11717714864642798,117.17714864642798,0.3785429693160749,0.04805669457717478,5.8419923957031905,0.0530677846972412,0.035793730404182655,3,7,2285,2,2.0,2292
17949,902523006,5.003645842390909,2459283.137355926,0.004166666666666667,0.1,1689.5968990946944,1689596.8990946945,1.000227453659259,1427368.8407152034,2154.196873750731,0.784327987698214,0.529021980101318,1,1,2198,1,1.0,2199
17960,902523054,3.3851095976342407,2459283.679439259,0.004166666666666667,0.1,71.75129018574917,71751.29018574917,1.0002270405296596,2574.1238216597926,89.21964991794947,0.8042095015137919,0.5424318774543315,1,1,2202,1,1.0,2203
17989,940777959,7.004374398773712,2459285.8234443613,0.014200680272108843,0.3408163265306122,103.2959260820104,103295.9260820104,0.5777324938387022,16005.072517710234,38.87680651299858,4.6020701862201765,3.104053815068243,2,3,2265,1,1.5,2268
17999,901367568,11.658476781868245,2459294.2482402795,0.15467687074829933,3.712244897959184,0.007630018283491002,7.630018283491002,0.2142493289325456,0.0006403889690704767,11.082571296344907,0.0032292107172304115,0.002178072789174701,1,22,2231,22,22.0,2253
18000,940817348,8.00521153374646,2459284.7246348374,0.009183673469387756,0.22040816326530616,1.0099009783637252,1009.9009783637251,0.5004368720798488,2.0397999722000186,5.323849553312024,0.3793874970548163,0.25589336102442756,3,4,2288,1,1.0,2292
18002,902432913,11.373664952401914,2459292.5408508237,0.2449829931972789,5.8795918367346935,0.004200766710909912,4.200766710909912,0.12139427875030483,0.0006176254335821109,21.303789154229413,0.0016497598443024383,0.001112747770337541,2,70,2218,35,35.0,2288
18008,940772790,0.7867399830758334,2459283.6080702115,0.0744047619047619,1.7857142857142856,0.005578219818745339,5.578219818745339,0.07164235088404161,0.0033450276572211525,27.723527176740813,0.0029503013019861247,0.001989950965861409,20,215,2077,10,11.0,2292
18009,902403015,3.849709140725094,2459283.458605926,0.004166666666666667,0.1,1239.7427412095133,1239742.7412095133,1.0002210188998146,768481.0321908391,302.4580615905559,4.098891379155171,2.7646643593384406,1,1,2262,1,1.0,2263
18022,940820782,9.194424462240063,2459284.2259273543,0.14965986394557823,3.5918367346938775,1.4615691020313402,1461.5691020313402,0.15573749026057593,44.85986904026666,5.615568232074629,1.6867483345617829,1.137696165224459,2,42,2249,21,21.0,2291
18029,940772701,0.7867399830758334,2459283.6006297353,0.0744047619047619,1.7857142857142856,0.03205896659256313,32.05896659256313,0.07164235088404161,0.11048606394068099,153.56535599294264,0.0030610857669468505,0.002064674063770977,20,215,2077,10,11.0,2292
18123,940819592,0.3802196907148286,2459283.244226674,0.009183673469387756,0.22040816326530616,0.09892712328966823,98.92712328966823,0.13897680557277214,0.25934425664278427,5.059762694152322,0.1423387562052145,0.09600617577580906,42,53,2239,1,1.0,2292
18124,901628970,0.3530290626337037,2459282.9154256536,0.034268707482993196,0.8224489795918367,0.005488904688592434,5.488904688592434,0.07006287081314792,0.0034044724388910767,18.675623372835865,0.0044183976796336915,0.0029801684066057543,46,226,2066,2,5.0,2292
18134,901118795,1.117786448795456,2459283.1049749735,0.10952380952380952,2.6285714285714286,0.0038703106427891674,3.8703106427891676,0.07105352006265103,0.0016402338396497372,12.823884005546851,0.004466304210190194,0.003012480918784699,14,219,2073,15,16.0,2292
18191,901944613,11.373664952401914,2459292.5408508237,0.2449829931972789,5.8795918367346935,0.005889912633818385,5.889912633818384,0.12224156927734654,0.001196841943773463,24.912527679848857,0.001963882969376605,0.0013246209155379773,2,69,2221,34,34.5,2290
18199,902417797,2.8189444034355815,2459283.617168851,0.04430272108843538,1.063265306122449,0.03189333928826648,31.89333928826648,0.16358314459883402,0.019326516728173163,5.346444010920777,0.03677280579548628,0.024802917709082883,6,38,2254,6,6.0,2292
18219,940819065,4.313584136996732,2459283.2019817764,0.009183673469387756,0.22040816326530616,2.684269172745562,2684.2691727455617,0.4087836982879843,21.61590297525643,5.107426519444628,1.2873586688867924,0.8683115262962312,5,6,2286,1,1.0,2292
18293,902419599,2.0137415051158594,2459284.2856892594,0.004166666666666667,0.1,24910.866341561563,24910866.341561563,1.0002320993416423,310275630.9435724,2619.083803627741,9.511290286724337,6.4152774090950615,1,1,2154,1,1.0,2155
18363,57649982,0.36910076589069984,2459282.9691076265,0.014200680272108843,0.3408163265306122,0.0048113270004573995,4.8113270004574,0.10870861432080353,0.0010185501702345374,16.441075375275915,0.0027452126425435426,0.001851620560193945,43,88,2203,2,2.0,2291
18422,901831278,11.373664952401914,2459292.768903545,0.17976190476190476,4.314285714285714,0.006383028307082669,6.383028307082669,0.14163450082885068,0.0010389477844099755,25.530453701561466,0.0017854731586538924,0.0012042851468055393,2,51,2210,25,25.5,2261
18448,901835764,11.261698027838273,2459292.8745327964,0.2098639455782313,5.036734693877551,0.004257246407842324,4.257246407842325,0.1557607110023123,0.00038060708651881385,15.151039150268247,0.0018210044726843662,0.001228250689791155,2,42,2213,12,21.0,2255
18467,940809944,11.48674508317701,2459283.124042746,0.06437074829931973,1.5448979591836736,5.59637246229818,5596.37246229818,0.3339943453298966,140.93723131546227,11.35787116523407,1.4781922723586853,0.9970270284356437,1,9,2267,9,9.0,2276
18501,901948470,3.6820817916293156,2459286.527355926,0.004166666666666667,0.1,2560.112039976689,2560112.039976689,1.0002236886282312,3277086.8286168026,493.76544257279613,5.184874880342098,3.497150195833062,1,1,2235,1,1.0,2236
18606,940826955,2.643375853596135,2459283.550043001,0.009183673469387756,0.22040816326530616,0.0073588233670006655,7.3588233670006655,0.3785429693160749,0.00018953298471350254,5.46232191854654,0.0035643480668959534,0.0024041198346795856,6,7,2285,1,1.0,2292
18700,901836508,2.0641682940659947,2459284.76874198,0.17474489795918366,4.193877551020408,0.006447295824736706,6.447295824736706,0.07928210139482707,0.0035748156168433926,34.10876540297155,0.002478995971810617,0.0016720598757659633,7,172,2120,22,25.0,2292
18744,900969272,0.7828579131385726,2459283.585748783,0.0744047619047619,1.7857142857142856,0.028511754732598787,28.51175473259879,0.07194328434087267,0.08657599681974408,29.99486536030473,0.013872886441619056,0.009357133712140198,20,213,2079,9,11.0,2292
18771,901956100,1.761977105129712,2459283.188206266,0.009183673469387756,0.22040816326530616,0.4625889813043958,462.5889813043958,0.27814001126338433,1.390925676557551,4.77562554521061,0.34925022403197986,0.23556604885470112,9,13,2279,1,1.0,2292
18777,940546108,1.074416402299278,2459283.833818511,0.009183673469387756,0.22040816326530616,1.2551795591064623,1255.1795591064622,0.22458882618035658,15.75475725598693,5.420789896815406,1.03551949865429,0.6984483331001552,14,20,2272,1,1.0,2292
18797,902434707,3.7556623176453927,2459284.3219392593,0.004166666666666667,0.1,1895.2621244046638,1895262.124404664,0.7074346767669742,3592018.5202028793,284.18248912804677,9.431634612002535,6.3615503925553325,2,2,2156,1,1.0,2158
18862,902434632,6.098423990976037,2459286.6364545655,0.01921768707482993,0.46122448979591835,0.6512772833579439,651.2772833579439,0.35417230291049984,1.6966483992724142,4.891381040340866,0.37659923011278,0.25401270073707005,3,8,2283,2,3.0,2291
18872,901947174,11.31754302681275,2459288.8936229325,0.04430272108843538,1.063265306122449,1.130117951995611,1130.117951995611,0.27814001126338433,8.301582805247902,5.155398633735481,0.790375005451343,0.5331006376981944,2,13,2279,6,6.5,2292
18877,940549153,13.657985713988824,2459286.445655246,0.009183673469387756,0.22040816326530616,5.0623014736171585,5062.301473617159,0.5777284875526205,38.440344314679685,5.495203536782422,1.595603019405118,1.0762194923817066,2,3,2289,1,1.5,2292
18881,940548249,8.044908125573683,2459283.576998783,0.01921768707482993,0.46122448979591835,10.609261265736937,10609.261265736937,0.40878746959884654,337.6692738139983,11.13705046278841,2.333407461496139,1.5738617708728848,2,6,2270,3,3.0,2276
18885,940548474,10.612667608006548,2459284.8626620485,0.01921768707482993,0.46122448979591835,7.55106365853724,7551.06365853724,0.5777284875526205,85.52784356292271,6.622015802431014,1.9750520533297502,1.332154359456192,1,3,2289,3,3.0,2292
18909,940688058,0.15530898869297644,2459282.995349123,0.009183673469387756,0.22040816326530616,0.21835815704187067,218.35815704187067,0.08841245991863313,3.242259362777113,4.972225228068584,0.5121392741305085,0.3454332079660789,103,136,2156,1,1.0,2292
18918,902461234,8.246363418192377,2459283.5078151096,0.01921768707482993,0.46122448979591835,7.049785946501484,7049.785946501484,0.35417257388828655,198.79792756595933,6.657385965913513,2.995140419502956,2.0201945362895968,3,8,2282,2,3.0,2290
18930,902461244,5.718603993427717,2459283.557355926,0.004166666666666667,0.1,14.02528472591821,14025.28472591821,0.7074154940504961,196.70861164307465,7.609129070592414,2.6067040907736243,1.7581978219166494,2,2,2290,1,1.0,2292
18963,902413288,11.31754302681275,2459292.5737674907,0.2048469387755102,4.916326530612245,0.007097200227150688,7.0972002271506875,0.13300153376626886,0.0014607372808637656,28.645100951757527,0.0018869078767742705,0.0012727019268678474,2,58,2232,29,29.0,2290
18990,940688198,3.253767550320764,2459283.3177725924,0.004166666666666667,0.1,269.7247181955729,269724.7181955729,1.0002223951990135,36375.71180284061,105.77368724026094,2.550017166206028,1.719963015112659,1,1,2248,1,1.0,2249
19049,901942826,7.287113979723295,2459285.2490225923,0.009183673469387756,0.22040816326530616,12.521279655988954,12521.279655988954,0.5777296473507199,235.17366633522425,8.256596971026829,2.6266865896512646,1.7716758327608693,2,3,2282,1,1.5,2285
19084,940692911,7.694609811204144,2459287.4940225924,0.004166666666666667,0.1,142883.84302184696,142883843.02184695,0.7074333140052383,20415792596.691803,31425.13299898437,6.430148399117832,4.337075677268199,2,2,2165,1,1.0,2167
19095,940693336,2.7637159525068764,2459282.9781892593,0.004166666666666667,0.1,7.027877658773327,7027.877658773326,0.7074156288890605,49.39106438668526,6.848220357420546,1.4513142657517686,0.9788980613461276,2,2,2289,1,1.0,2291
19100,940963895,4.785772788164239,2459283.4931892594,0.004166666666666667,0.1,0.012622505596173275,12.622505596173275,0.7074156288890605,0.00015932764752542563,4.94583690887877,0.003609281691677409,0.002434427149384466,2,2,2289,1,1.0,2291
19116,901942763,4.95438794364651,2459283.420689259,0.014200680272108843,0.3408163265306122,1.55656897893107,1556.56897893107,0.4087836982879843,7.268720958511541,5.122006946088297,0.7443956613018642,0.5020879949425767,3,6,2286,2,2.0,2292
19145,902461974,3.1586162531346837,2459285.632355926,0.004166666666666667,0.1,5223.076270495048,5223076.270495049,1.0002276607883793,13640262.863704232,1976.4227610193984,2.6426918235859076,1.782471215153047,1,1,2196,1,1.0,2197
19156,901216465,0.5455804190100705,2459283.276981776,0.054336734693877564,1.3040816326530615,0.007014508970715783,7.014508970715783,0.07006287081314792,0.005559976979328498,39.70525931323892,0.002655849480130842,0.001791345932908972,29,226,2066,7,8.0,2292
19168,902463785,3.5567676658773775,2459285.374439259,0.004166666666666667,0.1,44835.15456643685,44835154.56643685,1.0002275571766854,1005095542.4981416,4310.389255782631,10.40164864606786,7.01581589509501,1,1,2197,1,1.0,2198
19188,902464023,2.832923107795245,2459283.94494096,0.009183673469387756,0.22040816326530616,0.6589516383152342,658.9516383152342,0.31691988276953187,2.171086308191656,4.825756124265217,0.431805501835819,0.2912488208794139,6,10,2282,1,2.0,2292
19189,940701636,4.187440176246962,2459282.8661657497,0.004166666666666667,0.1,1193.2172406265545,1193217.2406265545,1.0002246938574588,711883.6916642244,508.7278163435375,4.06251205229302,2.74012683953394,3,3,2223,1,1.0,2226
19190,902464022,1.0327291109797325,2459282.9381892593,0.004166666666666667,0.1,0.6232061962522167,623.2061962522167,0.35417203216978954,1.553543852188626,4.731261721614491,0.3725630526286269,0.25129033632040126,8,8,2284,1,1.0,2292
19192,902463816,7.2511566282239075,2459286.8239715723,0.02423469387755102,0.5816326530612245,137.85108093000017,137851.08093000017,0.5004420867353467,38005.84102713891,117.4778284600633,2.346844212852688,1.5829247355002616,2,4,2261,1,2.0,2265
19196,902508811,2.832923107795245,2459284.2861059257,0.004166666666666667,0.1,9358.543735711199,9358543.735711198,1.0002285975569922,43791170.42660966,1070.7894279176644,8.739854439831843,5.894951058837073,1,1,2187,1,1.0,2188
19197,902508830,4.692010450295875,2459283.929073613,0.014200680272108843,0.3408163265306122,4.128369004468709,4128.369004468709,0.3785432224045509,59.65200722970286,6.204099997069689,1.7605515242002014,1.1874757346554712,3,7,2284,2,2.0,2291
19205,940700030,11.89145282713325,2459289.4891246334,0.009183673469387756,0.22040816326530616,9.869657618530425,9869.657618530426,0.577728818199277,146.1152122605235,6.6050587875103055,2.5881296440432737,1.7456695292346376,2,3,2287,1,1.5,2290
19243,901950835,2.8469711303632916,2459285.3531892593,0.004166666666666667,0.1,7932.296267171697,7932296.267171697,1.0002276607883793,31460662.035093017,966.8786657989524,8.204024504581525,5.53353871885979,1,1,2196,1,1.0,2197
19248,902508867,1.4600433853976145,2459284.0677555855,0.06437074829931973,1.5448979591836736,0.06969425266671898,69.69425266671898,0.09857552798303805,0.2622935981577132,5.341977022221344,0.13558349589916852,0.091449815121522,12,108,2184,7,9.0,2292
19251,940702366,3.5043757655854693,2459285.9869392593,0.004166666666666667,0.1,7.935654933063301,7935.654933063301,0.7074154940504961,62.9746192166519,6.451486101129646,1.7395543688276716,1.1733133473814055,2,2,2290,1,1.0,2292
19254,940701885,2.9913403303808273,2459285.7794392593,0.004166666666666667,0.1,806.5756064578745,806575.6064578745,1.0002285975569922,325282.10446644406,227.83397989279203,3.5401901280810315,2.3878255281809198,1,1,2187,1,1.0,2188
19260,901941271,13.523531018643986,2459292.565706266,0.19481292517006804,4.6755102040816325,0.009367830465050565,9.367830465050565,0.19014726352845554,0.0012285874667070128,31.57221168164886,0.0015700483694111576,0.0010589831170991215,1,28,2264,28,28.0,2292
19277,902509215,5.804099542499495,2459288.463605926,0.004166666666666667,0.1,1495.4807101624272,1495480.710162427,1.0002219017002794,1118231.2772339587,279.7504567550494,5.3457668220069285,3.605670323760238,1,1,2253,1,1.0,2254
19296,901105402,0.5620156806651114,2459283.3511654497,0.039285714285714285,0.9428571428571428,0.0017035365735691675,1.7035365735691674,0.0831838843858742,0.00022490785645530294,5.911054648910549,0.0035879991917088486,0.002420072299817111,28,155,2137,5,6.0,2292
19298,901477572,2.2012668582072634,2459283.6116756536,0.21989795918367347,5.277551020408163,0.005603802143818442,5.603802143818442,0.06631842817344186,0.004019532603784214,22.763443620582873,0.003938808020242732,0.0026566896130060247,8,256,2033,32,32.0,2289
19305,940704333,1.9840786893064715,2459283.436939259,0.0744047619047619,1.7857142857142856,0.4204133480125671,420.4133480125671,0.11116501453014137,7.423390093859705,5.160982298305129,0.7465927527285223,0.5035699128075829,8,84,2208,10,10.5,2292
19426,901088897,1.1401236263842294,2459283.4097028645,0.08945578231292517,2.146938775510204,0.03447220181395932,34.472201813959316,0.07824660218114893,0.1051674437643571,83.19114533013676,0.005512880179357347,0.0037183867390782055,14,177,2115,9,13.0,2292
19431,902514685,3.302412751769635,2459283.768605926,0.004166666666666667,0.1,1.4710398755293868,1471.0398755293868,0.5777284875526205,3.2459374730962702,6.235794404736315,0.4085952228382416,0.27559370217067425,3,3,2289,1,1.0,2292
19499,902517639,6.251136709435749,2459285.779855926,0.004166666666666667,0.1,3124.276023703708,3124276.023703708,0.707423940557143,9761100.672289852,718.0924619709772,6.152959067682631,4.150114034589661,2,2,2229,1,1.0,2231
19501,940999907,2.394381742554677,2459285.0156892594,0.004166666666666667,0.1,6302.963305441854,6302963.305441854,0.7074327119626417,39727346.4297465,1364.7366267173402,6.531469893305653,4.405416088834246,2,2,2169,1,1.0,2171
19513,902515987,8.328351049940867,2459283.473818511,0.009183673469387756,0.22040816326530616,1.7107858303975008,1710.7858303975008,0.5004368720798488,5.853576314977732,5.0252190167108495,0.680880106800702,0.4592473403485108,3,4,2288,1,1.0,2292
19532,941000107,8.165182905610632,2459285.0198729327,0.029251700680272108,0.7020408163265306,4.067500618785728,4067.5006187857284,0.3339897172968622,74.45052577720027,6.179905637478037,1.9745450128485966,1.3318123653369733,2,9,2283,4,4.5,2292
19547,902517273,0.8642680770607766,2459282.9202725925,0.004166666666666667,0.1,2.0828391609612824,2082.8391609612822,0.2894341415172923,26.02931382260339,5.689017106176192,1.2682624022566413,0.8554312709136931,12,12,2279,1,1.0,2291
19550,900977960,0.26497837563450277,2459283.016701164,0.02423469387755102,0.5816326530612245,0.017483080133995195,17.483080133995195,0.07255870593874506,0.031941270506542385,19.57637415554853,0.012910968879397817,0.008708329205043719,60,209,2083,2,3.5,2292
19556,941000574,0.15226619194595187,2459282.9765225924,0.004166666666666667,0.1,0.21278958965244726,212.78958965244726,0.12678262118331246,1.4489411028626205,5.218154186793667,0.32622966978014484,0.22003889773380875,64,64,2228,1,1.0,2292
19595,901448387,0.7197178078373555,2459282.879814989,0.06938775510204082,1.6653061224489796,0.01312803260682117,13.128032606821169,0.07020140583398292,0.01938883951414798,21.488119811837628,0.009164156325758928,0.006181138760123384,23,225,2067,5,10.0,2292
19699,902520989,9.331884997836099,2459283.6379596675,0.014200680272108843,0.3408163265306122,0.9628687901565339,962.8687901565339,0.44770219347753915,2.3177907676437686,4.958440555805065,0.4342171785607738,0.29287547454524065,2,5,2287,2,2.5,2292
19703,900910047,0.2825777908238607,2459283.0385123882,0.02423469387755102,0.5816326530612245,0.003616795799352785,3.6167957993527846,0.07469364131549452,0.0012819587617131632,11.893578599438289,0.004257351205744786,0.0028715440481213994,57,196,2096,1,3.0,2292
19754,902558948,1.4173467207096764,2459284.07534062,0.014200680272108843,0.3408163265306122,0.4204021754905075,420.4021754905075,0.20956856552196282,2.032486875307242,5.141635980800847,0.3921277222298782,0.2644865251786579,11,23,2269,2,2.0,2292
19758,941014528,1.8060993757337707,2459284.3315225923,0.004166666666666667,0.1,9.0519730097485,9051.973009748499,0.577728818199277,122.90732305382295,8.028345650207894,1.9528901525584632,1.3172063621735217,3,3,2287,1,1.0,2290
19773,901491717,0.14491746331828845,2459282.879643341,0.014200680272108843,0.3408163265306122,0.0046868835690291,4.6868835690291,0.07048141748466372,0.0024493068512442973,15.109758319640346,0.00463211228755864,0.003124316934816296,109,223,2069,2,2.0,2292
19778,901169630,11.373664952401914,2459292.7713695313,0.18979591836734694,4.555102040816326,0.004509941753326914,4.509941753326914,0.1377271438559532,0.0005491685146968388,10.667723464829878,0.0031066767249107808,0.002095424743633334,2,54,2221,26,27.0,2275
19791,902559317,13.725713528773555,2459288.2103831368,0.01921768707482993,0.46122448979591835,1.2426244245696338,1242.624424569634,0.4087836982879843,4.632346381611041,5.152298120240711,0.5907646861810403,0.3984653218542023,2,6,2286,3,3.0,2292
19933,901881988,2.6303324464287408,2459282.9927725927,0.004166666666666667,0.1,4.216819779938896,4216.819779938895,0.5777284875526205,26.67235358472588,5.1812799448207105,1.4096412822697448,0.9507900190676817,3,3,2289,1,1.0,2292
19965,901882040,2.7774207876171735,2459284.7420838173,0.009183673469387756,0.22040816326530616,1.0309352676594123,1030.9352676594124,0.3785429693160749,3.7198963413639445,4.852757037688406,0.562071893327653,0.37911229821101644,5,7,2285,1,1.0,2292
20013,900916571,2.682895440940533,2459285.3619222525,0.014200680272108843,0.3408163265306122,0.005341592666685661,5.341592666685661,0.31691988276953187,0.00014266306108395014,4.768850306465689,0.0035420694872047853,0.00238909313854363,5,10,2282,2,2.0,2292
20020,902465957,0.6682486711404202,2459282.9283933407,0.06437074829931973,1.5448979591836736,0.034040467594581486,34.040467594581486,0.07034091773984048,0.12978038461446825,18.00234918129757,0.028300254759378998,0.019088260326034667,24,224,2068,9,9.0,2292
20034,901882382,1.0378502531024403,2459283.7316246335,0.02423469387755102,0.5816326530612245,0.562779178857385,562.7791788573851,0.13897752355282994,8.393090710117903,5.044654444512265,0.8121654933050503,0.547798120400007,15,53,2238,3,4.0,2291
20036,900918698,0.29837955708553826,2459282.9781042254,0.029251700680272108,0.7020408163265306,0.001148699361151393,1.1486993611513932,0.06965302004495924,0.00015108392045445134,5.371164318362711,0.0032363514827292448,0.002182889169519253,54,229,2063,4,4.0,2292
20058,900912971,1.1288997916218362,2459283.7431892594,0.004166666666666667,0.1,0.006756534056033676,6.756534056033676,0.3339897172968622,0.0002054283860265429,4.671524428948719,0.004338969532620533,0.0029265948554030308,9,9,2283,1,1.0,2292
20070,901438758,13.456800848139817,2459292.6259273547,0.0744047619047619,1.7857142857142856,0.010512945303760733,10.512945303760732,0.30223748132515155,0.0006078711042792567,16.7213954663799,0.0020852024631680976,0.0014064497930447173,1,11,2281,11,11.0,2292
20101,900906399,1.7020108596687278,2459283.2552725924,0.004166666666666667,0.1,4.981154256288387,4981.154256288387,0.5777286528037157,37.217846587409866,6.4058029400064616,1.3468432190361366,0.908433305703586,3,3,2288,1,1.0,2291
20107,900912139,1.157168956950825,2459283.348002184,0.009183673469387756,0.22040816326530616,0.42564400019499155,425.6440001949915,0.2590479511960758,1.3587961117649547,5.61764220060164,0.2934526737911069,0.19793111681580122,13,15,2277,1,1.0,2292
20127,901884304,2.34747127691651,2459283.1090225927,0.004166666666666667,0.1,6806.925668254064,6806925.668254063,1.0002251998677352,23167118.526568014,550.6988035251851,12.360523801179392,8.33705908618602,1,1,2220,1,1.0,2221
20160,900913484,0.5620156806651114,2459282.8827725924,0.004166666666666667,0.1,0.07667216513911881,76.67216513911882,0.2590479511960758,0.044089656803402294,5.1161667365785,0.05804150528918474,0.039148458983667034,15,15,2277,1,1.0,2292
20225,900915268,7.618860982670576,2459289.0515225925,0.039285714285714285,0.9428571428571428,0.40921030603043435,409.21030603043437,0.30223748132515155,0.9209919100883696,4.993412467083333,0.27179750409086495,0.1833249049580905,2,11,2281,5,5.5,2292
20226,900915672,4.313584136996732,2459283.5540225925,0.004166666666666667,0.1,411.64488876807343,411644.8887680734,1.0002220002247353,84725.75722443977,95.44575182655774,4.31286758069764,2.908989330026737,1,1,2252,1,1.0,2253
20325,900940290,2.312892554708073,2459283.5065225926,0.004166666666666667,0.1,2.523494989127081,2523.494989127081,0.5777284875526205,9.55204044022423,5.111185965558673,0.855148210858696,0.5767895662071334,3,3,2289,1,1.0,2292
20345,901032754,11.373664952401914,2459292.744311708,0.13460884353741495,3.2306122448979586,0.008137816359756791,8.13781635975679,0.16153360395604766,0.0012913690745499427,10.53098125050532,0.00482582255813781,0.0032549727223376568,2,39,2212,19,19.5,2251
20392,900941623,2.0337626815527177,2459283.932355926,0.004166666666666667,0.1,0.7934936095242916,793.4936095242916,0.5777284875526205,0.9444481625338333,5.407328140504269,0.2541682715503046,0.1714341505128184,3,3,2289,1,1.0,2292
20400,900941570,4.146217333804293,2459284.6119392593,0.004166666666666667,0.1,1.4705179311145582,1470.5179311145582,0.5777284875526205,3.243634478594161,5.619640242225326,0.45323395454988974,0.30570211422493576,3,3,2289,1,1.0,2292
20415,901440760,7.543857856019891,2459286.804226674,0.11454081632653063,2.748979591836735,0.05238592976354024,52.38592976354024,0.1868813792635081,0.039792141739263286,176.06303157778845,0.0016023060765427972,0.0010807406424813149,2,29,2263,12,14.5,2292
20433,900986605,1.9939174251787803,2459283.413605926,0.004166666666666667,0.1,6617.537302660448,6617537.3026604485,1.0002313476028637,21895899.97605126,712.8896688045127,9.282694913727383,6.26109194234951,1,1,2161,1,1.0,2162
20451,900986961,3.5043757655854693,2459284.792355926,0.004166666666666667,0.1,17660.339067440527,17660339.06744053,1.0002245929281548,155943787.98848307,1670.502980332652,10.57186923660787,7.130628110486896,1,1,2226,1,1.0,2227
20496,901462234,3.9461110224291622,2459286.7507572863,0.12457482993197279,2.989795918367347,0.03064919884943172,30.64919884943172,0.13897752355282994,0.024893394837968173,97.39798712380573,0.0022909049994908597,0.0015451942529953189,4,53,2238,1,17.0,2291
20506,901878184,7.4327353184415434,2459284.4315225924,0.004166666666666667,0.1,918.4197031633787,918419.7031633788,0.7074229478829572,843494.7511587086,178.23316047263145,7.287317336011475,4.915228204513339,2,2,2236,1,1.0,2238
20508,900986802,0.9447511856944869,2459282.9640225926,0.004166666666666667,0.1,1.2873276287144888,1287.3276287144888,0.3785429693160749,5.80024348278084,5.021678706372799,0.678249039931345,0.4574727100575644,7,7,2285,1,1.0,2292
20532,901860903,4.80950468683409,2459283.1518797353,0.034268707482993196,0.8224489795918367,1.2928191620794982,1292.8191620794983,0.22458882618035658,16.71381385839936,5.912223454900327,0.9779168703875765,0.6595958926126916,4,20,2272,5,5.0,2292
20583,901425915,13.063277943730435,2459292.8561484427,0.15467687074829933,3.712244897959184,0.0071641206123889516,7.164120612388952,0.18085607853683397,0.0007955316743072718,11.172078396651639,0.0035703415264817682,0.002408162367787514,2,31,2218,11,15.5,2249
20648,901861737,5.890873286200508,2459288.164855926,0.004166666666666667,0.1,643.2506793638714,643250.6793638715,1.000218698745097,206885.71825104105,259.65761804145643,2.477303320487101,1.6709181980892358,1,1,2286,1,1.0,2287
20656,901023494,6.535720685223621,2459287.2906892593,0.004166666666666667,0.1,21355.000749215036,21355000.749215037,1.0002198527013482,228018028.49948737,7313.308627439779,2.9200190826201915,1.969525888722644,1,1,2274,1,1.0,2275
20708,901859421,0.23415504841209372,2459283.057798103,0.009183673469387756,0.22040816326530616,0.050634750615977574,50.63475061597757,0.10811975545705152,0.11409256966242974,5.729549883382303,0.08337256707075437,0.05623402608306649,66,89,2203,1,1.0,2292
20748,901025664,11.31754302681275,2459291.818104225,0.009183673469387756,0.22040816326530616,1.0248458356470576,1024.8458356470576,0.5777284875526205,1.5754634802646736,5.066568259911372,0.35035253966895885,0.23630955056587,2,3,2289,1,1.5,2292
20821,901860478,4.97895597849775,2459287.7856892594,0.004166666666666667,0.1,37478.16807235894,37478168.072358936,1.0002249971903823,702306541.0299925,3111.0376637923346,12.046838425823909,8.1254811991258,1,1,2222,1,1.0,2223
20826,901038443,8.36965004008368,2459288.2776450417,0.01921768707482993,0.46122448979591835,2.7410732408341243,2741.073240834124,0.44770219347753915,18.783706279042224,6.263165806185179,0.9786146954241333,0.6600665691515806,2,5,2287,2,2.5,2292
20836,901855214,10.50819224685802,2459283.8852470824,0.009183673469387756,0.22040816326530616,6.4008371528583865,6400.837152858387,0.577728818199277,61.45607438611838,5.881692437937584,1.884929427491919,1.2713674811088083,2,3,2287,1,1.5,2290
20841,901860603,8.00521153374646,2459284.78616545,0.009183673469387756,0.22040816326530616,1.8501412820861443,1850.1412820861442,0.5004368720798488,6.846045527358723,4.798745864014203,0.7710936709361312,0.5200955557373069,3,4,2288,1,1.0,2292
20875,902320503,0.4367031665055427,2459283.0447368785,0.039285714285714285,0.9428571428571428,0.00509944147930411,5.09944147930411,0.0725602948722593,0.0027174497053885417,29.143812196623315,0.0025295856892734456,0.0017061821727191728,37,209,2082,5,6.0,2291
20899,901855968,0.9828871474716938,2459283.4888950414,0.054336734693877564,1.3040816326530615,0.32432963253977587,324.32963253977584,0.09198623520148876,6.574356908961627,5.2512034241940215,0.6905303859826923,0.4657563644831326,16,125,2167,7,8.0,2292
20917,901860218,2.223152463703705,2459284.026105926,0.004166666666666667,0.1,2974.5195251716077,2974519.5251716077,1.0002275571766854,4423883.202813563,390.0558173694512,7.625881714139945,5.143586749048931,1,1,2197,1,1.0,2198
20979,902321854,0.6455058308810783,2459283.14081681,0.06437074829931973,1.5448979591836736,0.0426180896910347,42.6180896910347,0.06872895647796799,0.2143235851317432,18.637978176523802,0.03512781861982304,0.023693389059640524,25,236,2056,9,9.0,2292
20997,901855877,11.04106006983302,2459290.292696062,0.009183673469387756,0.22040816326530616,1.0548339112416936,1054.8339112416936,0.5777286528037157,1.6690118704581736,5.562803685081152,0.3284361683870135,0.22152716065493966,2,3,2288,1,1.5,2291
21162,902310312,0.21957148222427056,2459283.0585719123,0.014200680272108843,0.3408163265306122,0.9204508530887001,920.4508530887001,0.08525797062231684,62.271388311951114,5.971466883399642,1.868866347557259,1.260533082124146,72,147,2145,2,2.0,2292
21169,902395064,13.523531018643986,2459292.562594021,0.18979591836734694,4.555102040816326,0.01907573081860696,19.07573081860696,0.19360390320310697,0.004912427334563343,17.18171056199668,0.005768948589277445,0.003891102515363176,1,27,2245,27,27.0,2272
21380,952218496,1.123329376951793,2459283.2277725926,0.004166666666666667,0.1,1.3668953643080344,1366.8953643080345,0.35417203216978954,7.473611747867176,4.945177776155952,0.7818048410190757,0.5273201409814351,8,8,2284,1,1.0,2292
21382,952218500,2.7637159525068764,2459284.325689259,0.004166666666666667,0.1,408.6788236185086,408678.8236185086,1.000219370409571,83509.19043710403,136.69723717347796,2.98966410784051,2.016500814677263,1,1,2279,1,1.0,2280
21498,952212436,0.6359974006696201,2459283.2348559257,0.004166666666666667,0.1,0.12784536998335955,127.84536998335955,0.2508771956776304,0.13075550900945673,5.108093373318261,0.10011200707579086,0.06752462368527645,16,16,2276,1,1.0,2292
21561,952538545,11.832775942109441,2459293.614957967,0.22491496598639457,5.3979591836734695,0.009476227125705592,9.476227125705591,0.17536324187617885,0.0014816815288763148,23.476120129316232,0.002318815037432861,0.00156401931568384,1,33,2226,33,33.0,2259
21714,951569358,11.373664952401914,2459292.7331042252,0.1596938775510204,3.83265306122449,0.005120271427734187,5.1202714277341865,0.15224098571597985,0.0005767779488607639,12.46753860237839,0.0027241975649198373,0.0018374460845270724,2,44,2222,21,22.0,2266
21822,951583745,11.31754302681275,2459292.819583817,0.2048469387755102,4.916326530612245,0.16845938212529354,168.45938212529353,0.14304582206017924,0.7094640856508917,26.87547416255245,0.044322481804346274,0.029895104414101092,2,50,2164,20,25.0,2214
21869,176868561,0.22175452278580562,2459283.03121647,0.01921768707482993,0.46122448979591835,0.025524439732401236,25.524439732401238,0.07469669159435506,0.06384670831799233,52.36306140369478,0.006824317499289737,0.004602939093005354,72,196,2094,1,3.0,2290
21916,952194141,5.6343678109222015,2459286.7393882386,0.014200680272108843,0.3408163265306122,1.7539233829455514,1753.9233829455513,0.4087836982879843,9.228741699729502,5.612771465764306,0.7654359993735596,0.5162795085481988,3,6,2286,2,2.0,2292
21947,952496445,0.16399387624379497,2459282.957747082,0.014200680272108843,0.3408163265306122,0.008069020656162232,8.069020656162232,0.07419239862389784,0.00647835488778249,22.989059450523403,0.004951378905079974,0.003339659318143784,98,199,2086,2,2.0,2285
21949,952189689,1.2401455030731185,2459283.5462504835,0.01921768707482993,0.46122448979591835,0.45385400165599393,453.85400165599395,0.16799119080810546,3.7077021867448607,4.798529007479994,0.5674914136584631,0.38276771459494346,13,36,2256,2,3.0,2292
21955,952189156,3.2217361560974416,2459285.2335634087,0.01921768707482993,0.46122448979591835,1.062257364499742,1062.257364499742,0.2590479511960758,8.462930313254533,5.137460499392593,0.8008051998803878,0.5401357074601294,5,15,2277,3,3.0,2292
22028,952187686,0.5934436297455239,2459282.8827725924,0.004166666666666667,0.1,0.8343285044273439,834.3285044273439,0.2434401155342421,5.916884453049731,4.981322384812032,0.6905846047439386,0.46579293453658344,17,17,2275,1,1.0,2292
22037,952187663,2.1688417563774456,2459284.3476280347,0.01921768707482993,0.46122448979591835,0.9088163663986133,908.8163663986132,0.2508771956776304,6.607577502671829,4.79543908349244,0.758067280660137,0.511309375866813,6,16,2276,2,3.0,2292
22045,952187299,3.2699024746511505,2459283.334439259,0.004166666666666667,0.1,1.114601168815294,1114.601168815294,0.7074154940504961,1.2423357655244194,4.921610034837177,0.32027813630456425,0.21602464339981403,2,2,2290,1,1.0,2292
22100,952197532,12.069235077816344,2459292.7027725927,0.004166666666666667,0.1,3.0036303026952593,3003.630302695259,0.7074154940504961,9.021794995269214,5.397575854240743,0.7869782334025132,0.5308095463392103,2,2,2290,1,1.0,2292
22103,952197735,2.179596703398872,2459284.188605926,0.004166666666666667,0.1,1321.3232870871611,1321323.287087161,1.0002214103868603,872947.6144994103,510.9338316976113,2.5860947252151565,1.7442969952887877,1,1,2258,1,1.0,2259
22197,952202626,13.999999999999996,2459286.7992266743,0.009183673469387756,0.22040816326530616,270.6203490257364,270620.3490257364,0.7074237983650773,73235.3733068114,108.14582963531164,3.538878652435558,2.3869409499767693,1,2,2230,2,2.0,2232
22221,952240666,3.1742793370658124,2459285.114855926,0.004166666666666667,0.1,17.875092486270418,17875.09248627042,0.7074158989198644,319.5189313927212,8.868654595177517,2.8503983272167384,1.9225673325352344,2,2,2287,1,1.0,2289
22230,952241223,0.7413988471075369,2459283.103886538,0.029251700680272108,0.7020408163265306,0.0025220195071831756,2.5220195071831757,0.10811975545705152,0.00028304591656025483,4.738012067588235,0.005021659739578467,0.0033870630915813216,21,89,2203,4,4.0,2292
22240,952242897,11.658476781868245,2459292.8495327965,0.01921768707482993,0.46122448979591835,3.7996455620443332,3799.645562044333,0.44770219347753915,36.093265992907995,8.061216553893214,1.0539681833796166,0.7108918004718849,2,5,2287,2,2.5,2292
22304,952263197,1.8060993757337707,2459282.8844392593,0.004166666666666667,0.1,0.02160202356625775,21.60202356625775,0.4087836982879843,0.0013999422664714657,5.694005883452146,0.009292918945287132,0.0062679879571611585,6,6,2286,1,1.0,2292
22313,952270515,4.005107051695838,2459286.2306892592,0.004166666666666667,0.1,2.824534898141034,2824.534898141034,0.7074154940504961,7.97799739081658,5.680391298317686,0.7032078162520555,0.47430717405372697,2,2,2290,1,1.0,2292
22330,952272648,1.761977105129712,2459283.027355926,0.004166666666666667,0.1,3.5337525849532336,3533.7525849532335,0.4087836982879843,37.46222199499098,5.595790992993551,1.5468574007168,1.0433410230114664,6,6,2286,1,1.0,2292
22363,952276047,0.7091162203374806,2459283.1901450413,0.06938775510204082,1.6653061224489796,0.1216584738353355,121.6584738353355,0.06951828636648674,1.7020901894334464,5.137143800825553,0.3591571852275196,0.24224820263558589,23,230,2062,10,10.0,2292
22369,952279848,5.389031317839095,2459283.088189259,0.004166666666666667,0.1,1.5834058122095938,1583.4058122095937,0.7074154940504961,2.5071739661391232,5.234761913495038,0.42776997528663563,0.2885268955123672,2,2,2290,1,1.0,2292
22376,952279904,0.2623698221102144,2459282.9981892593,0.004166666666666667,0.1,0.17472540191787145,174.72540191787144,0.17278493713909857,0.5189924232811491,5.723963270352333,0.17799125628000528,0.12005345762849406,34,34,2258,1,1.0,2292
22429,952561721,9.613002073028193,2459285.8169392594,0.004166666666666667,0.1,1.061972147950181,1061.972147950181,0.7074154940504961,1.1277848430219208,5.460590257999684,0.2750353612951342,0.1855088097228748,2,2,2290,1,1.0,2292
22430,952561364,2.5408130306160563,2459283.841105926,0.004166666666666667,0.1,1598.5014625895567,1598501.4625895566,1.0002220002247353,1277603.462950476,297.8615662471254,5.366591879340806,3.619716632497509,1,1,2252,1,1.0,2253
22436,952563586,5.283450004732033,2459284.2840225925,0.004166666666666667,0.1,1.4033496945647124,1403.3496945647123,0.5777284875526205,2.9540855478523076,4.622704881598313,0.5258118426396139,0.3546552290837811,3,3,2289,1,1.0,2292
22446,952596254,4.905614959435461,2459282.952355926,0.004166666666666667,0.1,13.30148945237274,13301.48945237274,0.7074154940504961,176.92962165158326,7.501183989868556,2.5077570165877017,1.6914589347009994,2,2,2290,1,1.0,2292
